{
    "description": "",
    "tags": [],
    "size": {
        "height": 1406,
        "width": 1302
    },
    "objects": [
        {
            "id": 972020658,
            "classId": 10214730,
            "description": "",
            "geometryType": "polygon",
            "labelerLogin": "Yalda2HITL",
            "createdAt": "2022-07-18T14:27:10.199Z",
            "updatedAt": "2022-07-18T14:27:10.199Z",
            "tags": [],
            "classTitle": "Page",
            "points": {
                "exterior": [
                    [
                        467,
                        178
                    ],
                    [
                        457,
                        201
                    ],
                    [
                        427,
                        290
                    ],
                    [
                        369,
                        441
                    ],
                    [
                        302,
                        598
                    ],
                    [
                        178,
                        864
                    ],
                    [
                        46,
                        1131
                    ],
                    [
                        45,
                        1142
                    ],
                    [
                        74,
                        1151
                    ],
                    [
                        80,
                        1159
                    ],
                    [
                        80,
                        1167
                    ],
                    [
                        111,
                        1175
                    ],
                    [
                        119,
                        1186
                    ],
                    [
                        1017,
                        1370
                    ],
                    [
                        1031,
                        1374
                    ],
                    [
                        1045,
                        1374
                    ],
                    [
                        1061,
                        1371
                    ],
                    [
                        1065,
                        1334
                    ],
                    [
                        1095,
                        1157
                    ],
                    [
                        1131,
                        930
                    ],
                    [
                        1259,
                        176
                    ],
                    [
                        1261,
                        169
                    ],
                    [
                        1265,
                        153
                    ],
                    [
                        1264,
                        135
                    ],
                    [
                        1262,
                        124
                    ],
                    [
                        1258,
                        115
                    ],
                    [
                        1256,
                        110
                    ],
                    [
                        1251,
                        106
                    ],
                    [
                        1249,
                        102
                    ],
                    [
                        1194,
                        98
                    ],
                    [
                        1192,
                        102
                    ],
                    [
                        1096,
                        105
                    ],
                    [
                        966,
                        112
                    ],
                    [
                        863,
                        118
                    ],
                    [
                        766,
                        126
                    ],
                    [
                        611,
                        137
                    ],
                    [
                        544,
                        139
                    ],
                    [
                        495,
                        137
                    ],
                    [
                        485,
                        137
                    ],
                    [
                        479,
                        147
                    ]
                ],
                "interior": []
            }
        },
        {
            "id": 972020667,
            "classId": 10214732,
            "description": "",
            "geometryType": "rectangle",
            "labelerLogin": "Yalda2HITL",
            "createdAt": "2022-07-18T14:27:10.199Z",
            "updatedAt": "2022-07-18T14:27:10.199Z",
            "tags": [],
            "classTitle": "Body text",
            "points": {
                "exterior": [
                    [
                        678,
                        150
                    ],
                    [
                        1023,
                        217
                    ]
                ],
                "interior": []
            }
        },
        {
            "id": 972020935,
            "classId": 10214731,
            "description": "",
            "geometryType": "rectangle",
            "labelerLogin": "Yalda2HITL",
            "createdAt": "2022-07-18T14:27:10.199Z",
            "updatedAt": "2022-07-18T14:27:10.199Z",
            "tags": [
                {
                    "id": 151023740,
                    "tagId": 30308107,
                    "name": "Transcription",
                    "value": "\u0639\u0646",
                    "labelerLogin": "Yalda2HITL",
                    "createdAt": "2022-07-18T14:27:10.199Z",
                    "updatedAt": "2022-07-18T14:27:10.199Z"
                }
            ],
            "classTitle": "Title",
            "points": {
                "exterior": [
                    [
                        708,
                        259
                    ],
                    [
                        871,
                        314
                    ]
                ],
                "interior": []
            }
        },
        {
            "id": 972020661,
            "classId": 10214732,
            "description": "",
            "geometryType": "rectangle",
            "labelerLogin": "Yalda2HITL",
            "createdAt": "2022-07-18T14:27:10.199Z",
            "updatedAt": "2022-07-18T14:27:10.199Z",
            "tags": [],
            "classTitle": "Body text",
            "points": {
                "exterior": [
                    [
                        538,
                        226
                    ],
                    [
                        584,
                        254
                    ]
                ],
                "interior": []
            }
        },
        {
            "id": 972020662,
            "classId": 10214731,
            "description": "",
            "geometryType": "rectangle",
            "labelerLogin": "Yalda2HITL",
            "createdAt": "2022-07-18T14:27:10.199Z",
            "updatedAt": "2022-07-18T14:27:10.199Z",
            "tags": [
                {
                    "id": 151023754,
                    "tagId": 30308107,
                    "name": "Transcription",
                    "value": "\u0623\u0634\u064a\u064e\u0627\u0621 \u062a\u0624\u0644\u0645\u0643 ",
                    "labelerLogin": "Yalda2HITL",
                    "createdAt": "2022-07-18T14:27:10.199Z",
                    "updatedAt": "2022-07-18T14:27:10.199Z"
                }
            ],
            "classTitle": "Title",
            "points": {
                "exterior": [
                    [
                        466,
                        282
                    ],
                    [
                        1107,
                        443
                    ]
                ],
                "interior": []
            }
        },
        {
            "id": 972020666,
            "classId": 10214732,
            "description": "",
            "geometryType": "rectangle",
            "labelerLogin": "Yalda2HITL",
            "createdAt": "2022-07-18T14:27:10.199Z",
            "updatedAt": "2022-07-18T14:27:10.199Z",
            "tags": [],
            "classTitle": "Body text",
            "points": {
                "exterior": [
                    [
                        465,
                        480
                    ],
                    [
                        661,
                        503
                    ]
                ],
                "interior": []
            }
        },
        {
            "id": 972020660,
            "classId": 10214732,
            "description": "",
            "geometryType": "rectangle",
            "labelerLogin": "Yalda2HITL",
            "createdAt": "2022-07-18T14:27:10.199Z",
            "updatedAt": "2022-07-18T14:27:10.199Z",
            "tags": [],
            "classTitle": "Body text",
            "points": {
                "exterior": [
                    [
                        428,
                        507
                    ],
                    [
                        671,
                        544
                    ]
                ],
                "interior": []
            }
        },
        {
            "id": 972020665,
            "classId": 10214732,
            "description": "",
            "geometryType": "rectangle",
            "labelerLogin": "Yalda2HITL",
            "createdAt": "2022-07-18T14:27:10.199Z",
            "updatedAt": "2022-07-18T14:27:10.199Z",
            "tags": [],
            "classTitle": "Body text",
            "points": {
                "exterior": [
                    [
                        892,
                        1162
                    ],
                    [
                        960,
                        1187
                    ]
                ],
                "interior": []
            }
        },
        {
            "id": 972020664,
            "classId": 10214732,
            "description": "",
            "geometryType": "rectangle",
            "labelerLogin": "Yalda2HITL",
            "createdAt": "2022-07-18T14:27:10.199Z",
            "updatedAt": "2022-07-18T14:27:10.199Z",
            "tags": [],
            "classTitle": "Body text",
            "points": {
                "exterior": [
                    [
                        889,
                        1194
                    ],
                    [
                        954,
                        1221
                    ]
                ],
                "interior": []
            }
        },
        {
            "id": 972020668,
            "classId": 10214732,
            "description": "",
            "geometryType": "rectangle",
            "labelerLogin": "Yalda2HITL",
            "createdAt": "2022-07-18T14:27:10.199Z",
            "updatedAt": "2022-07-18T14:27:10.199Z",
            "tags": [],
            "classTitle": "Body text",
            "points": {
                "exterior": [
                    [
                        1061,
                        1197
                    ],
                    [
                        1083,
                        1230
                    ]
                ],
                "interior": []
            }
        },
        {
            "id": 972020663,
            "classId": 10214732,
            "description": "",
            "geometryType": "rectangle",
            "labelerLogin": "Yalda2HITL",
            "createdAt": "2022-07-18T14:27:10.199Z",
            "updatedAt": "2022-07-18T14:27:10.199Z",
            "tags": [],
            "classTitle": "Body text",
            "points": {
                "exterior": [
                    [
                        1056,
                        1234
                    ],
                    [
                        1079,
                        1263
                    ]
                ],
                "interior": []
            }
        }
    ]
}