{
    "description": "",
    "tags": [],
    "size": {
        "height": 965,
        "width": 720
    },
    "objects": [
        {
            "id": 972013849,
            "classId": 10214732,
            "description": "",
            "geometryType": "rectangle",
            "labelerLogin": "Yalda2HITL",
            "createdAt": "2022-07-18T14:24:34.489Z",
            "updatedAt": "2022-07-18T14:24:34.489Z",
            "tags": [],
            "classTitle": "Body text",
            "points": {
                "exterior": [
                    [
                        361,
                        184
                    ],
                    [
                        509,
                        238
                    ]
                ],
                "interior": []
            }
        },
        {
            "id": 972013848,
            "classId": 10214732,
            "description": "",
            "geometryType": "rectangle",
            "labelerLogin": "Yalda2HITL",
            "createdAt": "2022-07-18T14:24:34.489Z",
            "updatedAt": "2022-07-18T14:24:34.489Z",
            "tags": [],
            "classTitle": "Body text",
            "points": {
                "exterior": [
                    [
                        120,
                        248
                    ],
                    [
                        172,
                        269
                    ]
                ],
                "interior": []
            }
        },
        {
            "id": 972013657,
            "classId": 10214732,
            "description": "",
            "geometryType": "rectangle",
            "labelerLogin": "Yalda2HITL",
            "createdAt": "2022-07-18T14:24:34.489Z",
            "updatedAt": "2022-07-18T14:24:34.489Z",
            "tags": [],
            "classTitle": "Body text",
            "points": {
                "exterior": [
                    [
                        332,
                        676
                    ],
                    [
                        565,
                        745
                    ]
                ],
                "interior": []
            }
        },
        {
            "id": 972013656,
            "classId": 10214732,
            "description": "",
            "geometryType": "rectangle",
            "labelerLogin": "Yalda2HITL",
            "createdAt": "2022-07-18T14:24:34.489Z",
            "updatedAt": "2022-07-18T14:24:34.489Z",
            "tags": [],
            "classTitle": "Body text",
            "points": {
                "exterior": [
                    [
                        586,
                        810
                    ],
                    [
                        663,
                        839
                    ]
                ],
                "interior": []
            }
        },
        {
            "id": 972013825,
            "classId": 10214732,
            "description": "",
            "geometryType": "rectangle",
            "labelerLogin": "Yalda2HITL",
            "createdAt": "2022-07-18T14:24:34.489Z",
            "updatedAt": "2022-07-18T14:24:34.489Z",
            "tags": [],
            "classTitle": "Body text",
            "points": {
                "exterior": [
                    [
                        284,
                        882
                    ],
                    [
                        357,
                        910
                    ]
                ],
                "interior": []
            }
        },
        {
            "id": 972013835,
            "classId": 10214731,
            "description": "",
            "geometryType": "rectangle",
            "labelerLogin": "Yalda2HITL",
            "createdAt": "2022-07-18T14:24:34.489Z",
            "updatedAt": "2022-07-18T14:24:34.489Z",
            "tags": [
                {
                    "id": 151023301,
                    "tagId": 30308107,
                    "name": "Transcription",
                    "value": "\u0627\u0644\u0625\u0633\u0639\u0627\u0641 \u0627\u0644\u0623\u0648\u0644\u064a",
                    "labelerLogin": "Yalda2HITL",
                    "createdAt": "2022-07-18T14:24:34.490Z",
                    "updatedAt": "2022-07-18T14:24:34.490Z"
                }
            ],
            "classTitle": "Title",
            "points": {
                "exterior": [
                    [
                        263,
                        384
                    ],
                    [
                        485,
                        476
                    ]
                ],
                "interior": []
            }
        },
        {
            "id": 972013863,
            "classId": 10214730,
            "description": "",
            "geometryType": "polygon",
            "labelerLogin": "Yalda2HITL",
            "createdAt": "2022-07-18T14:24:34.489Z",
            "updatedAt": "2022-07-18T14:24:34.489Z",
            "tags": [],
            "classTitle": "Page",
            "points": {
                "exterior": [
                    [
                        32,
                        205
                    ],
                    [
                        305,
                        147
                    ],
                    [
                        533,
                        97
                    ],
                    [
                        606,
                        362
                    ],
                    [
                        719,
                        776
                    ],
                    [
                        718,
                        809
                    ],
                    [
                        685,
                        821
                    ],
                    [
                        189,
                        954
                    ]
                ],
                "interior": []
            }
        },
        {
            "id": 972013654,
            "classId": 10214732,
            "description": "",
            "geometryType": "rectangle",
            "labelerLogin": "Yalda2HITL",
            "createdAt": "2022-07-18T14:24:34.489Z",
            "updatedAt": "2022-07-18T14:24:34.489Z",
            "tags": [],
            "classTitle": "Body text",
            "points": {
                "exterior": [
                    [
                        371,
                        204
                    ],
                    [
                        512,
                        248
                    ]
                ],
                "interior": []
            }
        },
        {
            "id": 972013652,
            "classId": 10214732,
            "description": "",
            "geometryType": "rectangle",
            "labelerLogin": "Yalda2HITL",
            "createdAt": "2022-07-18T14:24:34.489Z",
            "updatedAt": "2022-07-18T14:24:34.489Z",
            "tags": [],
            "classTitle": "Body text",
            "points": {
                "exterior": [
                    [
                        122,
                        282
                    ],
                    [
                        181,
                        309
                    ]
                ],
                "interior": []
            }
        },
        {
            "id": 972013653,
            "classId": 10214732,
            "description": "",
            "geometryType": "rectangle",
            "labelerLogin": "Yalda2HITL",
            "createdAt": "2022-07-18T14:24:34.489Z",
            "updatedAt": "2022-07-18T14:24:34.489Z",
            "tags": [],
            "classTitle": "Body text",
            "points": {
                "exterior": [
                    [
                        113,
                        287
                    ],
                    [
                        194,
                        320
                    ]
                ],
                "interior": []
            }
        },
        {
            "id": 972013650,
            "classId": 10214732,
            "description": "",
            "geometryType": "rectangle",
            "labelerLogin": "Yalda2HITL",
            "createdAt": "2022-07-18T14:24:34.489Z",
            "updatedAt": "2022-07-18T14:24:34.489Z",
            "tags": [],
            "classTitle": "Body text",
            "points": {
                "exterior": [
                    [
                        287,
                        895
                    ],
                    [
                        364,
                        925
                    ]
                ],
                "interior": []
            }
        },
        {
            "id": 972013651,
            "classId": 10214732,
            "description": "",
            "geometryType": "rectangle",
            "labelerLogin": "Yalda2HITL",
            "createdAt": "2022-07-18T14:24:34.489Z",
            "updatedAt": "2022-07-18T14:24:34.489Z",
            "tags": [],
            "classTitle": "Body text",
            "points": {
                "exterior": [
                    [
                        313,
                        692
                    ],
                    [
                        591,
                        768
                    ]
                ],
                "interior": []
            }
        },
        {
            "id": 972013655,
            "classId": 10214732,
            "description": "",
            "geometryType": "rectangle",
            "labelerLogin": "Yalda2HITL",
            "createdAt": "2022-07-18T14:24:34.489Z",
            "updatedAt": "2022-07-18T14:24:34.489Z",
            "tags": [],
            "classTitle": "Body text",
            "points": {
                "exterior": [
                    [
                        288,
                        702
                    ],
                    [
                        621,
                        797
                    ]
                ],
                "interior": []
            }
        }
    ]
}