{
    "description": "",
    "tags": [],
    "size": {
        "height": 3455,
        "width": 2533
    },
    "objects": [
        {
            "id": 972014235,
            "classId": 10214732,
            "description": "",
            "geometryType": "rectangle",
            "labelerLogin": "Yalda2HITL",
            "createdAt": "2022-07-18T14:24:47.280Z",
            "updatedAt": "2022-07-18T14:24:47.280Z",
            "tags": [],
            "classTitle": "Body text",
            "points": {
                "exterior": [
                    [
                        853,
                        657
                    ],
                    [
                        1476,
                        769
                    ]
                ],
                "interior": []
            }
        },
        {
            "id": 972014234,
            "classId": 10214732,
            "description": "",
            "geometryType": "rectangle",
            "labelerLogin": "Yalda2HITL",
            "createdAt": "2022-07-18T14:24:47.280Z",
            "updatedAt": "2022-07-18T14:24:47.280Z",
            "tags": [],
            "classTitle": "Body text",
            "points": {
                "exterior": [
                    [
                        844,
                        788
                    ],
                    [
                        1396,
                        855
                    ]
                ],
                "interior": []
            }
        },
        {
            "id": 972014233,
            "classId": 10214731,
            "description": "",
            "geometryType": "rectangle",
            "labelerLogin": "Yalda2HITL",
            "createdAt": "2022-07-18T14:24:47.280Z",
            "updatedAt": "2022-07-18T14:24:47.280Z",
            "tags": [
                {
                    "id": 151023338,
                    "tagId": 30308107,
                    "name": "Transcription",
                    "value": "\u0627\u0644\u0623\u062f\u0628 \u0627\u0644\u0639\u0631\u0628\u064a",
                    "labelerLogin": "Yalda2HITL",
                    "createdAt": "2022-07-18T14:24:47.280Z",
                    "updatedAt": "2022-07-18T14:24:47.280Z"
                }
            ],
            "classTitle": "Title",
            "points": {
                "exterior": [
                    [
                        858,
                        1337
                    ],
                    [
                        1400,
                        1462
                    ]
                ],
                "interior": []
            }
        },
        {
            "id": 972013973,
            "classId": 10214732,
            "description": "",
            "geometryType": "rectangle",
            "labelerLogin": "Yalda2HITL",
            "createdAt": "2022-07-18T14:24:47.280Z",
            "updatedAt": "2022-07-18T14:24:47.280Z",
            "tags": [],
            "classTitle": "Body text",
            "points": {
                "exterior": [
                    [
                        860,
                        1709
                    ],
                    [
                        1177,
                        1788
                    ]
                ],
                "interior": []
            }
        },
        {
            "id": 972013975,
            "classId": 10214732,
            "description": "",
            "geometryType": "rectangle",
            "labelerLogin": "Yalda2HITL",
            "createdAt": "2022-07-18T14:24:47.280Z",
            "updatedAt": "2022-07-18T14:24:47.280Z",
            "tags": [],
            "classTitle": "Body text",
            "points": {
                "exterior": [
                    [
                        849,
                        1818
                    ],
                    [
                        1109,
                        1874
                    ]
                ],
                "interior": []
            }
        },
        {
            "id": 972014238,
            "classId": 10214732,
            "description": "",
            "geometryType": "rectangle",
            "labelerLogin": "Yalda2HITL",
            "createdAt": "2022-07-18T14:24:47.280Z",
            "updatedAt": "2022-07-18T14:24:47.280Z",
            "tags": [],
            "classTitle": "Body text",
            "points": {
                "exterior": [
                    [
                        866,
                        1927
                    ],
                    [
                        1338,
                        1984
                    ]
                ],
                "interior": []
            }
        },
        {
            "id": 972014237,
            "classId": 10214732,
            "description": "",
            "geometryType": "rectangle",
            "labelerLogin": "Yalda2HITL",
            "createdAt": "2022-07-18T14:24:47.280Z",
            "updatedAt": "2022-07-18T14:24:47.280Z",
            "tags": [],
            "classTitle": "Body text",
            "points": {
                "exterior": [
                    [
                        863,
                        2007
                    ],
                    [
                        1377,
                        2061
                    ]
                ],
                "interior": []
            }
        },
        {
            "id": 972013971,
            "classId": 10214732,
            "description": "",
            "geometryType": "rectangle",
            "labelerLogin": "Yalda2HITL",
            "createdAt": "2022-07-18T14:24:47.280Z",
            "updatedAt": "2022-07-18T14:24:47.280Z",
            "tags": [],
            "classTitle": "Body text",
            "points": {
                "exterior": [
                    [
                        849,
                        2644
                    ],
                    [
                        1987,
                        2707
                    ]
                ],
                "interior": []
            }
        },
        {
            "id": 972013968,
            "classId": 10214732,
            "description": "",
            "geometryType": "rectangle",
            "labelerLogin": "Yalda2HITL",
            "createdAt": "2022-07-18T14:24:47.280Z",
            "updatedAt": "2022-07-18T14:24:47.280Z",
            "tags": [],
            "classTitle": "Body text",
            "points": {
                "exterior": [
                    [
                        859,
                        2564
                    ],
                    [
                        1029,
                        2634
                    ]
                ],
                "interior": []
            }
        },
        {
            "id": 972013970,
            "classId": 10214732,
            "description": "",
            "geometryType": "rectangle",
            "labelerLogin": "Yalda2HITL",
            "createdAt": "2022-07-18T14:24:47.280Z",
            "updatedAt": "2022-07-18T14:24:47.280Z",
            "tags": [],
            "classTitle": "Body text",
            "points": {
                "exterior": [
                    [
                        856,
                        2488
                    ],
                    [
                        963,
                        2573
                    ]
                ],
                "interior": []
            }
        },
        {
            "id": 972013972,
            "classId": 10214732,
            "description": "",
            "geometryType": "rectangle",
            "labelerLogin": "Yalda2HITL",
            "createdAt": "2022-07-18T14:24:47.280Z",
            "updatedAt": "2022-07-18T14:24:47.280Z",
            "tags": [],
            "classTitle": "Body text",
            "points": {
                "exterior": [
                    [
                        509,
                        1319
                    ],
                    [
                        634,
                        1388
                    ]
                ],
                "interior": []
            }
        },
        {
            "id": 972013974,
            "classId": 10214732,
            "description": "",
            "geometryType": "rectangle",
            "labelerLogin": "Yalda2HITL",
            "createdAt": "2022-07-18T14:24:47.280Z",
            "updatedAt": "2022-07-18T14:24:47.280Z",
            "tags": [],
            "classTitle": "Body text",
            "points": {
                "exterior": [
                    [
                        453,
                        1350
                    ],
                    [
                        693,
                        1454
                    ]
                ],
                "interior": []
            }
        },
        {
            "id": 972013976,
            "classId": 10214732,
            "description": "",
            "geometryType": "rectangle",
            "labelerLogin": "Yalda2HITL",
            "createdAt": "2022-07-18T14:24:47.280Z",
            "updatedAt": "2022-07-18T14:24:47.280Z",
            "tags": [],
            "classTitle": "Body text",
            "points": {
                "exterior": [
                    [
                        858,
                        2710
                    ],
                    [
                        1236,
                        2773
                    ]
                ],
                "interior": []
            }
        },
        {
            "id": 972013966,
            "classId": 10214730,
            "description": "",
            "geometryType": "polygon",
            "labelerLogin": "Yalda2HITL",
            "createdAt": "2022-07-18T14:24:47.280Z",
            "updatedAt": "2022-07-18T14:24:47.280Z",
            "tags": [],
            "classTitle": "Page",
            "points": {
                "exterior": [
                    [
                        2170,
                        127
                    ],
                    [
                        2170,
                        1499
                    ],
                    [
                        2176,
                        2378
                    ],
                    [
                        2175,
                        3061
                    ],
                    [
                        1548,
                        3054
                    ],
                    [
                        973,
                        3067
                    ],
                    [
                        147,
                        3075
                    ],
                    [
                        169,
                        2378
                    ],
                    [
                        176,
                        1844
                    ],
                    [
                        182,
                        1540
                    ],
                    [
                        149,
                        810
                    ],
                    [
                        121,
                        120
                    ],
                    [
                        1034,
                        140
                    ]
                ],
                "interior": []
            }
        }
    ]
}