{
    "description": "",
    "tags": [],
    "size": {
        "height": 4000,
        "width": 3000
    },
    "objects": [
        {
            "id": 972014055,
            "classId": 10214731,
            "description": "",
            "geometryType": "rectangle",
            "labelerLogin": "Yalda2HITL",
            "createdAt": "2022-07-18T14:24:47.280Z",
            "updatedAt": "2022-07-18T14:24:47.280Z",
            "tags": [
                {
                    "id": 151023318,
                    "tagId": 30308107,
                    "name": "Transcription",
                    "value": "\u0639\u0642\u064a\u062f\u0629 \u0627\u0644\u0645\u0633\u0644\u0645",
                    "labelerLogin": "Yalda2HITL",
                    "createdAt": "2022-07-18T14:24:47.280Z",
                    "updatedAt": "2022-07-18T14:24:47.280Z"
                }
            ],
            "classTitle": "Title",
            "points": {
                "exterior": [
                    [
                        855,
                        1221
                    ],
                    [
                        2116,
                        1643
                    ]
                ],
                "interior": []
            }
        },
        {
            "id": 972014059,
            "classId": 10214732,
            "description": "",
            "geometryType": "rectangle",
            "labelerLogin": "Yalda2HITL",
            "createdAt": "2022-07-18T14:24:47.280Z",
            "updatedAt": "2022-07-18T14:24:47.280Z",
            "tags": [],
            "classTitle": "Body text",
            "points": {
                "exterior": [
                    [
                        1615,
                        835
                    ],
                    [
                        2354,
                        1071
                    ]
                ],
                "interior": []
            }
        },
        {
            "id": 972014038,
            "classId": 10214732,
            "description": "",
            "geometryType": "rectangle",
            "labelerLogin": "Yalda2HITL",
            "createdAt": "2022-07-18T14:24:47.280Z",
            "updatedAt": "2022-07-18T14:24:47.280Z",
            "tags": [],
            "classTitle": "Body text",
            "points": {
                "exterior": [
                    [
                        1693,
                        733
                    ],
                    [
                        2272,
                        814
                    ]
                ],
                "interior": []
            }
        },
        {
            "id": 972014063,
            "classId": 10214732,
            "description": "",
            "geometryType": "rectangle",
            "labelerLogin": "Yalda2HITL",
            "createdAt": "2022-07-18T14:24:47.280Z",
            "updatedAt": "2022-07-18T14:24:47.280Z",
            "tags": [],
            "classTitle": "Body text",
            "points": {
                "exterior": [
                    [
                        727,
                        2256
                    ],
                    [
                        933,
                        2335
                    ]
                ],
                "interior": []
            }
        },
        {
            "id": 972014061,
            "classId": 10214732,
            "description": "",
            "geometryType": "rectangle",
            "labelerLogin": "Yalda2HITL",
            "createdAt": "2022-07-18T14:24:47.280Z",
            "updatedAt": "2022-07-18T14:24:47.280Z",
            "tags": [],
            "classTitle": "Body text",
            "points": {
                "exterior": [
                    [
                        522,
                        2359
                    ],
                    [
                        1096,
                        2492
                    ]
                ],
                "interior": []
            }
        },
        {
            "id": 972014048,
            "classId": 10214732,
            "description": "",
            "geometryType": "rectangle",
            "labelerLogin": "Yalda2HITL",
            "createdAt": "2022-07-18T14:24:47.280Z",
            "updatedAt": "2022-07-18T14:24:47.280Z",
            "tags": [],
            "classTitle": "Body text",
            "points": {
                "exterior": [
                    [
                        1283,
                        3316
                    ],
                    [
                        1690,
                        3512
                    ]
                ],
                "interior": []
            }
        },
        {
            "id": 972014060,
            "classId": 10214732,
            "description": "",
            "geometryType": "rectangle",
            "labelerLogin": "Yalda2HITL",
            "createdAt": "2022-07-18T14:24:47.280Z",
            "updatedAt": "2022-07-18T14:24:47.280Z",
            "tags": [],
            "classTitle": "Body text",
            "points": {
                "exterior": [
                    [
                        1361,
                        3466
                    ],
                    [
                        1624,
                        3542
                    ]
                ],
                "interior": []
            }
        },
        {
            "id": 972014062,
            "classId": 10214732,
            "description": "",
            "geometryType": "rectangle",
            "labelerLogin": "Yalda2HITL",
            "createdAt": "2022-07-18T14:24:47.280Z",
            "updatedAt": "2022-07-18T14:24:47.280Z",
            "tags": [],
            "classTitle": "Body text",
            "points": {
                "exterior": [
                    [
                        1325,
                        3515
                    ],
                    [
                        1669,
                        3608
                    ]
                ],
                "interior": []
            }
        },
        {
            "id": 972014027,
            "classId": 10214730,
            "description": "",
            "geometryType": "polygon",
            "labelerLogin": "Yalda2HITL",
            "createdAt": "2022-07-18T14:24:47.280Z",
            "updatedAt": "2022-07-18T14:24:47.280Z",
            "tags": [],
            "classTitle": "Page",
            "points": {
                "exterior": [
                    [
                        153,
                        532
                    ],
                    [
                        813,
                        571
                    ],
                    [
                        1589,
                        590
                    ],
                    [
                        2682,
                        538
                    ],
                    [
                        2682,
                        1418
                    ],
                    [
                        2666,
                        2492
                    ],
                    [
                        2663,
                        3727
                    ],
                    [
                        2540,
                        3714
                    ],
                    [
                        1938,
                        3675
                    ],
                    [
                        1427,
                        3727
                    ],
                    [
                        890,
                        3798
                    ],
                    [
                        470,
                        3889
                    ],
                    [
                        328,
                        2349
                    ],
                    [
                        224,
                        1237
                    ]
                ],
                "interior": []
            }
        }
    ]
}