{
    "description": "",
    "tags": [],
    "size": {
        "height": 4000,
        "width": 2629
    },
    "objects": [
        {
            "id": 972014229,
            "classId": 10214731,
            "description": "",
            "geometryType": "rectangle",
            "labelerLogin": "Yalda2HITL",
            "createdAt": "2022-07-18T14:24:47.280Z",
            "updatedAt": "2022-07-18T14:24:47.280Z",
            "tags": [
                {
                    "id": 151023335,
                    "tagId": 30308107,
                    "name": "Transcription",
                    "value": "\u0627\u0644\u0627\u062f\u0628 \u0627\u0644\u0639\u0631\u0628\u064a",
                    "labelerLogin": "Yalda2HITL",
                    "createdAt": "2022-07-18T14:24:47.280Z",
                    "updatedAt": "2022-07-18T14:24:47.280Z"
                }
            ],
            "classTitle": "Title",
            "points": {
                "exterior": [
                    [
                        273,
                        710
                    ],
                    [
                        1849,
                        1307
                    ]
                ],
                "interior": []
            }
        },
        {
            "id": 972013981,
            "classId": 10214732,
            "description": "",
            "geometryType": "rectangle",
            "labelerLogin": "Yalda2HITL",
            "createdAt": "2022-07-18T14:24:47.280Z",
            "updatedAt": "2022-07-18T14:24:47.280Z",
            "tags": [],
            "classTitle": "Body text",
            "points": {
                "exterior": [
                    [
                        1107,
                        1328
                    ],
                    [
                        1844,
                        1414
                    ]
                ],
                "interior": []
            }
        },
        {
            "id": 972013980,
            "classId": 10214732,
            "description": "",
            "geometryType": "rectangle",
            "labelerLogin": "Yalda2HITL",
            "createdAt": "2022-07-18T14:24:47.280Z",
            "updatedAt": "2022-07-18T14:24:47.280Z",
            "tags": [],
            "classTitle": "Body text",
            "points": {
                "exterior": [
                    [
                        1363,
                        1451
                    ],
                    [
                        1855,
                        1526
                    ]
                ],
                "interior": []
            }
        },
        {
            "id": 972013979,
            "classId": 10214732,
            "description": "",
            "geometryType": "rectangle",
            "labelerLogin": "Yalda2HITL",
            "createdAt": "2022-07-18T14:24:47.280Z",
            "updatedAt": "2022-07-18T14:24:47.280Z",
            "tags": [],
            "classTitle": "Body text",
            "points": {
                "exterior": [
                    [
                        1319,
                        1530
                    ],
                    [
                        1865,
                        1590
                    ]
                ],
                "interior": []
            }
        },
        {
            "id": 972013978,
            "classId": 10214732,
            "description": "",
            "geometryType": "rectangle",
            "labelerLogin": "Yalda2HITL",
            "createdAt": "2022-07-18T14:24:47.280Z",
            "updatedAt": "2022-07-18T14:24:47.280Z",
            "tags": [],
            "classTitle": "Body text",
            "points": {
                "exterior": [
                    [
                        1741,
                        3035
                    ],
                    [
                        2044,
                        3097
                    ]
                ],
                "interior": []
            }
        },
        {
            "id": 972013982,
            "classId": 10214732,
            "description": "",
            "geometryType": "rectangle",
            "labelerLogin": "Yalda2HITL",
            "createdAt": "2022-07-18T14:24:47.280Z",
            "updatedAt": "2022-07-18T14:24:47.280Z",
            "tags": [],
            "classTitle": "Body text",
            "points": {
                "exterior": [
                    [
                        854,
                        3105
                    ],
                    [
                        1412,
                        3174
                    ]
                ],
                "interior": []
            }
        },
        {
            "id": 972013984,
            "classId": 10214732,
            "description": "",
            "geometryType": "rectangle",
            "labelerLogin": "Yalda2HITL",
            "createdAt": "2022-07-18T14:24:47.280Z",
            "updatedAt": "2022-07-18T14:24:47.280Z",
            "tags": [],
            "classTitle": "Body text",
            "points": {
                "exterior": [
                    [
                        299,
                        3225
                    ],
                    [
                        700,
                        3298
                    ]
                ],
                "interior": []
            }
        },
        {
            "id": 972013991,
            "classId": 10214730,
            "description": "",
            "geometryType": "polygon",
            "labelerLogin": "Yalda2HITL",
            "createdAt": "2022-07-18T14:24:47.280Z",
            "updatedAt": "2022-07-18T14:24:47.280Z",
            "tags": [],
            "classTitle": "Page",
            "points": {
                "exterior": [
                    [
                        36,
                        3415
                    ],
                    [
                        109,
                        3433
                    ],
                    [
                        211,
                        3426
                    ],
                    [
                        291,
                        3473
                    ],
                    [
                        908,
                        3437
                    ],
                    [
                        1763,
                        3415
                    ],
                    [
                        1814,
                        3375
                    ],
                    [
                        1872,
                        3400
                    ],
                    [
                        2142,
                        3393
                    ],
                    [
                        2190,
                        3368
                    ],
                    [
                        2204,
                        3324
                    ],
                    [
                        2183,
                        3280
                    ],
                    [
                        2131,
                        2203
                    ],
                    [
                        2095,
                        1228
                    ],
                    [
                        2066,
                        637
                    ],
                    [
                        2044,
                        578
                    ],
                    [
                        1956,
                        586
                    ],
                    [
                        1259,
                        607
                    ],
                    [
                        368,
                        604
                    ],
                    [
                        329,
                        609
                    ],
                    [
                        164,
                        623
                    ],
                    [
                        121,
                        624
                    ],
                    [
                        97,
                        643
                    ],
                    [
                        59,
                        647
                    ],
                    [
                        26,
                        660
                    ],
                    [
                        39,
                        971
                    ],
                    [
                        46,
                        1586
                    ],
                    [
                        50,
                        2018
                    ],
                    [
                        60,
                        2459
                    ],
                    [
                        66,
                        2896
                    ]
                ],
                "interior": []
            }
        },
        {
            "id": 972013983,
            "classId": 10214732,
            "description": "",
            "geometryType": "rectangle",
            "labelerLogin": "Yalda2HITL",
            "createdAt": "2022-07-18T14:24:47.280Z",
            "updatedAt": "2022-07-18T14:24:47.280Z",
            "tags": [],
            "classTitle": "Body text",
            "points": {
                "exterior": [
                    [
                        299,
                        3225
                    ],
                    [
                        700,
                        3298
                    ]
                ],
                "interior": []
            }
        },
        {
            "id": 972013977,
            "classId": 10214732,
            "description": "",
            "geometryType": "rectangle",
            "labelerLogin": "Yalda2HITL",
            "createdAt": "2022-07-18T14:24:47.280Z",
            "updatedAt": "2022-07-18T14:24:47.280Z",
            "tags": [],
            "classTitle": "Body text",
            "points": {
                "exterior": [
                    [
                        299,
                        3225
                    ],
                    [
                        700,
                        3298
                    ]
                ],
                "interior": []
            }
        }
    ]
}