{
    "description": "",
    "tags": [],
    "size": {
        "height": 4000,
        "width": 3000
    },
    "objects": [
        {
            "id": 972014042,
            "classId": 10214731,
            "description": "",
            "geometryType": "rectangle",
            "labelerLogin": "Yalda2HITL",
            "createdAt": "2022-07-18T14:24:47.280Z",
            "updatedAt": "2022-07-18T14:24:47.280Z",
            "tags": [
                {
                    "id": 151023317,
                    "tagId": 30308107,
                    "name": "Transcription",
                    "value": "\u0627\u0644\u062a\u0631\u0628\u064a\u0629 \u0627\u0644\u0648\u0637\u0646\u064a\u0629",
                    "labelerLogin": "Yalda2HITL",
                    "createdAt": "2022-07-18T14:24:47.280Z",
                    "updatedAt": "2022-07-18T14:24:47.280Z"
                }
            ],
            "classTitle": "Title",
            "points": {
                "exterior": [
                    [
                        1042,
                        465
                    ],
                    [
                        2126,
                        719
                    ]
                ],
                "interior": []
            }
        },
        {
            "id": 972014045,
            "classId": 10214732,
            "description": "",
            "geometryType": "rectangle",
            "labelerLogin": "Yalda2HITL",
            "createdAt": "2022-07-18T14:24:47.280Z",
            "updatedAt": "2022-07-18T14:24:47.280Z",
            "tags": [],
            "classTitle": "Body text",
            "points": {
                "exterior": [
                    [
                        994,
                        756
                    ],
                    [
                        2140,
                        975
                    ]
                ],
                "interior": []
            }
        },
        {
            "id": 972014044,
            "classId": 10214732,
            "description": "",
            "geometryType": "rectangle",
            "labelerLogin": "Yalda2HITL",
            "createdAt": "2022-07-18T14:24:47.280Z",
            "updatedAt": "2022-07-18T14:24:47.280Z",
            "tags": [],
            "classTitle": "Body text",
            "points": {
                "exterior": [
                    [
                        1805,
                        999
                    ],
                    [
                        2165,
                        1082
                    ]
                ],
                "interior": []
            }
        },
        {
            "id": 972014053,
            "classId": 10214732,
            "description": "",
            "geometryType": "rectangle",
            "labelerLogin": "Yalda2HITL",
            "createdAt": "2022-07-18T14:24:47.280Z",
            "updatedAt": "2022-07-18T14:24:47.280Z",
            "tags": [],
            "classTitle": "Body text",
            "points": {
                "exterior": [
                    [
                        1842,
                        1095
                    ],
                    [
                        2161,
                        1147
                    ]
                ],
                "interior": []
            }
        },
        {
            "id": 972014050,
            "classId": 10214732,
            "description": "",
            "geometryType": "rectangle",
            "labelerLogin": "Yalda2HITL",
            "createdAt": "2022-07-18T14:24:47.280Z",
            "updatedAt": "2022-07-18T14:24:47.280Z",
            "tags": [],
            "classTitle": "Body text",
            "points": {
                "exterior": [
                    [
                        1851,
                        1169
                    ],
                    [
                        2166,
                        1235
                    ]
                ],
                "interior": []
            }
        },
        {
            "id": 972014049,
            "classId": 10214732,
            "description": "",
            "geometryType": "rectangle",
            "labelerLogin": "Yalda2HITL",
            "createdAt": "2022-07-18T14:24:47.280Z",
            "updatedAt": "2022-07-18T14:24:47.280Z",
            "tags": [],
            "classTitle": "Body text",
            "points": {
                "exterior": [
                    [
                        664,
                        2916
                    ],
                    [
                        1821,
                        2981
                    ]
                ],
                "interior": []
            }
        },
        {
            "id": 972014052,
            "classId": 10214732,
            "description": "",
            "geometryType": "rectangle",
            "labelerLogin": "Yalda2HITL",
            "createdAt": "2022-07-18T14:24:47.280Z",
            "updatedAt": "2022-07-18T14:24:47.280Z",
            "tags": [],
            "classTitle": "Body text",
            "points": {
                "exterior": [
                    [
                        666,
                        2853
                    ],
                    [
                        841,
                        2919
                    ]
                ],
                "interior": []
            }
        },
        {
            "id": 972014051,
            "classId": 10214732,
            "description": "",
            "geometryType": "rectangle",
            "labelerLogin": "Yalda2HITL",
            "createdAt": "2022-07-18T14:24:47.280Z",
            "updatedAt": "2022-07-18T14:24:47.280Z",
            "tags": [],
            "classTitle": "Body text",
            "points": {
                "exterior": [
                    [
                        671,
                        2771
                    ],
                    [
                        786,
                        2848
                    ]
                ],
                "interior": []
            }
        },
        {
            "id": 972014054,
            "classId": 10214732,
            "description": "",
            "geometryType": "rectangle",
            "labelerLogin": "Yalda2HITL",
            "createdAt": "2022-07-18T14:24:47.280Z",
            "updatedAt": "2022-07-18T14:24:47.280Z",
            "tags": [],
            "classTitle": "Body text",
            "points": {
                "exterior": [
                    [
                        671,
                        3007
                    ],
                    [
                        1066,
                        3088
                    ]
                ],
                "interior": []
            }
        },
        {
            "id": 972014043,
            "classId": 10214732,
            "description": "",
            "geometryType": "rectangle",
            "labelerLogin": "Yalda2HITL",
            "createdAt": "2022-07-18T14:24:47.280Z",
            "updatedAt": "2022-07-18T14:24:47.280Z",
            "tags": [],
            "classTitle": "Body text",
            "points": {
                "exterior": [
                    [
                        2237,
                        2900
                    ],
                    [
                        2567,
                        2982
                    ]
                ],
                "interior": []
            }
        },
        {
            "id": 972014033,
            "classId": 10214730,
            "description": "",
            "geometryType": "polygon",
            "labelerLogin": "Yalda2HITL",
            "createdAt": "2022-07-18T14:24:47.280Z",
            "updatedAt": "2022-07-18T14:24:47.280Z",
            "tags": [],
            "classTitle": "Page",
            "points": {
                "exterior": [
                    [
                        567,
                        337
                    ],
                    [
                        1406,
                        385
                    ],
                    [
                        1989,
                        385
                    ],
                    [
                        2543,
                        337
                    ],
                    [
                        2583,
                        903
                    ],
                    [
                        2603,
                        1441
                    ],
                    [
                        2647,
                        2196
                    ],
                    [
                        2716,
                        3176
                    ],
                    [
                        2033,
                        3176
                    ],
                    [
                        1189,
                        3184
                    ],
                    [
                        884,
                        3200
                    ],
                    [
                        495,
                        3216
                    ],
                    [
                        527,
                        2349
                    ]
                ],
                "interior": []
            }
        }
    ]
}