{
    "description": "",
    "tags": [],
    "size": {
        "height": 1280,
        "width": 599
    },
    "objects": [
        {
            "id": 972014143,
            "classId": 10214732,
            "description": "",
            "geometryType": "rectangle",
            "labelerLogin": "Yalda2HITL",
            "createdAt": "2022-07-18T14:24:47.280Z",
            "updatedAt": "2022-07-18T14:24:47.280Z",
            "tags": [],
            "classTitle": "Body text",
            "points": {
                "exterior": [
                    [
                        335,
                        347
                    ],
                    [
                        438,
                        365
                    ]
                ],
                "interior": []
            }
        },
        {
            "id": 972014144,
            "classId": 10214731,
            "description": "",
            "geometryType": "rectangle",
            "labelerLogin": "Yalda2HITL",
            "createdAt": "2022-07-18T14:24:47.280Z",
            "updatedAt": "2022-07-18T14:24:47.280Z",
            "tags": [
                {
                    "id": 151023323,
                    "tagId": 30308107,
                    "name": "Transcription",
                    "value": "\u0631\u0648\u0627\u064a\u062a\u064a",
                    "labelerLogin": "Yalda2HITL",
                    "createdAt": "2022-07-18T14:24:47.280Z",
                    "updatedAt": "2022-07-18T14:24:47.280Z"
                }
            ],
            "classTitle": "Title",
            "points": {
                "exterior": [
                    [
                        157,
                        480
                    ],
                    [
                        407,
                        658
                    ]
                ],
                "interior": []
            }
        },
        {
            "id": 972014146,
            "classId": 10214732,
            "description": "",
            "geometryType": "rectangle",
            "labelerLogin": "Yalda2HITL",
            "createdAt": "2022-07-18T14:24:47.280Z",
            "updatedAt": "2022-07-18T14:24:47.280Z",
            "tags": [],
            "classTitle": "Body text",
            "points": {
                "exterior": [
                    [
                        251,
                        809
                    ],
                    [
                        313,
                        823
                    ]
                ],
                "interior": []
            }
        },
        {
            "id": 972014147,
            "classId": 10214730,
            "description": "",
            "geometryType": "polygon",
            "labelerLogin": "Yalda2HITL",
            "createdAt": "2022-07-18T14:24:47.280Z",
            "updatedAt": "2022-07-18T14:24:47.280Z",
            "tags": [],
            "classTitle": "Page",
            "points": {
                "exterior": [
                    [
                        107,
                        298
                    ],
                    [
                        298,
                        307
                    ],
                    [
                        471,
                        309
                    ],
                    [
                        484,
                        543
                    ],
                    [
                        495,
                        744
                    ],
                    [
                        506,
                        871
                    ],
                    [
                        293,
                        871
                    ],
                    [
                        63,
                        870
                    ],
                    [
                        78,
                        653
                    ]
                ],
                "interior": []
            }
        }
    ]
}