{
    "description": "",
    "tags": [],
    "size": {
        "height": 1600,
        "width": 748
    },
    "objects": [
        {
            "id": 972014136,
            "classId": 10214732,
            "description": "",
            "geometryType": "rectangle",
            "labelerLogin": "Yalda2HITL",
            "createdAt": "2022-07-18T14:24:47.280Z",
            "updatedAt": "2022-07-18T14:24:47.280Z",
            "tags": [],
            "classTitle": "Body text",
            "points": {
                "exterior": [
                    [
                        306,
                        268
                    ],
                    [
                        482,
                        315
                    ]
                ],
                "interior": []
            }
        },
        {
            "id": 972014222,
            "classId": 10214732,
            "description": "",
            "geometryType": "rectangle",
            "labelerLogin": "Yalda2HITL",
            "createdAt": "2022-07-18T14:24:47.280Z",
            "updatedAt": "2022-07-18T14:24:47.280Z",
            "tags": [],
            "classTitle": "Body text",
            "points": {
                "exterior": [
                    [
                        422,
                        470
                    ],
                    [
                        551,
                        506
                    ]
                ],
                "interior": []
            }
        },
        {
            "id": 972014221,
            "classId": 10214732,
            "description": "",
            "geometryType": "rectangle",
            "labelerLogin": "Yalda2HITL",
            "createdAt": "2022-07-18T14:24:47.280Z",
            "updatedAt": "2022-07-18T14:24:47.280Z",
            "tags": [],
            "classTitle": "Body text",
            "points": {
                "exterior": [
                    [
                        424,
                        502
                    ],
                    [
                        552,
                        537
                    ]
                ],
                "interior": []
            }
        },
        {
            "id": 972014135,
            "classId": 10214732,
            "description": "",
            "geometryType": "rectangle",
            "labelerLogin": "Yalda2HITL",
            "createdAt": "2022-07-18T14:24:47.280Z",
            "updatedAt": "2022-07-18T14:24:47.280Z",
            "tags": [],
            "classTitle": "Body text",
            "points": {
                "exterior": [
                    [
                        211,
                        919
                    ],
                    [
                        459,
                        940
                    ]
                ],
                "interior": []
            }
        },
        {
            "id": 972014134,
            "classId": 10214730,
            "description": "",
            "geometryType": "polygon",
            "labelerLogin": "Yalda2HITL",
            "createdAt": "2022-07-18T14:24:47.280Z",
            "updatedAt": "2022-07-18T14:24:47.280Z",
            "tags": [],
            "classTitle": "Page",
            "points": {
                "exterior": [
                    [
                        138,
                        208
                    ],
                    [
                        274,
                        236
                    ],
                    [
                        530,
                        287
                    ],
                    [
                        583,
                        296
                    ],
                    [
                        563,
                        551
                    ],
                    [
                        553,
                        764
                    ],
                    [
                        542,
                        975
                    ],
                    [
                        324,
                        971
                    ],
                    [
                        94,
                        965
                    ],
                    [
                        119,
                        516
                    ],
                    [
                        131,
                        287
                    ]
                ],
                "interior": []
            }
        },
        {
            "id": 972014219,
            "classId": 10214731,
            "description": "",
            "geometryType": "rectangle",
            "labelerLogin": "Yalda2HITL",
            "createdAt": "2022-07-18T14:24:47.280Z",
            "updatedAt": "2022-07-18T14:24:47.280Z",
            "tags": [
                {
                    "id": 151023328,
                    "tagId": 30308107,
                    "name": "Transcription",
                    "value": "\u0627\u0644\u062e\u064a\u0627\u0637 \u0627\u0644\u0635\u063a\u064a\u0631",
                    "labelerLogin": "Yalda2HITL",
                    "createdAt": "2022-07-18T14:24:47.280Z",
                    "updatedAt": "2022-07-18T14:24:47.280Z"
                }
            ],
            "classTitle": "Title",
            "points": {
                "exterior": [
                    [
                        167,
                        282
                    ],
                    [
                        475,
                        444
                    ]
                ],
                "interior": []
            }
        }
    ]
}