{
    "description": "",
    "tags": [],
    "size": {
        "height": 4000,
        "width": 3000
    },
    "objects": [
        {
            "id": 972014111,
            "classId": 10214731,
            "description": "",
            "geometryType": "rectangle",
            "labelerLogin": "Yalda2HITL",
            "createdAt": "2022-07-18T14:24:47.280Z",
            "updatedAt": "2022-07-18T14:24:47.280Z",
            "tags": [
                {
                    "id": 151023320,
                    "tagId": 30308107,
                    "name": "Transcription",
                    "value": "\u0643\u062a\u0627\u0628",
                    "labelerLogin": "Yalda2HITL",
                    "createdAt": "2022-07-18T14:24:47.280Z",
                    "updatedAt": "2022-07-18T14:24:47.280Z"
                }
            ],
            "classTitle": "Title",
            "points": {
                "exterior": [
                    [
                        1869,
                        484
                    ],
                    [
                        2037,
                        553
                    ]
                ],
                "interior": []
            }
        },
        {
            "id": 972014110,
            "classId": 10214732,
            "description": "",
            "geometryType": "rectangle",
            "labelerLogin": "Yalda2HITL",
            "createdAt": "2022-07-18T14:24:47.280Z",
            "updatedAt": "2022-07-18T14:24:47.280Z",
            "tags": [],
            "classTitle": "Body text",
            "points": {
                "exterior": [
                    [
                        818,
                        597
                    ],
                    [
                        2278,
                        823
                    ]
                ],
                "interior": []
            }
        },
        {
            "id": 972014109,
            "classId": 10214732,
            "description": "",
            "geometryType": "rectangle",
            "labelerLogin": "Yalda2HITL",
            "createdAt": "2022-07-18T14:24:47.280Z",
            "updatedAt": "2022-07-18T14:24:47.280Z",
            "tags": [],
            "classTitle": "Body text",
            "points": {
                "exterior": [
                    [
                        1021,
                        490
                    ],
                    [
                        1201,
                        686
                    ]
                ],
                "interior": []
            }
        },
        {
            "id": 972014108,
            "classId": 10214732,
            "description": "",
            "geometryType": "rectangle",
            "labelerLogin": "Yalda2HITL",
            "createdAt": "2022-07-18T14:24:47.280Z",
            "updatedAt": "2022-07-18T14:24:47.280Z",
            "tags": [],
            "classTitle": "Body text",
            "points": {
                "exterior": [
                    [
                        1547,
                        892
                    ],
                    [
                        2373,
                        981
                    ]
                ],
                "interior": []
            }
        },
        {
            "id": 972014107,
            "classId": 10214732,
            "description": "",
            "geometryType": "rectangle",
            "labelerLogin": "Yalda2HITL",
            "createdAt": "2022-07-18T14:24:47.280Z",
            "updatedAt": "2022-07-18T14:24:47.280Z",
            "tags": [],
            "classTitle": "Body text",
            "points": {
                "exterior": [
                    [
                        820,
                        830
                    ],
                    [
                        1289,
                        894
                    ]
                ],
                "interior": []
            }
        },
        {
            "id": 972014106,
            "classId": 10214732,
            "description": "",
            "geometryType": "rectangle",
            "labelerLogin": "Yalda2HITL",
            "createdAt": "2022-07-18T14:24:47.280Z",
            "updatedAt": "2022-07-18T14:24:47.280Z",
            "tags": [],
            "classTitle": "Body text",
            "points": {
                "exterior": [
                    [
                        900,
                        1010
                    ],
                    [
                        2318,
                        1096
                    ]
                ],
                "interior": []
            }
        },
        {
            "id": 972014105,
            "classId": 10214732,
            "description": "",
            "geometryType": "rectangle",
            "labelerLogin": "Yalda2HITL",
            "createdAt": "2022-07-18T14:24:47.280Z",
            "updatedAt": "2022-07-18T14:24:47.280Z",
            "tags": [],
            "classTitle": "Body text",
            "points": {
                "exterior": [
                    [
                        933,
                        979
                    ],
                    [
                        1174,
                        1022
                    ]
                ],
                "interior": []
            }
        },
        {
            "id": 972014104,
            "classId": 10214732,
            "description": "",
            "geometryType": "rectangle",
            "labelerLogin": "Yalda2HITL",
            "createdAt": "2022-07-18T14:24:47.280Z",
            "updatedAt": "2022-07-18T14:24:47.280Z",
            "tags": [],
            "classTitle": "Body text",
            "points": {
                "exterior": [
                    [
                        1790,
                        1123
                    ],
                    [
                        2145,
                        1201
                    ]
                ],
                "interior": []
            }
        },
        {
            "id": 972014103,
            "classId": 10214732,
            "description": "",
            "geometryType": "rectangle",
            "labelerLogin": "Yalda2HITL",
            "createdAt": "2022-07-18T14:24:47.280Z",
            "updatedAt": "2022-07-18T14:24:47.280Z",
            "tags": [],
            "classTitle": "Body text",
            "points": {
                "exterior": [
                    [
                        1005,
                        1172
                    ],
                    [
                        1094,
                        1216
                    ]
                ],
                "interior": []
            }
        },
        {
            "id": 972014102,
            "classId": 10214732,
            "description": "",
            "geometryType": "rectangle",
            "labelerLogin": "Yalda2HITL",
            "createdAt": "2022-07-18T14:24:47.280Z",
            "updatedAt": "2022-07-18T14:24:47.280Z",
            "tags": [],
            "classTitle": "Body text",
            "points": {
                "exterior": [
                    [
                        937,
                        1247
                    ],
                    [
                        1159,
                        1283
                    ]
                ],
                "interior": []
            }
        },
        {
            "id": 972014099,
            "classId": 10214732,
            "description": "",
            "geometryType": "rectangle",
            "labelerLogin": "Yalda2HITL",
            "createdAt": "2022-07-18T14:24:47.280Z",
            "updatedAt": "2022-07-18T14:24:47.280Z",
            "tags": [],
            "classTitle": "Body text",
            "points": {
                "exterior": [
                    [
                        928,
                        1313
                    ],
                    [
                        1161,
                        1356
                    ]
                ],
                "interior": []
            }
        },
        {
            "id": 972014098,
            "classId": 10214732,
            "description": "",
            "geometryType": "rectangle",
            "labelerLogin": "Yalda2HITL",
            "createdAt": "2022-07-18T14:24:47.280Z",
            "updatedAt": "2022-07-18T14:24:47.280Z",
            "tags": [],
            "classTitle": "Body text",
            "points": {
                "exterior": [
                    [
                        930,
                        1410
                    ],
                    [
                        1157,
                        1469
                    ]
                ],
                "interior": []
            }
        },
        {
            "id": 972014097,
            "classId": 10214732,
            "description": "",
            "geometryType": "rectangle",
            "labelerLogin": "Yalda2HITL",
            "createdAt": "2022-07-18T14:24:47.280Z",
            "updatedAt": "2022-07-18T14:24:47.280Z",
            "tags": [],
            "classTitle": "Body text",
            "points": {
                "exterior": [
                    [
                        891,
                        1456
                    ],
                    [
                        1195,
                        1526
                    ]
                ],
                "interior": []
            }
        },
        {
            "id": 972014096,
            "classId": 10214732,
            "description": "",
            "geometryType": "rectangle",
            "labelerLogin": "Yalda2HITL",
            "createdAt": "2022-07-18T14:24:47.280Z",
            "updatedAt": "2022-07-18T14:24:47.280Z",
            "tags": [],
            "classTitle": "Body text",
            "points": {
                "exterior": [
                    [
                        932,
                        1612
                    ],
                    [
                        1166,
                        1660
                    ]
                ],
                "interior": []
            }
        },
        {
            "id": 972014095,
            "classId": 10214732,
            "description": "",
            "geometryType": "rectangle",
            "labelerLogin": "Yalda2HITL",
            "createdAt": "2022-07-18T14:24:47.280Z",
            "updatedAt": "2022-07-18T14:24:47.280Z",
            "tags": [],
            "classTitle": "Body text",
            "points": {
                "exterior": [
                    [
                        932,
                        1685
                    ],
                    [
                        1150,
                        1723
                    ]
                ],
                "interior": []
            }
        },
        {
            "id": 972014094,
            "classId": 10214732,
            "description": "",
            "geometryType": "rectangle",
            "labelerLogin": "Yalda2HITL",
            "createdAt": "2022-07-18T14:24:47.280Z",
            "updatedAt": "2022-07-18T14:24:47.280Z",
            "tags": [],
            "classTitle": "Body text",
            "points": {
                "exterior": [
                    [
                        891,
                        1818
                    ],
                    [
                        1179,
                        1856
                    ]
                ],
                "interior": []
            }
        },
        {
            "id": 972014093,
            "classId": 10214732,
            "description": "",
            "geometryType": "rectangle",
            "labelerLogin": "Yalda2HITL",
            "createdAt": "2022-07-18T14:24:47.280Z",
            "updatedAt": "2022-07-18T14:24:47.280Z",
            "tags": [],
            "classTitle": "Body text",
            "points": {
                "exterior": [
                    [
                        906,
                        1890
                    ],
                    [
                        1169,
                        1931
                    ]
                ],
                "interior": []
            }
        },
        {
            "id": 972014092,
            "classId": 10214732,
            "description": "",
            "geometryType": "rectangle",
            "labelerLogin": "Yalda2HITL",
            "createdAt": "2022-07-18T14:24:47.280Z",
            "updatedAt": "2022-07-18T14:24:47.280Z",
            "tags": [],
            "classTitle": "Body text",
            "points": {
                "exterior": [
                    [
                        811,
                        2017
                    ],
                    [
                        1253,
                        2056
                    ]
                ],
                "interior": []
            }
        },
        {
            "id": 972014091,
            "classId": 10214732,
            "description": "",
            "geometryType": "rectangle",
            "labelerLogin": "Yalda2HITL",
            "createdAt": "2022-07-18T14:24:47.280Z",
            "updatedAt": "2022-07-18T14:24:47.280Z",
            "tags": [],
            "classTitle": "Body text",
            "points": {
                "exterior": [
                    [
                        886,
                        2087
                    ],
                    [
                        1171,
                        2185
                    ]
                ],
                "interior": []
            }
        },
        {
            "id": 972014090,
            "classId": 10214732,
            "description": "",
            "geometryType": "rectangle",
            "labelerLogin": "Yalda2HITL",
            "createdAt": "2022-07-18T14:24:47.280Z",
            "updatedAt": "2022-07-18T14:24:47.280Z",
            "tags": [],
            "classTitle": "Body text",
            "points": {
                "exterior": [
                    [
                        881,
                        2211
                    ],
                    [
                        1175,
                        2242
                    ]
                ],
                "interior": []
            }
        },
        {
            "id": 972014089,
            "classId": 10214732,
            "description": "",
            "geometryType": "rectangle",
            "labelerLogin": "Yalda2HITL",
            "createdAt": "2022-07-18T14:24:47.280Z",
            "updatedAt": "2022-07-18T14:24:47.280Z",
            "tags": [],
            "classTitle": "Body text",
            "points": {
                "exterior": [
                    [
                        1110,
                        2296
                    ],
                    [
                        1323,
                        2329
                    ]
                ],
                "interior": []
            }
        },
        {
            "id": 972014088,
            "classId": 10214732,
            "description": "",
            "geometryType": "rectangle",
            "labelerLogin": "Yalda2HITL",
            "createdAt": "2022-07-18T14:24:47.280Z",
            "updatedAt": "2022-07-18T14:24:47.280Z",
            "tags": [],
            "classTitle": "Body text",
            "points": {
                "exterior": [
                    [
                        1093,
                        2357
                    ],
                    [
                        1329,
                        2385
                    ]
                ],
                "interior": []
            }
        },
        {
            "id": 972014087,
            "classId": 10214732,
            "description": "",
            "geometryType": "rectangle",
            "labelerLogin": "Yalda2HITL",
            "createdAt": "2022-07-18T14:24:47.280Z",
            "updatedAt": "2022-07-18T14:24:47.280Z",
            "tags": [],
            "classTitle": "Body text",
            "points": {
                "exterior": [
                    [
                        996,
                        2420
                    ],
                    [
                        1322,
                        2465
                    ]
                ],
                "interior": []
            }
        },
        {
            "id": 972014070,
            "classId": 10214732,
            "description": "",
            "geometryType": "rectangle",
            "labelerLogin": "Yalda2HITL",
            "createdAt": "2022-07-18T14:24:47.280Z",
            "updatedAt": "2022-07-18T14:24:47.280Z",
            "tags": [],
            "classTitle": "Body text",
            "points": {
                "exterior": [
                    [
                        940,
                        2470
                    ],
                    [
                        1302,
                        2510
                    ]
                ],
                "interior": []
            }
        },
        {
            "id": 972014086,
            "classId": 10214732,
            "description": "",
            "geometryType": "rectangle",
            "labelerLogin": "Yalda2HITL",
            "createdAt": "2022-07-18T14:24:47.280Z",
            "updatedAt": "2022-07-18T14:24:47.280Z",
            "tags": [],
            "classTitle": "Body text",
            "points": {
                "exterior": [
                    [
                        927,
                        2517
                    ],
                    [
                        1298,
                        2552
                    ]
                ],
                "interior": []
            }
        },
        {
            "id": 972014085,
            "classId": 10214732,
            "description": "",
            "geometryType": "rectangle",
            "labelerLogin": "Yalda2HITL",
            "createdAt": "2022-07-18T14:24:47.280Z",
            "updatedAt": "2022-07-18T14:24:47.280Z",
            "tags": [],
            "classTitle": "Body text",
            "points": {
                "exterior": [
                    [
                        956,
                        2568
                    ],
                    [
                        1301,
                        2598
                    ]
                ],
                "interior": []
            }
        },
        {
            "id": 972014084,
            "classId": 10214732,
            "description": "",
            "geometryType": "rectangle",
            "labelerLogin": "Yalda2HITL",
            "createdAt": "2022-07-18T14:24:47.280Z",
            "updatedAt": "2022-07-18T14:24:47.280Z",
            "tags": [],
            "classTitle": "Body text",
            "points": {
                "exterior": [
                    [
                        794,
                        2618
                    ],
                    [
                        1297,
                        2651
                    ]
                ],
                "interior": []
            }
        },
        {
            "id": 972014083,
            "classId": 10214732,
            "description": "",
            "geometryType": "rectangle",
            "labelerLogin": "Yalda2HITL",
            "createdAt": "2022-07-18T14:24:47.280Z",
            "updatedAt": "2022-07-18T14:24:47.280Z",
            "tags": [],
            "classTitle": "Body text",
            "points": {
                "exterior": [
                    [
                        850,
                        2662
                    ],
                    [
                        1301,
                        2703
                    ]
                ],
                "interior": []
            }
        },
        {
            "id": 972014082,
            "classId": 10214732,
            "description": "",
            "geometryType": "rectangle",
            "labelerLogin": "Yalda2HITL",
            "createdAt": "2022-07-18T14:24:47.280Z",
            "updatedAt": "2022-07-18T14:24:47.280Z",
            "tags": [],
            "classTitle": "Body text",
            "points": {
                "exterior": [
                    [
                        949,
                        2721
                    ],
                    [
                        1300,
                        2757
                    ]
                ],
                "interior": []
            }
        },
        {
            "id": 972014081,
            "classId": 10214732,
            "description": "",
            "geometryType": "rectangle",
            "labelerLogin": "Yalda2HITL",
            "createdAt": "2022-07-18T14:24:47.280Z",
            "updatedAt": "2022-07-18T14:24:47.280Z",
            "tags": [],
            "classTitle": "Body text",
            "points": {
                "exterior": [
                    [
                        1026,
                        2788
                    ],
                    [
                        1322,
                        2825
                    ]
                ],
                "interior": []
            }
        },
        {
            "id": 972014080,
            "classId": 10214732,
            "description": "",
            "geometryType": "rectangle",
            "labelerLogin": "Yalda2HITL",
            "createdAt": "2022-07-18T14:24:47.280Z",
            "updatedAt": "2022-07-18T14:24:47.280Z",
            "tags": [],
            "classTitle": "Body text",
            "points": {
                "exterior": [
                    [
                        1029,
                        2844
                    ],
                    [
                        1297,
                        2880
                    ]
                ],
                "interior": []
            }
        },
        {
            "id": 972014079,
            "classId": 10214732,
            "description": "",
            "geometryType": "rectangle",
            "labelerLogin": "Yalda2HITL",
            "createdAt": "2022-07-18T14:24:47.280Z",
            "updatedAt": "2022-07-18T14:24:47.280Z",
            "tags": [],
            "classTitle": "Body text",
            "points": {
                "exterior": [
                    [
                        772,
                        2892
                    ],
                    [
                        1295,
                        2928
                    ]
                ],
                "interior": []
            }
        },
        {
            "id": 972014078,
            "classId": 10214732,
            "description": "",
            "geometryType": "rectangle",
            "labelerLogin": "Yalda2HITL",
            "createdAt": "2022-07-18T14:24:47.280Z",
            "updatedAt": "2022-07-18T14:24:47.280Z",
            "tags": [],
            "classTitle": "Body text",
            "points": {
                "exterior": [
                    [
                        944,
                        2942
                    ],
                    [
                        1296,
                        2982
                    ]
                ],
                "interior": []
            }
        },
        {
            "id": 972014077,
            "classId": 10214732,
            "description": "",
            "geometryType": "rectangle",
            "labelerLogin": "Yalda2HITL",
            "createdAt": "2022-07-18T14:24:47.280Z",
            "updatedAt": "2022-07-18T14:24:47.280Z",
            "tags": [],
            "classTitle": "Body text",
            "points": {
                "exterior": [
                    [
                        940,
                        2992
                    ],
                    [
                        1293,
                        3036
                    ]
                ],
                "interior": []
            }
        },
        {
            "id": 972014076,
            "classId": 10214732,
            "description": "",
            "geometryType": "rectangle",
            "labelerLogin": "Yalda2HITL",
            "createdAt": "2022-07-18T14:24:47.280Z",
            "updatedAt": "2022-07-18T14:24:47.280Z",
            "tags": [],
            "classTitle": "Body text",
            "points": {
                "exterior": [
                    [
                        1011,
                        3075
                    ],
                    [
                        1319,
                        3108
                    ]
                ],
                "interior": []
            }
        },
        {
            "id": 972014071,
            "classId": 10214732,
            "description": "",
            "geometryType": "rectangle",
            "labelerLogin": "Yalda2HITL",
            "createdAt": "2022-07-18T14:24:47.280Z",
            "updatedAt": "2022-07-18T14:24:47.280Z",
            "tags": [],
            "classTitle": "Body text",
            "points": {
                "exterior": [
                    [
                        932,
                        3092
                    ],
                    [
                        2476,
                        3159
                    ]
                ],
                "interior": []
            }
        },
        {
            "id": 972014075,
            "classId": 10214732,
            "description": "",
            "geometryType": "rectangle",
            "labelerLogin": "Yalda2HITL",
            "createdAt": "2022-07-18T14:24:47.280Z",
            "updatedAt": "2022-07-18T14:24:47.280Z",
            "tags": [],
            "classTitle": "Body text",
            "points": {
                "exterior": [
                    [
                        931,
                        3148
                    ],
                    [
                        2481,
                        3217
                    ]
                ],
                "interior": []
            }
        },
        {
            "id": 972014074,
            "classId": 10214732,
            "description": "",
            "geometryType": "rectangle",
            "labelerLogin": "Yalda2HITL",
            "createdAt": "2022-07-18T14:24:47.280Z",
            "updatedAt": "2022-07-18T14:24:47.280Z",
            "tags": [],
            "classTitle": "Body text",
            "points": {
                "exterior": [
                    [
                        1731,
                        2660
                    ],
                    [
                        2247,
                        2740
                    ]
                ],
                "interior": []
            }
        },
        {
            "id": 972014073,
            "classId": 10214732,
            "description": "",
            "geometryType": "rectangle",
            "labelerLogin": "Yalda2HITL",
            "createdAt": "2022-07-18T14:24:47.280Z",
            "updatedAt": "2022-07-18T14:24:47.280Z",
            "tags": [],
            "classTitle": "Body text",
            "points": {
                "exterior": [
                    [
                        1531,
                        1617
                    ],
                    [
                        2409,
                        1774
                    ]
                ],
                "interior": []
            }
        },
        {
            "id": 972014231,
            "classId": 10214731,
            "description": "",
            "geometryType": "rectangle",
            "labelerLogin": "Yalda2HITL",
            "createdAt": "2022-07-18T14:24:47.280Z",
            "updatedAt": "2022-07-18T14:24:47.280Z",
            "tags": [],
            "classTitle": "Title",
            "points": {
                "exterior": [
                    [
                        1537,
                        1342
                    ],
                    [
                        2403,
                        1617
                    ]
                ],
                "interior": []
            }
        },
        {
            "id": 972014072,
            "classId": 10214730,
            "description": "",
            "geometryType": "polygon",
            "labelerLogin": "Yalda2HITL",
            "createdAt": "2022-07-18T14:24:47.280Z",
            "updatedAt": "2022-07-18T14:24:47.280Z",
            "tags": [],
            "classTitle": "Page",
            "points": {
                "exterior": [
                    [
                        754,
                        345
                    ],
                    [
                        1405,
                        343
                    ],
                    [
                        2098,
                        369
                    ],
                    [
                        2526,
                        391
                    ],
                    [
                        2558,
                        1541
                    ],
                    [
                        2573,
                        2161
                    ],
                    [
                        2573,
                        2548
                    ],
                    [
                        2584,
                        3023
                    ],
                    [
                        2580,
                        3319
                    ],
                    [
                        1799,
                        3348
                    ],
                    [
                        1029,
                        3348
                    ],
                    [
                        627,
                        3344
                    ],
                    [
                        678,
                        2081
                    ],
                    [
                        715,
                        1011
                    ]
                ],
                "interior": []
            }
        },
        {
            "id": 972014100,
            "classId": 10214732,
            "description": "",
            "geometryType": "rectangle",
            "labelerLogin": "Yalda2HITL",
            "createdAt": "2022-07-18T14:24:47.280Z",
            "updatedAt": "2022-07-18T14:24:47.280Z",
            "tags": [],
            "classTitle": "Body text",
            "points": {
                "exterior": [
                    [
                        1112,
                        591
                    ],
                    [
                        1723,
                        998
                    ]
                ],
                "interior": []
            }
        }
    ]
}