{
    "description": "",
    "tags": [],
    "size": {
        "height": 1280,
        "width": 599
    },
    "objects": [
        {
            "id": 972014149,
            "classId": 10214732,
            "description": "",
            "geometryType": "rectangle",
            "labelerLogin": "Yalda2HITL",
            "createdAt": "2022-07-18T14:24:47.280Z",
            "updatedAt": "2022-07-18T14:24:47.280Z",
            "tags": [],
            "classTitle": "Body text",
            "points": {
                "exterior": [
                    [
                        169,
                        423
                    ],
                    [
                        403,
                        457
                    ]
                ],
                "interior": []
            }
        },
        {
            "id": 972014148,
            "classId": 10214731,
            "description": "",
            "geometryType": "rectangle",
            "labelerLogin": "Yalda2HITL",
            "createdAt": "2022-07-18T14:24:47.280Z",
            "updatedAt": "2022-07-18T14:24:47.280Z",
            "tags": [
                {
                    "id": 151023324,
                    "tagId": 30308107,
                    "name": "Transcription",
                    "value": "\u0627\u0644\u0639\u0645\u0644\u0627\u0642 \u0648\u0627\u0644\u0642\u0637 \u0627\u0644\u0630\u0643\u064a",
                    "labelerLogin": "Yalda2HITL",
                    "createdAt": "2022-07-18T14:24:47.280Z",
                    "updatedAt": "2022-07-18T14:24:47.280Z"
                }
            ],
            "classTitle": "Title",
            "points": {
                "exterior": [
                    [
                        119,
                        464
                    ],
                    [
                        450,
                        528
                    ]
                ],
                "interior": []
            }
        },
        {
            "id": 972014150,
            "classId": 10214730,
            "description": "",
            "geometryType": "polygon",
            "labelerLogin": "Yalda2HITL",
            "createdAt": "2022-07-18T14:24:47.280Z",
            "updatedAt": "2022-07-18T14:24:47.280Z",
            "tags": [],
            "classTitle": "Page",
            "points": {
                "exterior": [
                    [
                        44,
                        364
                    ],
                    [
                        235,
                        362
                    ],
                    [
                        512,
                        345
                    ],
                    [
                        537,
                        604
                    ],
                    [
                        583,
                        1024
                    ],
                    [
                        331,
                        1046
                    ],
                    [
                        174,
                        1057
                    ],
                    [
                        65,
                        1073
                    ],
                    [
                        55,
                        653
                    ]
                ],
                "interior": []
            }
        }
    ]
}