{
    "description": "",
    "tags": [],
    "size": {
        "height": 3511,
        "width": 3000
    },
    "objects": [
        {
            "id": 972014223,
            "classId": 10214731,
            "description": "",
            "geometryType": "rectangle",
            "labelerLogin": "Yalda2HITL",
            "createdAt": "2022-07-18T14:24:47.280Z",
            "updatedAt": "2022-07-18T14:24:47.280Z",
            "tags": [
                {
                    "id": 151023330,
                    "tagId": 30308107,
                    "name": "Transcription",
                    "value": "\u062a\u0641\u0633\u064a\u0631 \u0627\u0644\u0623\u062d\u0644\u0627\u0645",
                    "labelerLogin": "Yalda2HITL",
                    "createdAt": "2022-07-18T14:24:47.280Z",
                    "updatedAt": "2022-07-18T14:24:47.280Z"
                }
            ],
            "classTitle": "Title",
            "points": {
                "exterior": [
                    [
                        586,
                        742
                    ],
                    [
                        2156,
                        1231
                    ]
                ],
                "interior": []
            }
        },
        {
            "id": 972014189,
            "classId": 10214732,
            "description": "",
            "geometryType": "rectangle",
            "labelerLogin": "Yalda2HITL",
            "createdAt": "2022-07-18T14:24:47.280Z",
            "updatedAt": "2022-07-18T14:24:47.280Z",
            "tags": [],
            "classTitle": "Body text",
            "points": {
                "exterior": [
                    [
                        404,
                        430
                    ],
                    [
                        762,
                        794
                    ]
                ],
                "interior": []
            }
        },
        {
            "id": 972014188,
            "classId": 10214732,
            "description": "",
            "geometryType": "rectangle",
            "labelerLogin": "Yalda2HITL",
            "createdAt": "2022-07-18T14:24:47.280Z",
            "updatedAt": "2022-07-18T14:24:47.280Z",
            "tags": [],
            "classTitle": "Body text",
            "points": {
                "exterior": [
                    [
                        727,
                        1185
                    ],
                    [
                        2053,
                        1488
                    ]
                ],
                "interior": []
            }
        },
        {
            "id": 972014187,
            "classId": 10214732,
            "description": "",
            "geometryType": "rectangle",
            "labelerLogin": "Yalda2HITL",
            "createdAt": "2022-07-18T14:24:47.280Z",
            "updatedAt": "2022-07-18T14:24:47.280Z",
            "tags": [],
            "classTitle": "Body text",
            "points": {
                "exterior": [
                    [
                        658,
                        1755
                    ],
                    [
                        1208,
                        1907
                    ]
                ],
                "interior": []
            }
        },
        {
            "id": 972014186,
            "classId": 10214732,
            "description": "",
            "geometryType": "rectangle",
            "labelerLogin": "Yalda2HITL",
            "createdAt": "2022-07-18T14:24:47.280Z",
            "updatedAt": "2022-07-18T14:24:47.280Z",
            "tags": [],
            "classTitle": "Body text",
            "points": {
                "exterior": [
                    [
                        672,
                        1934
                    ],
                    [
                        1181,
                        2037
                    ]
                ],
                "interior": []
            }
        },
        {
            "id": 972014185,
            "classId": 10214732,
            "description": "",
            "geometryType": "rectangle",
            "labelerLogin": "Yalda2HITL",
            "createdAt": "2022-07-18T14:24:47.280Z",
            "updatedAt": "2022-07-18T14:24:47.280Z",
            "tags": [],
            "classTitle": "Body text",
            "points": {
                "exterior": [
                    [
                        679,
                        2113
                    ],
                    [
                        1194,
                        2229
                    ]
                ],
                "interior": []
            }
        },
        {
            "id": 972014184,
            "classId": 10214732,
            "description": "",
            "geometryType": "rectangle",
            "labelerLogin": "Yalda2HITL",
            "createdAt": "2022-07-18T14:24:47.280Z",
            "updatedAt": "2022-07-18T14:24:47.280Z",
            "tags": [],
            "classTitle": "Body text",
            "points": {
                "exterior": [
                    [
                        1105,
                        3014
                    ],
                    [
                        1500,
                        3148
                    ]
                ],
                "interior": []
            }
        },
        {
            "id": 972014190,
            "classId": 10214732,
            "description": "",
            "geometryType": "rectangle",
            "labelerLogin": "Yalda2HITL",
            "createdAt": "2022-07-18T14:24:47.280Z",
            "updatedAt": "2022-07-18T14:24:47.280Z",
            "tags": [],
            "classTitle": "Body text",
            "points": {
                "exterior": [
                    [
                        1197,
                        3169
                    ],
                    [
                        1398,
                        3254
                    ]
                ],
                "interior": []
            }
        },
        {
            "id": 972014191,
            "classId": 10214730,
            "description": "",
            "geometryType": "polygon",
            "labelerLogin": "Yalda2HITL",
            "createdAt": "2022-07-18T14:24:47.280Z",
            "updatedAt": "2022-07-18T14:24:47.280Z",
            "tags": [],
            "classTitle": "Page",
            "points": {
                "exterior": [
                    [
                        361,
                        3311
                    ],
                    [
                        1007,
                        3355
                    ],
                    [
                        1690,
                        3391
                    ],
                    [
                        2194,
                        3410
                    ],
                    [
                        2387,
                        3407
                    ],
                    [
                        2418,
                        1621
                    ],
                    [
                        2464,
                        1028
                    ],
                    [
                        2475,
                        470
                    ],
                    [
                        2485,
                        310
                    ],
                    [
                        2464,
                        197
                    ],
                    [
                        2413,
                        145
                    ],
                    [
                        2227,
                        160
                    ],
                    [
                        1200,
                        243
                    ],
                    [
                        617,
                        305
                    ],
                    [
                        336,
                        346
                    ],
                    [
                        343,
                        1234
                    ],
                    [
                        348,
                        2757
                    ]
                ],
                "interior": []
            }
        }
    ]
}