{
    "description": "",
    "tags": [],
    "size": {
        "height": 756,
        "width": 1080
    },
    "objects": [
        {
            "id": 972021085,
            "classId": 10214730,
            "description": "",
            "geometryType": "polygon",
            "labelerLogin": "Yalda2HITL",
            "createdAt": "2022-07-18T14:27:43.797Z",
            "updatedAt": "2022-07-18T14:27:43.797Z",
            "tags": [],
            "classTitle": "Page",
            "points": {
                "exterior": [
                    [
                        855,
                        23
                    ],
                    [
                        856,
                        43
                    ],
                    [
                        865,
                        219
                    ],
                    [
                        875,
                        410
                    ],
                    [
                        883,
                        557
                    ],
                    [
                        878,
                        560
                    ],
                    [
                        777,
                        566
                    ],
                    [
                        651,
                        568
                    ],
                    [
                        573,
                        571
                    ],
                    [
                        518,
                        572
                    ],
                    [
                        510,
                        571
                    ],
                    [
                        503,
                        568
                    ],
                    [
                        496,
                        568
                    ],
                    [
                        493,
                        565
                    ],
                    [
                        492,
                        550
                    ],
                    [
                        493,
                        480
                    ],
                    [
                        489,
                        342
                    ],
                    [
                        489,
                        315
                    ],
                    [
                        490,
                        286
                    ],
                    [
                        492,
                        271
                    ],
                    [
                        494,
                        262
                    ],
                    [
                        490,
                        130
                    ],
                    [
                        490,
                        68
                    ],
                    [
                        490,
                        25
                    ],
                    [
                        491,
                        20
                    ],
                    [
                        493,
                        18
                    ],
                    [
                        496,
                        15
                    ],
                    [
                        498,
                        14
                    ],
                    [
                        697,
                        14
                    ],
                    [
                        802,
                        14
                    ],
                    [
                        837,
                        15
                    ],
                    [
                        847,
                        15
                    ],
                    [
                        853,
                        18
                    ]
                ],
                "interior": []
            }
        },
        {
            "id": 972021086,
            "classId": 10214732,
            "description": "",
            "geometryType": "rectangle",
            "labelerLogin": "Yalda2HITL",
            "createdAt": "2022-07-18T14:27:43.797Z",
            "updatedAt": "2022-07-18T14:27:43.797Z",
            "tags": [],
            "classTitle": "Body text",
            "points": {
                "exterior": [
                    [
                        515,
                        26
                    ],
                    [
                        847,
                        138
                    ]
                ],
                "interior": []
            }
        },
        {
            "id": 972021087,
            "classId": 10214731,
            "description": "",
            "geometryType": "rectangle",
            "labelerLogin": "Yalda2HITL",
            "createdAt": "2022-07-18T14:27:43.797Z",
            "updatedAt": "2022-07-18T14:27:43.797Z",
            "tags": [
                {
                    "id": 151023770,
                    "tagId": 30308107,
                    "name": "Transcription",
                    "value": "\u0628\u064a\u0646 \u0627\u0644\u0642\u0635\u0631\u064a\u0646",
                    "labelerLogin": "Yalda2HITL",
                    "createdAt": "2022-07-18T14:27:43.798Z",
                    "updatedAt": "2022-07-18T14:27:43.798Z"
                }
            ],
            "classTitle": "Title",
            "points": {
                "exterior": [
                    [
                        522,
                        151
                    ],
                    [
                        656,
                        203
                    ]
                ],
                "interior": []
            }
        }
    ]
}