{
    "description": "",
    "tags": [],
    "size": {
        "height": 865,
        "width": 1080
    },
    "objects": [
        {
            "id": 972021089,
            "classId": 10214730,
            "description": "",
            "geometryType": "polygon",
            "labelerLogin": "Yalda2HITL",
            "createdAt": "2022-07-18T14:27:43.797Z",
            "updatedAt": "2022-07-18T14:27:43.797Z",
            "tags": [],
            "classTitle": "Page",
            "points": {
                "exterior": [
                    [
                        841,
                        7
                    ],
                    [
                        831,
                        7
                    ],
                    [
                        817,
                        5
                    ],
                    [
                        800,
                        7
                    ],
                    [
                        784,
                        7
                    ],
                    [
                        773,
                        13
                    ],
                    [
                        766,
                        17
                    ],
                    [
                        706,
                        15
                    ],
                    [
                        493,
                        15
                    ],
                    [
                        312,
                        14
                    ],
                    [
                        274,
                        13
                    ],
                    [
                        257,
                        14
                    ],
                    [
                        248,
                        12
                    ],
                    [
                        242,
                        26
                    ],
                    [
                        242,
                        287
                    ],
                    [
                        243,
                        485
                    ],
                    [
                        240,
                        758
                    ],
                    [
                        239,
                        790
                    ],
                    [
                        242,
                        796
                    ],
                    [
                        260,
                        798
                    ],
                    [
                        303,
                        798
                    ],
                    [
                        497,
                        797
                    ],
                    [
                        633,
                        799
                    ],
                    [
                        756,
                        800
                    ],
                    [
                        762,
                        800
                    ],
                    [
                        766,
                        805
                    ],
                    [
                        780,
                        810
                    ],
                    [
                        799,
                        814
                    ],
                    [
                        819,
                        819
                    ],
                    [
                        837,
                        820
                    ],
                    [
                        847,
                        819
                    ],
                    [
                        860,
                        815
                    ],
                    [
                        864,
                        812
                    ],
                    [
                        849,
                        338
                    ],
                    [
                        841,
                        25
                    ]
                ],
                "interior": []
            }
        },
        {
            "id": 972021088,
            "classId": 10214731,
            "description": "",
            "geometryType": "rectangle",
            "labelerLogin": "Yalda2HITL",
            "createdAt": "2022-07-18T14:27:43.797Z",
            "updatedAt": "2022-07-18T14:27:43.797Z",
            "tags": [
                {
                    "id": 151023771,
                    "tagId": 30308107,
                    "name": "Transcription",
                    "value": "\u0627\u0644\u0639\u064e\u062c\u0648\u0632 \u0648 \u0627\u0644\u0628\u064e\u062d\u0652\u0631",
                    "labelerLogin": "Yalda2HITL",
                    "createdAt": "2022-07-18T14:27:43.798Z",
                    "updatedAt": "2022-07-18T14:27:43.798Z"
                }
            ],
            "classTitle": "Title",
            "points": {
                "exterior": [
                    [
                        340,
                        106
                    ],
                    [
                        676,
                        332
                    ]
                ],
                "interior": []
            }
        },
        {
            "id": 972021094,
            "classId": 10214732,
            "description": "",
            "geometryType": "rectangle",
            "labelerLogin": "Yalda2HITL",
            "createdAt": "2022-07-18T14:27:43.797Z",
            "updatedAt": "2022-07-18T14:27:43.797Z",
            "tags": [],
            "classTitle": "Body text",
            "points": {
                "exterior": [
                    [
                        445,
                        315
                    ],
                    [
                        579,
                        333
                    ]
                ],
                "interior": []
            }
        },
        {
            "id": 972021093,
            "classId": 10214732,
            "description": "",
            "geometryType": "rectangle",
            "labelerLogin": "Yalda2HITL",
            "createdAt": "2022-07-18T14:27:43.797Z",
            "updatedAt": "2022-07-18T14:27:43.797Z",
            "tags": [],
            "classTitle": "Body text",
            "points": {
                "exterior": [
                    [
                        452,
                        338
                    ],
                    [
                        574,
                        354
                    ]
                ],
                "interior": []
            }
        },
        {
            "id": 972021092,
            "classId": 10214732,
            "description": "",
            "geometryType": "rectangle",
            "labelerLogin": "Yalda2HITL",
            "createdAt": "2022-07-18T14:27:43.797Z",
            "updatedAt": "2022-07-18T14:27:43.797Z",
            "tags": [],
            "classTitle": "Body text",
            "points": {
                "exterior": [
                    [
                        414,
                        433
                    ],
                    [
                        598,
                        469
                    ]
                ],
                "interior": []
            }
        },
        {
            "id": 972021091,
            "classId": 10214732,
            "description": "",
            "geometryType": "rectangle",
            "labelerLogin": "Yalda2HITL",
            "createdAt": "2022-07-18T14:27:43.797Z",
            "updatedAt": "2022-07-18T14:27:43.797Z",
            "tags": [],
            "classTitle": "Body text",
            "points": {
                "exterior": [
                    [
                        463,
                        487
                    ],
                    [
                        542,
                        508
                    ]
                ],
                "interior": []
            }
        },
        {
            "id": 972021090,
            "classId": 10214732,
            "description": "",
            "geometryType": "rectangle",
            "labelerLogin": "Yalda2HITL",
            "createdAt": "2022-07-18T14:27:43.797Z",
            "updatedAt": "2022-07-18T14:27:43.797Z",
            "tags": [],
            "classTitle": "Body text",
            "points": {
                "exterior": [
                    [
                        271,
                        731
                    ],
                    [
                        526,
                        760
                    ]
                ],
                "interior": []
            }
        }
    ]
}