{
    "description": "",
    "tags": [],
    "size": {
        "height": 1602,
        "width": 1080
    },
    "objects": [
        {
            "id": 972014442,
            "classId": 10214731,
            "description": "",
            "geometryType": "rectangle",
            "labelerLogin": "Yalda2HITL",
            "createdAt": "2022-07-18T14:24:59.143Z",
            "updatedAt": "2022-07-18T14:24:59.143Z",
            "tags": [
                {
                    "id": 151023354,
                    "tagId": 30308107,
                    "name": "Transcription",
                    "value": "\u0643\u064a\u0641 \u062a\u062d\u0641\u0638 \u0627\u0644\u0642\u0631\u0623\u0646",
                    "labelerLogin": "Yalda2HITL",
                    "createdAt": "2022-07-18T14:24:59.143Z",
                    "updatedAt": "2022-07-18T14:24:59.143Z"
                }
            ],
            "classTitle": "Title",
            "points": {
                "exterior": [
                    [
                        208,
                        331
                    ],
                    [
                        904,
                        628
                    ]
                ],
                "interior": []
            }
        },
        {
            "id": 972014258,
            "classId": 10214732,
            "description": "",
            "geometryType": "rectangle",
            "labelerLogin": "Yalda2HITL",
            "createdAt": "2022-07-18T14:24:59.143Z",
            "updatedAt": "2022-07-18T14:24:59.143Z",
            "tags": [],
            "classTitle": "Body text",
            "points": {
                "exterior": [
                    [
                        270,
                        684
                    ],
                    [
                        814,
                        761
                    ]
                ],
                "interior": []
            }
        },
        {
            "id": 972014266,
            "classId": 10214732,
            "description": "",
            "geometryType": "rectangle",
            "labelerLogin": "Yalda2HITL",
            "createdAt": "2022-07-18T14:24:59.143Z",
            "updatedAt": "2022-07-18T14:24:59.143Z",
            "tags": [],
            "classTitle": "Body text",
            "points": {
                "exterior": [
                    [
                        278,
                        740
                    ],
                    [
                        812,
                        818
                    ]
                ],
                "interior": []
            }
        },
        {
            "id": 972014265,
            "classId": 10214732,
            "description": "",
            "geometryType": "rectangle",
            "labelerLogin": "Yalda2HITL",
            "createdAt": "2022-07-18T14:24:59.143Z",
            "updatedAt": "2022-07-18T14:24:59.143Z",
            "tags": [],
            "classTitle": "Body text",
            "points": {
                "exterior": [
                    [
                        365,
                        1272
                    ],
                    [
                        666,
                        1316
                    ]
                ],
                "interior": []
            }
        },
        {
            "id": 972014264,
            "classId": 10214732,
            "description": "",
            "geometryType": "rectangle",
            "labelerLogin": "Yalda2HITL",
            "createdAt": "2022-07-18T14:24:59.143Z",
            "updatedAt": "2022-07-18T14:24:59.143Z",
            "tags": [],
            "classTitle": "Body text",
            "points": {
                "exterior": [
                    [
                        390,
                        1374
                    ],
                    [
                        574,
                        1413
                    ]
                ],
                "interior": []
            }
        },
        {
            "id": 972014267,
            "classId": 10214730,
            "description": "",
            "geometryType": "polygon",
            "labelerLogin": "Yalda2HITL",
            "createdAt": "2022-07-18T14:24:59.143Z",
            "updatedAt": "2022-07-18T14:24:59.143Z",
            "tags": [],
            "classTitle": "Page",
            "points": {
                "exterior": [
                    [
                        911,
                        1474
                    ],
                    [
                        713,
                        1482
                    ],
                    [
                        414,
                        1493
                    ],
                    [
                        131,
                        1507
                    ],
                    [
                        123,
                        1473
                    ],
                    [
                        129,
                        1101
                    ],
                    [
                        127,
                        264
                    ],
                    [
                        153,
                        256
                    ],
                    [
                        199,
                        260
                    ],
                    [
                        278,
                        264
                    ],
                    [
                        960,
                        297
                    ],
                    [
                        976,
                        303
                    ],
                    [
                        991,
                        306
                    ],
                    [
                        1000,
                        313
                    ],
                    [
                        1000,
                        369
                    ]
                ],
                "interior": []
            }
        }
    ]
}