{
    "description": "",
    "tags": [],
    "size": {
        "height": 1047,
        "width": 1080
    },
    "objects": [
        {
            "id": 972014369,
            "classId": 10214732,
            "description": "",
            "geometryType": "rectangle",
            "labelerLogin": "Yalda2HITL",
            "createdAt": "2022-07-18T14:24:59.143Z",
            "updatedAt": "2022-07-18T14:24:59.143Z",
            "tags": [],
            "classTitle": "Body text",
            "points": {
                "exterior": [
                    [
                        511,
                        176
                    ],
                    [
                        607,
                        214
                    ]
                ],
                "interior": []
            }
        },
        {
            "id": 972014374,
            "classId": 10214732,
            "description": "",
            "geometryType": "rectangle",
            "labelerLogin": "Yalda2HITL",
            "createdAt": "2022-07-18T14:24:59.143Z",
            "updatedAt": "2022-07-18T14:24:59.143Z",
            "tags": [],
            "classTitle": "Body text",
            "points": {
                "exterior": [
                    [
                        859,
                        265
                    ],
                    [
                        973,
                        312
                    ]
                ],
                "interior": []
            }
        },
        {
            "id": 972014458,
            "classId": 10214731,
            "description": "",
            "geometryType": "rectangle",
            "labelerLogin": "Yalda2HITL",
            "createdAt": "2022-07-18T14:24:59.143Z",
            "updatedAt": "2022-07-18T14:24:59.143Z",
            "tags": [
                {
                    "id": 151023365,
                    "tagId": 30308107,
                    "name": "Transcription",
                    "value": "\u0627\u0646\u0627 \u0642\u0628\u0644 \u0643\u0644 \u0634\u064a\u0626",
                    "labelerLogin": "Yalda2HITL",
                    "createdAt": "2022-07-18T14:24:59.143Z",
                    "updatedAt": "2022-07-18T14:24:59.143Z"
                }
            ],
            "classTitle": "Title",
            "points": {
                "exterior": [
                    [
                        561,
                        237
                    ],
                    [
                        858,
                        452
                    ]
                ],
                "interior": []
            }
        },
        {
            "id": 972014370,
            "classId": 10214732,
            "description": "",
            "geometryType": "rectangle",
            "labelerLogin": "Yalda2HITL",
            "createdAt": "2022-07-18T14:24:59.143Z",
            "updatedAt": "2022-07-18T14:24:59.143Z",
            "tags": [],
            "classTitle": "Body text",
            "points": {
                "exterior": [
                    [
                        530,
                        429
                    ],
                    [
                        575,
                        464
                    ]
                ],
                "interior": []
            }
        },
        {
            "id": 972014381,
            "classId": 10214730,
            "description": "",
            "geometryType": "polygon",
            "labelerLogin": "Yalda2HITL",
            "createdAt": "2022-07-18T14:24:59.143Z",
            "updatedAt": "2022-07-18T14:24:59.143Z",
            "tags": [],
            "classTitle": "Page",
            "points": {
                "exterior": [
                    [
                        519,
                        132
                    ],
                    [
                        931,
                        240
                    ],
                    [
                        1013,
                        260
                    ],
                    [
                        994,
                        340
                    ],
                    [
                        834,
                        989
                    ],
                    [
                        834,
                        1006
                    ],
                    [
                        315,
                        877
                    ],
                    [
                        309,
                        859
                    ],
                    [
                        308,
                        845
                    ]
                ],
                "interior": []
            }
        }
    ]
}