{
    "description": "",
    "tags": [],
    "size": {
        "height": 923,
        "width": 749
    },
    "objects": [
        {
            "id": 972019194,
            "classId": 10214732,
            "description": "",
            "geometryType": "rectangle",
            "labelerLogin": "Yalda2HITL",
            "createdAt": "2022-07-18T14:26:16.757Z",
            "updatedAt": "2022-07-18T14:26:16.757Z",
            "tags": [],
            "classTitle": "Body text",
            "points": {
                "exterior": [
                    [
                        193,
                        54
                    ],
                    [
                        640,
                        68
                    ]
                ],
                "interior": []
            }
        },
        {
            "id": 972019198,
            "classId": 10214732,
            "description": "",
            "geometryType": "rectangle",
            "labelerLogin": "Yalda2HITL",
            "createdAt": "2022-07-18T14:26:16.757Z",
            "updatedAt": "2022-07-18T14:26:16.757Z",
            "tags": [],
            "classTitle": "Body text",
            "points": {
                "exterior": [
                    [
                        453,
                        180
                    ],
                    [
                        646,
                        225
                    ]
                ],
                "interior": []
            }
        },
        {
            "id": 972019199,
            "classId": 10214732,
            "description": "",
            "geometryType": "rectangle",
            "labelerLogin": "Yalda2HITL",
            "createdAt": "2022-07-18T14:26:16.757Z",
            "updatedAt": "2022-07-18T14:26:16.757Z",
            "tags": [],
            "classTitle": "Body text",
            "points": {
                "exterior": [
                    [
                        384,
                        406
                    ],
                    [
                        651,
                        435
                    ]
                ],
                "interior": []
            }
        },
        {
            "id": 972019197,
            "classId": 10214732,
            "description": "",
            "geometryType": "rectangle",
            "labelerLogin": "Yalda2HITL",
            "createdAt": "2022-07-18T14:26:16.757Z",
            "updatedAt": "2022-07-18T14:26:16.757Z",
            "tags": [],
            "classTitle": "Body text",
            "points": {
                "exterior": [
                    [
                        357,
                        436
                    ],
                    [
                        652,
                        466
                    ]
                ],
                "interior": []
            }
        },
        {
            "id": 972019196,
            "classId": 10214732,
            "description": "",
            "geometryType": "rectangle",
            "labelerLogin": "Yalda2HITL",
            "createdAt": "2022-07-18T14:26:16.757Z",
            "updatedAt": "2022-07-18T14:26:16.757Z",
            "tags": [],
            "classTitle": "Body text",
            "points": {
                "exterior": [
                    [
                        596,
                        745
                    ],
                    [
                        654,
                        790
                    ]
                ],
                "interior": []
            }
        },
        {
            "id": 972019195,
            "classId": 10214731,
            "description": "",
            "geometryType": "rectangle",
            "labelerLogin": "Yalda2HITL",
            "createdAt": "2022-07-18T14:26:16.757Z",
            "updatedAt": "2022-07-18T14:26:16.757Z",
            "tags": [
                {
                    "id": 151023564,
                    "tagId": 30308107,
                    "name": "Transcription",
                    "value": "\u0627\u0644\u0647\u0627\u0634\u0645\u064a\u0648\u0646",
                    "labelerLogin": "Yalda2HITL",
                    "createdAt": "2022-07-18T14:26:16.757Z",
                    "updatedAt": "2022-07-18T14:26:16.757Z"
                }
            ],
            "classTitle": "Title",
            "points": {
                "exterior": [
                    [
                        356,
                        338
                    ],
                    [
                        650,
                        403
                    ]
                ],
                "interior": []
            }
        },
        {
            "id": 972019193,
            "classId": 10214730,
            "description": "",
            "geometryType": "polygon",
            "labelerLogin": "Yalda2HITL",
            "createdAt": "2022-07-18T14:26:16.757Z",
            "updatedAt": "2022-07-18T14:26:16.757Z",
            "tags": [],
            "classTitle": "Page",
            "points": {
                "exterior": [
                    [
                        127,
                        26
                    ],
                    [
                        179,
                        25
                    ],
                    [
                        218,
                        25
                    ],
                    [
                        293,
                        24
                    ],
                    [
                        316,
                        24
                    ],
                    [
                        476,
                        22
                    ],
                    [
                        519,
                        22
                    ],
                    [
                        647,
                        21
                    ],
                    [
                        651,
                        23
                    ],
                    [
                        661,
                        24
                    ],
                    [
                        664,
                        26
                    ],
                    [
                        674,
                        26
                    ],
                    [
                        678,
                        30
                    ],
                    [
                        680,
                        164
                    ],
                    [
                        692,
                        500
                    ],
                    [
                        702,
                        788
                    ],
                    [
                        702,
                        802
                    ],
                    [
                        703,
                        832
                    ],
                    [
                        699,
                        837
                    ],
                    [
                        694,
                        838
                    ],
                    [
                        687,
                        839
                    ],
                    [
                        676,
                        839
                    ],
                    [
                        673,
                        840
                    ],
                    [
                        607,
                        840
                    ],
                    [
                        484,
                        838
                    ],
                    [
                        221,
                        835
                    ],
                    [
                        109,
                        832
                    ],
                    [
                        105,
                        831
                    ],
                    [
                        100,
                        829
                    ],
                    [
                        97,
                        826
                    ],
                    [
                        95,
                        801
                    ],
                    [
                        95,
                        775
                    ],
                    [
                        100,
                        588
                    ],
                    [
                        117,
                        229
                    ],
                    [
                        125,
                        47
                    ]
                ],
                "interior": []
            }
        }
    ]
}