{
    "description": "",
    "tags": [],
    "size": {
        "height": 1047,
        "width": 1080
    },
    "objects": [
        {
            "id": 972014422,
            "classId": 10214732,
            "description": "",
            "geometryType": "rectangle",
            "labelerLogin": "Yalda2HITL",
            "createdAt": "2022-07-18T14:24:59.143Z",
            "updatedAt": "2022-07-18T14:24:59.143Z",
            "tags": [],
            "classTitle": "Body text",
            "points": {
                "exterior": [
                    [
                        598,
                        547
                    ],
                    [
                        670,
                        570
                    ]
                ],
                "interior": []
            }
        },
        {
            "id": 972014443,
            "classId": 10214731,
            "description": "",
            "geometryType": "rectangle",
            "labelerLogin": "Yalda2HITL",
            "createdAt": "2022-07-18T14:24:59.143Z",
            "updatedAt": "2022-07-18T14:24:59.143Z",
            "tags": [
                {
                    "id": 151023355,
                    "tagId": 30308107,
                    "name": "Transcription",
                    "value": "\u0643\u0648\u0631\u0627\u0644\u0627\u064a\u0646",
                    "labelerLogin": "Yalda2HITL",
                    "createdAt": "2022-07-18T14:24:59.143Z",
                    "updatedAt": "2022-07-18T14:24:59.143Z"
                }
            ],
            "classTitle": "Title",
            "points": {
                "exterior": [
                    [
                        544,
                        582
                    ],
                    [
                        725,
                        644
                    ]
                ],
                "interior": []
            }
        },
        {
            "id": 972014400,
            "classId": 10214732,
            "description": "",
            "geometryType": "rectangle",
            "labelerLogin": "Yalda2HITL",
            "createdAt": "2022-07-18T14:24:59.143Z",
            "updatedAt": "2022-07-18T14:24:59.143Z",
            "tags": [],
            "classTitle": "Body text",
            "points": {
                "exterior": [
                    [
                        573,
                        660
                    ],
                    [
                        691,
                        681
                    ]
                ],
                "interior": []
            }
        },
        {
            "id": 972014425,
            "classId": 10214732,
            "description": "",
            "geometryType": "rectangle",
            "labelerLogin": "Yalda2HITL",
            "createdAt": "2022-07-18T14:24:59.143Z",
            "updatedAt": "2022-07-18T14:24:59.143Z",
            "tags": [],
            "classTitle": "Body text",
            "points": {
                "exterior": [
                    [
                        697,
                        967
                    ],
                    [
                        775,
                        978
                    ]
                ],
                "interior": []
            }
        },
        {
            "id": 972014424,
            "classId": 10214732,
            "description": "",
            "geometryType": "rectangle",
            "labelerLogin": "Yalda2HITL",
            "createdAt": "2022-07-18T14:24:59.143Z",
            "updatedAt": "2022-07-18T14:24:59.143Z",
            "tags": [],
            "classTitle": "Body text",
            "points": {
                "exterior": [
                    [
                        697,
                        978
                    ],
                    [
                        773,
                        989
                    ]
                ],
                "interior": []
            }
        },
        {
            "id": 972014426,
            "classId": 10214730,
            "description": "",
            "geometryType": "polygon",
            "labelerLogin": "Yalda2HITL",
            "createdAt": "2022-07-18T14:24:59.143Z",
            "updatedAt": "2022-07-18T14:24:59.143Z",
            "tags": [],
            "classTitle": "Page",
            "points": {
                "exterior": [
                    [
                        421,
                        1013
                    ],
                    [
                        842,
                        1025
                    ],
                    [
                        841,
                        721
                    ],
                    [
                        840,
                        409
                    ],
                    [
                        438,
                        404
                    ]
                ],
                "interior": []
            }
        }
    ]
}