{
    "description": "",
    "tags": [],
    "size": {
        "height": 1599,
        "width": 899
    },
    "objects": [
        {
            "id": 972019257,
            "classId": 10214732,
            "description": "",
            "geometryType": "rectangle",
            "labelerLogin": "Yalda2HITL",
            "createdAt": "2022-07-18T14:26:16.757Z",
            "updatedAt": "2022-07-18T14:26:16.757Z",
            "tags": [],
            "classTitle": "Body text",
            "points": {
                "exterior": [
                    [
                        364,
                        461
                    ],
                    [
                        568,
                        504
                    ]
                ],
                "interior": []
            }
        },
        {
            "id": 972019252,
            "classId": 10214732,
            "description": "",
            "geometryType": "rectangle",
            "labelerLogin": "Yalda2HITL",
            "createdAt": "2022-07-18T14:26:16.757Z",
            "updatedAt": "2022-07-18T14:26:16.757Z",
            "tags": [],
            "classTitle": "Body text",
            "points": {
                "exterior": [
                    [
                        437,
                        1340
                    ],
                    [
                        512,
                        1358
                    ]
                ],
                "interior": []
            }
        },
        {
            "id": 972019259,
            "classId": 10214731,
            "description": "",
            "geometryType": "rectangle",
            "labelerLogin": "Yalda2HITL",
            "createdAt": "2022-07-18T14:26:16.757Z",
            "updatedAt": "2022-07-18T14:26:16.757Z",
            "tags": [
                {
                    "id": 151023536,
                    "tagId": 30308107,
                    "name": "Transcription",
                    "value": "\u0641\u0648\u0636\u0627\u064a",
                    "labelerLogin": "Yalda2HITL",
                    "createdAt": "2022-07-18T14:26:16.757Z",
                    "updatedAt": "2022-07-18T14:26:16.757Z"
                }
            ],
            "classTitle": "Title",
            "points": {
                "exterior": [
                    [
                        193,
                        625
                    ],
                    [
                        701,
                        819
                    ]
                ],
                "interior": []
            }
        },
        {
            "id": 972019266,
            "classId": 10214730,
            "description": "",
            "geometryType": "polygon",
            "labelerLogin": "Yalda2HITL",
            "createdAt": "2022-07-18T14:26:16.757Z",
            "updatedAt": "2022-07-18T14:26:16.757Z",
            "tags": [],
            "classTitle": "Page",
            "points": {
                "exterior": [
                    [
                        18,
                        326
                    ],
                    [
                        102,
                        327
                    ],
                    [
                        216,
                        330
                    ],
                    [
                        370,
                        332
                    ],
                    [
                        572,
                        333
                    ],
                    [
                        670,
                        332
                    ],
                    [
                        876,
                        329
                    ],
                    [
                        879,
                        332
                    ],
                    [
                        879,
                        343
                    ],
                    [
                        865,
                        543
                    ],
                    [
                        841,
                        906
                    ],
                    [
                        819,
                        1244
                    ],
                    [
                        810,
                        1398
                    ],
                    [
                        809,
                        1403
                    ],
                    [
                        807,
                        1406
                    ],
                    [
                        805,
                        1407
                    ],
                    [
                        791,
                        1408
                    ],
                    [
                        752,
                        1407
                    ],
                    [
                        702,
                        1408
                    ],
                    [
                        585,
                        1414
                    ],
                    [
                        496,
                        1421
                    ],
                    [
                        431,
                        1429
                    ],
                    [
                        404,
                        1433
                    ],
                    [
                        374,
                        1438
                    ],
                    [
                        271,
                        1461
                    ],
                    [
                        179,
                        1484
                    ],
                    [
                        146,
                        1492
                    ],
                    [
                        126,
                        1498
                    ],
                    [
                        116,
                        1501
                    ],
                    [
                        113,
                        1489
                    ],
                    [
                        106,
                        1401
                    ],
                    [
                        89,
                        1175
                    ],
                    [
                        62,
                        851
                    ],
                    [
                        29,
                        489
                    ],
                    [
                        16,
                        336
                    ],
                    [
                        16,
                        329
                    ]
                ],
                "interior": []
            }
        }
    ]
}