{
    "description": "",
    "tags": [],
    "size": {
        "height": 1030,
        "width": 1080
    },
    "objects": [
        {
            "id": 972021115,
            "classId": 10214730,
            "description": "",
            "geometryType": "polygon",
            "labelerLogin": "Yalda2HITL",
            "createdAt": "2022-07-18T14:27:43.798Z",
            "updatedAt": "2022-07-18T14:27:43.798Z",
            "tags": [],
            "classTitle": "Page",
            "points": {
                "exterior": [
                    [
                        550,
                        79
                    ],
                    [
                        401,
                        167
                    ],
                    [
                        263,
                        246
                    ],
                    [
                        140,
                        317
                    ],
                    [
                        231,
                        464
                    ],
                    [
                        406,
                        747
                    ],
                    [
                        514,
                        921
                    ],
                    [
                        535,
                        907
                    ],
                    [
                        684,
                        803
                    ],
                    [
                        826,
                        708
                    ],
                    [
                        922,
                        643
                    ],
                    [
                        666,
                        259
                    ]
                ],
                "interior": []
            }
        },
        {
            "id": 972021114,
            "classId": 10214731,
            "description": "",
            "geometryType": "rectangle",
            "labelerLogin": "Yalda2HITL",
            "createdAt": "2022-07-18T14:27:43.797Z",
            "updatedAt": "2022-07-18T14:27:43.797Z",
            "tags": [
                {
                    "id": 151023774,
                    "tagId": 30308107,
                    "name": "Transcription",
                    "value": "!! \u0641\u0627\u062a\u062a\u0646\u064a \u0635\u0644\u0627\u0629 ",
                    "labelerLogin": "Yalda2HITL",
                    "createdAt": "2022-07-18T14:27:43.798Z",
                    "updatedAt": "2022-07-18T14:27:43.798Z"
                }
            ],
            "classTitle": "Title",
            "points": {
                "exterior": [
                    [
                        206,
                        157
                    ],
                    [
                        547,
                        378
                    ]
                ],
                "interior": []
            }
        },
        {
            "id": 972021121,
            "classId": 10214732,
            "description": "",
            "geometryType": "rectangle",
            "labelerLogin": "Yalda2HITL",
            "createdAt": "2022-07-18T14:27:43.798Z",
            "updatedAt": "2022-07-18T14:27:43.798Z",
            "tags": [],
            "classTitle": "Body text",
            "points": {
                "exterior": [
                    [
                        267,
                        226
                    ],
                    [
                        571,
                        420
                    ]
                ],
                "interior": []
            }
        },
        {
            "id": 972021120,
            "classId": 10214732,
            "description": "",
            "geometryType": "rectangle",
            "labelerLogin": "Yalda2HITL",
            "createdAt": "2022-07-18T14:27:43.798Z",
            "updatedAt": "2022-07-18T14:27:43.798Z",
            "tags": [],
            "classTitle": "Body text",
            "points": {
                "exterior": [
                    [
                        302,
                        423
                    ],
                    [
                        337,
                        456
                    ]
                ],
                "interior": []
            }
        },
        {
            "id": 972021119,
            "classId": 10214732,
            "description": "",
            "geometryType": "rectangle",
            "labelerLogin": "Yalda2HITL",
            "createdAt": "2022-07-18T14:27:43.798Z",
            "updatedAt": "2022-07-18T14:27:43.798Z",
            "tags": [],
            "classTitle": "Body text",
            "points": {
                "exterior": [
                    [
                        312,
                        436
                    ],
                    [
                        347,
                        466
                    ]
                ],
                "interior": []
            }
        },
        {
            "id": 972021118,
            "classId": 10214732,
            "description": "",
            "geometryType": "rectangle",
            "labelerLogin": "Yalda2HITL",
            "createdAt": "2022-07-18T14:27:43.798Z",
            "updatedAt": "2022-07-18T14:27:43.798Z",
            "tags": [],
            "classTitle": "Body text",
            "points": {
                "exterior": [
                    [
                        487,
                        572
                    ],
                    [
                        817,
                        803
                    ]
                ],
                "interior": []
            }
        },
        {
            "id": 972021117,
            "classId": 10214732,
            "description": "",
            "geometryType": "rectangle",
            "labelerLogin": "Yalda2HITL",
            "createdAt": "2022-07-18T14:27:43.798Z",
            "updatedAt": "2022-07-18T14:27:43.798Z",
            "tags": [],
            "classTitle": "Body text",
            "points": {
                "exterior": [
                    [
                        612,
                        661
                    ],
                    [
                        769,
                        794
                    ]
                ],
                "interior": []
            }
        },
        {
            "id": 972021113,
            "classId": 10214732,
            "description": "",
            "geometryType": "rectangle",
            "labelerLogin": "Yalda2HITL",
            "createdAt": "2022-07-18T14:27:43.797Z",
            "updatedAt": "2022-07-18T14:27:43.797Z",
            "tags": [],
            "classTitle": "Body text",
            "points": {
                "exterior": [
                    [
                        826,
                        609
                    ],
                    [
                        862,
                        653
                    ]
                ],
                "interior": []
            }
        },
        {
            "id": 972021116,
            "classId": 10214732,
            "description": "",
            "geometryType": "rectangle",
            "labelerLogin": "Yalda2HITL",
            "createdAt": "2022-07-18T14:27:43.798Z",
            "updatedAt": "2022-07-18T14:27:43.798Z",
            "tags": [],
            "classTitle": "Body text",
            "points": {
                "exterior": [
                    [
                        834,
                        613
                    ],
                    [
                        871,
                        664
                    ]
                ],
                "interior": []
            }
        }
    ]
}