{
    "description": "",
    "tags": [],
    "size": {
        "height": 1599,
        "width": 899
    },
    "objects": [
        {
            "id": 972019329,
            "classId": 10214732,
            "description": "",
            "geometryType": "rectangle",
            "labelerLogin": "Yalda2HITL",
            "createdAt": "2022-07-18T14:26:16.757Z",
            "updatedAt": "2022-07-18T14:26:16.757Z",
            "tags": [],
            "classTitle": "Body text",
            "points": {
                "exterior": [
                    [
                        164,
                        361
                    ],
                    [
                        770,
                        412
                    ]
                ],
                "interior": []
            }
        },
        {
            "id": 972019326,
            "classId": 10214732,
            "description": "",
            "geometryType": "rectangle",
            "labelerLogin": "Yalda2HITL",
            "createdAt": "2022-07-18T14:26:16.757Z",
            "updatedAt": "2022-07-18T14:26:16.757Z",
            "tags": [],
            "classTitle": "Body text",
            "points": {
                "exterior": [
                    [
                        434,
                        409
                    ],
                    [
                        484,
                        442
                    ]
                ],
                "interior": []
            }
        },
        {
            "id": 972019325,
            "classId": 10214732,
            "description": "",
            "geometryType": "rectangle",
            "labelerLogin": "Yalda2HITL",
            "createdAt": "2022-07-18T14:26:16.757Z",
            "updatedAt": "2022-07-18T14:26:16.757Z",
            "tags": [],
            "classTitle": "Body text",
            "points": {
                "exterior": [
                    [
                        433,
                        443
                    ],
                    [
                        486,
                        452
                    ]
                ],
                "interior": []
            }
        },
        {
            "id": 972019328,
            "classId": 10214732,
            "description": "",
            "geometryType": "rectangle",
            "labelerLogin": "Yalda2HITL",
            "createdAt": "2022-07-18T14:26:16.757Z",
            "updatedAt": "2022-07-18T14:26:16.757Z",
            "tags": [],
            "classTitle": "Body text",
            "points": {
                "exterior": [
                    [
                        287,
                        461
                    ],
                    [
                        640,
                        556
                    ]
                ],
                "interior": []
            }
        },
        {
            "id": 972019327,
            "classId": 10214731,
            "description": "",
            "geometryType": "rectangle",
            "labelerLogin": "Yalda2HITL",
            "createdAt": "2022-07-18T14:26:16.757Z",
            "updatedAt": "2022-07-18T14:26:16.757Z",
            "tags": [
                {
                    "id": 151023540,
                    "tagId": 30308107,
                    "name": "Transcription",
                    "value": "\u0633\u064a\u0631\u0629 \u0627\u0644\u0648\u062c\u0648\u062f",
                    "labelerLogin": "Yalda2HITL",
                    "createdAt": "2022-07-18T14:26:16.757Z",
                    "updatedAt": "2022-07-18T14:26:16.757Z"
                }
            ],
            "classTitle": "Title",
            "points": {
                "exterior": [
                    [
                        289,
                        579
                    ],
                    [
                        641,
                        659
                    ]
                ],
                "interior": []
            }
        },
        {
            "id": 972019333,
            "classId": 10214731,
            "description": "",
            "geometryType": "rectangle",
            "labelerLogin": "Yalda2HITL",
            "createdAt": "2022-07-18T14:26:16.757Z",
            "updatedAt": "2022-07-18T14:26:16.757Z",
            "tags": [
                {
                    "id": 151023541,
                    "tagId": 30308107,
                    "name": "Transcription",
                    "value": "\u0648\u0645\u0648\u062c\u0632 \u062a\u0627\u0631\u064a\u062e \u0627\u0644\u0642\u064a\u0627\u0645\u0629",
                    "labelerLogin": "Yalda2HITL",
                    "createdAt": "2022-07-18T14:26:16.757Z",
                    "updatedAt": "2022-07-18T14:26:16.757Z"
                }
            ],
            "classTitle": "Title",
            "points": {
                "exterior": [
                    [
                        199,
                        661
                    ],
                    [
                        740,
                        737
                    ]
                ],
                "interior": []
            }
        },
        {
            "id": 972019330,
            "classId": 10214730,
            "description": "",
            "geometryType": "polygon",
            "labelerLogin": "Yalda2HITL",
            "createdAt": "2022-07-18T14:26:16.757Z",
            "updatedAt": "2022-07-18T14:26:16.757Z",
            "tags": [],
            "classTitle": "Page",
            "points": {
                "exterior": [
                    [
                        97,
                        359
                    ],
                    [
                        133,
                        354
                    ],
                    [
                        184,
                        349
                    ],
                    [
                        244,
                        345
                    ],
                    [
                        328,
                        340
                    ],
                    [
                        467,
                        331
                    ],
                    [
                        534,
                        328
                    ],
                    [
                        684,
                        318
                    ],
                    [
                        754,
                        312
                    ],
                    [
                        848,
                        307
                    ],
                    [
                        851,
                        310
                    ],
                    [
                        852,
                        398
                    ],
                    [
                        853,
                        476
                    ],
                    [
                        857,
                        705
                    ],
                    [
                        863,
                        1027
                    ],
                    [
                        870,
                        1402
                    ],
                    [
                        871,
                        1470
                    ],
                    [
                        867,
                        1474
                    ],
                    [
                        858,
                        1475
                    ],
                    [
                        841,
                        1477
                    ],
                    [
                        776,
                        1478
                    ],
                    [
                        489,
                        1476
                    ],
                    [
                        242,
                        1470
                    ],
                    [
                        128,
                        1465
                    ],
                    [
                        111,
                        1464
                    ],
                    [
                        103,
                        1458
                    ],
                    [
                        101,
                        1199
                    ],
                    [
                        100,
                        818
                    ],
                    [
                        93,
                        458
                    ]
                ],
                "interior": []
            }
        }
    ]
}