{
    "description": "",
    "tags": [],
    "size": {
        "height": 1080,
        "width": 608
    },
    "objects": [
        {
            "id": 972019378,
            "classId": 10214732,
            "description": "",
            "geometryType": "rectangle",
            "labelerLogin": "Yalda2HITL",
            "createdAt": "2022-07-18T14:26:16.757Z",
            "updatedAt": "2022-07-18T14:26:16.757Z",
            "tags": [],
            "classTitle": "Body text",
            "points": {
                "exterior": [
                    [
                        46,
                        164
                    ],
                    [
                        521,
                        210
                    ]
                ],
                "interior": []
            }
        },
        {
            "id": 972019389,
            "classId": 10214732,
            "description": "",
            "geometryType": "rectangle",
            "labelerLogin": "Yalda2HITL",
            "createdAt": "2022-07-18T14:26:16.757Z",
            "updatedAt": "2022-07-18T14:26:16.757Z",
            "tags": [],
            "classTitle": "Body text",
            "points": {
                "exterior": [
                    [
                        111,
                        513
                    ],
                    [
                        495,
                        561
                    ]
                ],
                "interior": []
            }
        },
        {
            "id": 972019392,
            "classId": 10214732,
            "description": "",
            "geometryType": "rectangle",
            "labelerLogin": "Yalda2HITL",
            "createdAt": "2022-07-18T14:26:16.757Z",
            "updatedAt": "2022-07-18T14:26:16.757Z",
            "tags": [],
            "classTitle": "Body text",
            "points": {
                "exterior": [
                    [
                        297,
                        633
                    ],
                    [
                        494,
                        659
                    ]
                ],
                "interior": []
            }
        },
        {
            "id": 972019391,
            "classId": 10214732,
            "description": "",
            "geometryType": "rectangle",
            "labelerLogin": "Yalda2HITL",
            "createdAt": "2022-07-18T14:26:16.757Z",
            "updatedAt": "2022-07-18T14:26:16.757Z",
            "tags": [],
            "classTitle": "Body text",
            "points": {
                "exterior": [
                    [
                        111,
                        713
                    ],
                    [
                        496,
                        792
                    ]
                ],
                "interior": []
            }
        },
        {
            "id": 972019390,
            "classId": 10214732,
            "description": "",
            "geometryType": "rectangle",
            "labelerLogin": "Yalda2HITL",
            "createdAt": "2022-07-18T14:26:16.757Z",
            "updatedAt": "2022-07-18T14:26:16.757Z",
            "tags": [],
            "classTitle": "Body text",
            "points": {
                "exterior": [
                    [
                        86,
                        615
                    ],
                    [
                        157,
                        632
                    ]
                ],
                "interior": []
            }
        },
        {
            "id": 972019377,
            "classId": 10214732,
            "description": "",
            "geometryType": "rectangle",
            "labelerLogin": "Yalda2HITL",
            "createdAt": "2022-07-18T14:26:16.757Z",
            "updatedAt": "2022-07-18T14:26:16.757Z",
            "tags": [],
            "classTitle": "Body text",
            "points": {
                "exterior": [
                    [
                        102,
                        637
                    ],
                    [
                        146,
                        651
                    ]
                ],
                "interior": []
            }
        },
        {
            "id": 972019387,
            "classId": 10214732,
            "description": "",
            "geometryType": "rectangle",
            "labelerLogin": "Yalda2HITL",
            "createdAt": "2022-07-18T14:26:16.757Z",
            "updatedAt": "2022-07-18T14:26:16.757Z",
            "tags": [],
            "classTitle": "Body text",
            "points": {
                "exterior": [
                    [
                        84,
                        655
                    ],
                    [
                        158,
                        671
                    ]
                ],
                "interior": []
            }
        },
        {
            "id": 972019388,
            "classId": 10214732,
            "description": "",
            "geometryType": "rectangle",
            "labelerLogin": "Yalda2HITL",
            "createdAt": "2022-07-18T14:26:16.757Z",
            "updatedAt": "2022-07-18T14:26:16.757Z",
            "tags": [],
            "classTitle": "Body text",
            "points": {
                "exterior": [
                    [
                        449,
                        857
                    ],
                    [
                        485,
                        870
                    ]
                ],
                "interior": []
            }
        },
        {
            "id": 972019386,
            "classId": 10214732,
            "description": "",
            "geometryType": "rectangle",
            "labelerLogin": "Yalda2HITL",
            "createdAt": "2022-07-18T14:26:16.757Z",
            "updatedAt": "2022-07-18T14:26:16.757Z",
            "tags": [],
            "classTitle": "Body text",
            "points": {
                "exterior": [
                    [
                        454,
                        871
                    ],
                    [
                        482,
                        886
                    ]
                ],
                "interior": []
            }
        },
        {
            "id": 972019393,
            "classId": 10214731,
            "description": "",
            "geometryType": "rectangle",
            "labelerLogin": "Yalda2HITL",
            "createdAt": "2022-07-18T14:26:16.757Z",
            "updatedAt": "2022-07-18T14:26:16.757Z",
            "tags": [
                {
                    "id": 151023550,
                    "tagId": 30308107,
                    "name": "Transcription",
                    "value": "\u0641\u0646",
                    "labelerLogin": "Yalda2HITL",
                    "createdAt": "2022-07-18T14:26:16.757Z",
                    "updatedAt": "2022-07-18T14:26:16.757Z"
                }
            ],
            "classTitle": "Title",
            "points": {
                "exterior": [
                    [
                        365,
                        258
                    ],
                    [
                        495,
                        357
                    ]
                ],
                "interior": []
            }
        },
        {
            "id": 972019379,
            "classId": 10214731,
            "description": "",
            "geometryType": "rectangle",
            "labelerLogin": "Yalda2HITL",
            "createdAt": "2022-07-18T14:26:16.757Z",
            "updatedAt": "2022-07-18T14:26:16.757Z",
            "tags": [
                {
                    "id": 151023548,
                    "tagId": 30308107,
                    "name": "Transcription",
                    "value": "\u0627\u0644\u0644\u0627\u0645\u0628\u0627\u0644\u0627\u0629",
                    "labelerLogin": "Yalda2HITL",
                    "createdAt": "2022-07-18T14:26:16.757Z",
                    "updatedAt": "2022-07-18T14:26:16.757Z"
                }
            ],
            "classTitle": "Title",
            "points": {
                "exterior": [
                    [
                        147,
                        372
                    ],
                    [
                        490,
                        482
                    ]
                ],
                "interior": []
            }
        },
        {
            "id": 972019385,
            "classId": 10214730,
            "description": "",
            "geometryType": "polygon",
            "labelerLogin": "Yalda2HITL",
            "createdAt": "2022-07-18T14:26:16.757Z",
            "updatedAt": "2022-07-18T14:26:16.757Z",
            "tags": [],
            "classTitle": "Page",
            "points": {
                "exterior": [
                    [
                        31,
                        81
                    ],
                    [
                        51,
                        86
                    ],
                    [
                        78,
                        92
                    ],
                    [
                        115,
                        95
                    ],
                    [
                        185,
                        95
                    ],
                    [
                        326,
                        97
                    ],
                    [
                        431,
                        97
                    ],
                    [
                        580,
                        97
                    ],
                    [
                        584,
                        98
                    ],
                    [
                        587,
                        101
                    ],
                    [
                        587,
                        154
                    ],
                    [
                        587,
                        280
                    ],
                    [
                        590,
                        521
                    ],
                    [
                        590,
                        749
                    ],
                    [
                        592,
                        904
                    ],
                    [
                        592,
                        929
                    ],
                    [
                        589,
                        933
                    ],
                    [
                        576,
                        933
                    ],
                    [
                        559,
                        933
                    ],
                    [
                        505,
                        934
                    ],
                    [
                        452,
                        934
                    ],
                    [
                        326,
                        935
                    ],
                    [
                        204,
                        936
                    ],
                    [
                        110,
                        938
                    ],
                    [
                        73,
                        939
                    ],
                    [
                        55,
                        940
                    ],
                    [
                        46,
                        941
                    ],
                    [
                        33,
                        944
                    ],
                    [
                        22,
                        945
                    ],
                    [
                        17,
                        941
                    ],
                    [
                        20,
                        863
                    ],
                    [
                        19,
                        637
                    ],
                    [
                        22,
                        534
                    ],
                    [
                        19,
                        409
                    ],
                    [
                        22,
                        183
                    ],
                    [
                        23,
                        92
                    ],
                    [
                        24,
                        85
                    ],
                    [
                        27,
                        82
                    ]
                ],
                "interior": []
            }
        }
    ]
}