{
    "description": "",
    "tags": [],
    "size": {
        "height": 1080,
        "width": 608
    },
    "objects": [
        {
            "id": 972019409,
            "classId": 10214732,
            "description": "",
            "geometryType": "rectangle",
            "labelerLogin": "Yalda2HITL",
            "createdAt": "2022-07-18T14:26:16.757Z",
            "updatedAt": "2022-07-18T14:26:16.757Z",
            "tags": [],
            "classTitle": "Body text",
            "points": {
                "exterior": [
                    [
                        312,
                        172
                    ],
                    [
                        511,
                        212
                    ]
                ],
                "interior": []
            }
        },
        {
            "id": 972019408,
            "classId": 10214732,
            "description": "",
            "geometryType": "rectangle",
            "labelerLogin": "Yalda2HITL",
            "createdAt": "2022-07-18T14:26:16.757Z",
            "updatedAt": "2022-07-18T14:26:16.757Z",
            "tags": [],
            "classTitle": "Body text",
            "points": {
                "exterior": [
                    [
                        73,
                        730
                    ],
                    [
                        140,
                        768
                    ]
                ],
                "interior": []
            }
        },
        {
            "id": 972019384,
            "classId": 10214732,
            "description": "",
            "geometryType": "rectangle",
            "labelerLogin": "Yalda2HITL",
            "createdAt": "2022-07-18T14:26:16.757Z",
            "updatedAt": "2022-07-18T14:26:16.757Z",
            "tags": [],
            "classTitle": "Body text",
            "points": {
                "exterior": [
                    [
                        236,
                        826
                    ],
                    [
                        343,
                        864
                    ]
                ],
                "interior": []
            }
        },
        {
            "id": 972019395,
            "classId": 10214731,
            "description": "",
            "geometryType": "rectangle",
            "labelerLogin": "Yalda2HITL",
            "createdAt": "2022-07-18T14:26:16.757Z",
            "updatedAt": "2022-07-18T14:26:16.757Z",
            "tags": [
                {
                    "id": 151023551,
                    "tagId": 30308107,
                    "name": "Transcription",
                    "value": "\u0631\u0623\u0633",
                    "labelerLogin": "Yalda2HITL",
                    "createdAt": "2022-07-18T14:26:16.757Z",
                    "updatedAt": "2022-07-18T14:26:16.757Z"
                }
            ],
            "classTitle": "Title",
            "points": {
                "exterior": [
                    [
                        299,
                        576
                    ],
                    [
                        510,
                        703
                    ]
                ],
                "interior": []
            }
        },
        {
            "id": 972019411,
            "classId": 10214731,
            "description": "",
            "geometryType": "rectangle",
            "labelerLogin": "Yalda2HITL",
            "createdAt": "2022-07-18T14:26:16.757Z",
            "updatedAt": "2022-07-18T14:26:16.757Z",
            "tags": [
                {
                    "id": 151023553,
                    "tagId": 30308107,
                    "name": "Transcription",
                    "value": "\u0628\u064a\u0631\u0648\u062a",
                    "labelerLogin": "Yalda2HITL",
                    "createdAt": "2022-07-18T14:26:16.757Z",
                    "updatedAt": "2022-07-18T14:26:16.757Z"
                }
            ],
            "classTitle": "Title",
            "points": {
                "exterior": [
                    [
                        298,
                        705
                    ],
                    [
                        509,
                        797
                    ]
                ],
                "interior": []
            }
        },
        {
            "id": 972019410,
            "classId": 10214730,
            "description": "",
            "geometryType": "polygon",
            "labelerLogin": "Yalda2HITL",
            "createdAt": "2022-07-18T14:26:16.757Z",
            "updatedAt": "2022-07-18T14:26:16.757Z",
            "tags": [],
            "classTitle": "Page",
            "points": {
                "exterior": [
                    [
                        34,
                        112
                    ],
                    [
                        40,
                        107
                    ],
                    [
                        69,
                        108
                    ],
                    [
                        159,
                        110
                    ],
                    [
                        344,
                        110
                    ],
                    [
                        431,
                        110
                    ],
                    [
                        546,
                        109
                    ],
                    [
                        566,
                        109
                    ],
                    [
                        573,
                        115
                    ],
                    [
                        574,
                        119
                    ],
                    [
                        571,
                        124
                    ],
                    [
                        570,
                        229
                    ],
                    [
                        569,
                        368
                    ],
                    [
                        567,
                        670
                    ],
                    [
                        567,
                        764
                    ],
                    [
                        568,
                        909
                    ],
                    [
                        566,
                        911
                    ],
                    [
                        562,
                        912
                    ],
                    [
                        551,
                        913
                    ],
                    [
                        538,
                        912
                    ],
                    [
                        429,
                        911
                    ],
                    [
                        217,
                        907
                    ],
                    [
                        24,
                        907
                    ],
                    [
                        20,
                        904
                    ],
                    [
                        17,
                        898
                    ],
                    [
                        21,
                        662
                    ],
                    [
                        26,
                        417
                    ],
                    [
                        31,
                        193
                    ],
                    [
                        33,
                        117
                    ]
                ],
                "interior": []
            }
        }
    ]
}