{
    "description": "",
    "tags": [],
    "size": {
        "height": 920,
        "width": 743
    },
    "objects": [
        {
            "id": 972019509,
            "classId": 10214732,
            "description": "",
            "geometryType": "rectangle",
            "labelerLogin": "Yalda2HITL",
            "createdAt": "2022-07-18T14:26:16.757Z",
            "updatedAt": "2022-07-18T14:26:16.757Z",
            "tags": [],
            "classTitle": "Body text",
            "points": {
                "exterior": [
                    [
                        127,
                        74
                    ],
                    [
                        202,
                        155
                    ]
                ],
                "interior": []
            }
        },
        {
            "id": 972019508,
            "classId": 10214732,
            "description": "",
            "geometryType": "rectangle",
            "labelerLogin": "Yalda2HITL",
            "createdAt": "2022-07-18T14:26:16.757Z",
            "updatedAt": "2022-07-18T14:26:16.757Z",
            "tags": [],
            "classTitle": "Body text",
            "points": {
                "exterior": [
                    [
                        133,
                        89
                    ],
                    [
                        223,
                        175
                    ]
                ],
                "interior": []
            }
        },
        {
            "id": 972019507,
            "classId": 10214732,
            "description": "",
            "geometryType": "rectangle",
            "labelerLogin": "Yalda2HITL",
            "createdAt": "2022-07-18T14:26:16.757Z",
            "updatedAt": "2022-07-18T14:26:16.757Z",
            "tags": [],
            "classTitle": "Body text",
            "points": {
                "exterior": [
                    [
                        586,
                        198
                    ],
                    [
                        656,
                        214
                    ]
                ],
                "interior": []
            }
        },
        {
            "id": 972019506,
            "classId": 10214732,
            "description": "",
            "geometryType": "rectangle",
            "labelerLogin": "Yalda2HITL",
            "createdAt": "2022-07-18T14:26:16.757Z",
            "updatedAt": "2022-07-18T14:26:16.757Z",
            "tags": [],
            "classTitle": "Body text",
            "points": {
                "exterior": [
                    [
                        312,
                        260
                    ],
                    [
                        477,
                        284
                    ]
                ],
                "interior": []
            }
        },
        {
            "id": 972019505,
            "classId": 10214732,
            "description": "",
            "geometryType": "rectangle",
            "labelerLogin": "Yalda2HITL",
            "createdAt": "2022-07-18T14:26:16.757Z",
            "updatedAt": "2022-07-18T14:26:16.757Z",
            "tags": [],
            "classTitle": "Body text",
            "points": {
                "exterior": [
                    [
                        329,
                        303
                    ],
                    [
                        459,
                        326
                    ]
                ],
                "interior": []
            }
        },
        {
            "id": 972019511,
            "classId": 10214732,
            "description": "",
            "geometryType": "rectangle",
            "labelerLogin": "Yalda2HITL",
            "createdAt": "2022-07-18T14:26:16.757Z",
            "updatedAt": "2022-07-18T14:26:16.757Z",
            "tags": [],
            "classTitle": "Body text",
            "points": {
                "exterior": [
                    [
                        234,
                        774
                    ],
                    [
                        309,
                        795
                    ]
                ],
                "interior": []
            }
        },
        {
            "id": 972019504,
            "classId": 10214732,
            "description": "",
            "geometryType": "rectangle",
            "labelerLogin": "Yalda2HITL",
            "createdAt": "2022-07-18T14:26:16.757Z",
            "updatedAt": "2022-07-18T14:26:16.757Z",
            "tags": [],
            "classTitle": "Body text",
            "points": {
                "exterior": [
                    [
                        213,
                        799
                    ],
                    [
                        323,
                        816
                    ]
                ],
                "interior": []
            }
        },
        {
            "id": 972019503,
            "classId": 10214732,
            "description": "",
            "geometryType": "rectangle",
            "labelerLogin": "Yalda2HITL",
            "createdAt": "2022-07-18T14:26:16.757Z",
            "updatedAt": "2022-07-18T14:26:16.757Z",
            "tags": [],
            "classTitle": "Body text",
            "points": {
                "exterior": [
                    [
                        214,
                        816
                    ],
                    [
                        322,
                        841
                    ]
                ],
                "interior": []
            }
        },
        {
            "id": 972019510,
            "classId": 10214731,
            "description": "",
            "geometryType": "rectangle",
            "labelerLogin": "Yalda2HITL",
            "createdAt": "2022-07-18T14:26:16.757Z",
            "updatedAt": "2022-07-18T14:26:16.757Z",
            "tags": [
                {
                    "id": 151023559,
                    "tagId": 30308107,
                    "name": "Transcription",
                    "value": "\u0643\u062a\u064e\u0627\u0628\u064f \u0627\u0644\u0645\u0639\u064e\u0644\u0645\u064f",
                    "labelerLogin": "Yalda2HITL",
                    "createdAt": "2022-07-18T14:26:16.757Z",
                    "updatedAt": "2022-07-18T14:26:16.757Z"
                }
            ],
            "classTitle": "Title",
            "points": {
                "exterior": [
                    [
                        266,
                        158
                    ],
                    [
                        535,
                        249
                    ]
                ],
                "interior": []
            }
        },
        {
            "id": 972019512,
            "classId": 10214730,
            "description": "",
            "geometryType": "polygon",
            "labelerLogin": "Yalda2HITL",
            "createdAt": "2022-07-18T14:26:16.757Z",
            "updatedAt": "2022-07-18T14:26:16.757Z",
            "tags": [],
            "classTitle": "Page",
            "points": {
                "exterior": [
                    [
                        116,
                        60
                    ],
                    [
                        130,
                        61
                    ],
                    [
                        147,
                        63
                    ],
                    [
                        170,
                        64
                    ],
                    [
                        193,
                        65
                    ],
                    [
                        232,
                        67
                    ],
                    [
                        250,
                        67
                    ],
                    [
                        297,
                        69
                    ],
                    [
                        327,
                        70
                    ],
                    [
                        421,
                        71
                    ],
                    [
                        500,
                        71
                    ],
                    [
                        595,
                        71
                    ],
                    [
                        645,
                        70
                    ],
                    [
                        679,
                        70
                    ],
                    [
                        683,
                        74
                    ],
                    [
                        683,
                        99
                    ],
                    [
                        683,
                        159
                    ],
                    [
                        681,
                        232
                    ],
                    [
                        680,
                        303
                    ],
                    [
                        678,
                        399
                    ],
                    [
                        676,
                        693
                    ],
                    [
                        676,
                        817
                    ],
                    [
                        676,
                        864
                    ],
                    [
                        669,
                        866
                    ],
                    [
                        660,
                        866
                    ],
                    [
                        602,
                        869
                    ],
                    [
                        497,
                        872
                    ],
                    [
                        318,
                        877
                    ],
                    [
                        153,
                        881
                    ],
                    [
                        89,
                        882
                    ],
                    [
                        84,
                        882
                    ],
                    [
                        81,
                        880
                    ],
                    [
                        81,
                        875
                    ],
                    [
                        84,
                        843
                    ],
                    [
                        95,
                        721
                    ],
                    [
                        107,
                        593
                    ],
                    [
                        109,
                        554
                    ],
                    [
                        111,
                        499
                    ],
                    [
                        110,
                        397
                    ],
                    [
                        110,
                        270
                    ],
                    [
                        112,
                        165
                    ],
                    [
                        113,
                        88
                    ],
                    [
                        114,
                        61
                    ]
                ],
                "interior": []
            }
        }
    ]
}