{
    "description": "",
    "tags": [],
    "size": {
        "height": 1080,
        "width": 608
    },
    "objects": [
        {
            "id": 972019426,
            "classId": 10214732,
            "description": "",
            "geometryType": "rectangle",
            "labelerLogin": "Yalda2HITL",
            "createdAt": "2022-07-18T14:26:16.757Z",
            "updatedAt": "2022-07-18T14:26:16.757Z",
            "tags": [],
            "classTitle": "Body text",
            "points": {
                "exterior": [
                    [
                        32,
                        97
                    ],
                    [
                        111,
                        126
                    ]
                ],
                "interior": []
            }
        },
        {
            "id": 972019425,
            "classId": 10214732,
            "description": "",
            "geometryType": "rectangle",
            "labelerLogin": "Yalda2HITL",
            "createdAt": "2022-07-18T14:26:16.757Z",
            "updatedAt": "2022-07-18T14:26:16.757Z",
            "tags": [],
            "classTitle": "Body text",
            "points": {
                "exterior": [
                    [
                        511,
                        111
                    ],
                    [
                        559,
                        153
                    ]
                ],
                "interior": []
            }
        },
        {
            "id": 972019405,
            "classId": 10214732,
            "description": "",
            "geometryType": "rectangle",
            "labelerLogin": "Yalda2HITL",
            "createdAt": "2022-07-18T14:26:16.757Z",
            "updatedAt": "2022-07-18T14:26:16.757Z",
            "tags": [],
            "classTitle": "Body text",
            "points": {
                "exterior": [
                    [
                        509,
                        157
                    ],
                    [
                        559,
                        168
                    ]
                ],
                "interior": []
            }
        },
        {
            "id": 972019404,
            "classId": 10214732,
            "description": "",
            "geometryType": "rectangle",
            "labelerLogin": "Yalda2HITL",
            "createdAt": "2022-07-18T14:26:16.757Z",
            "updatedAt": "2022-07-18T14:26:16.757Z",
            "tags": [],
            "classTitle": "Body text",
            "points": {
                "exterior": [
                    [
                        204,
                        273
                    ],
                    [
                        427,
                        287
                    ]
                ],
                "interior": []
            }
        },
        {
            "id": 972019403,
            "classId": 10214732,
            "description": "",
            "geometryType": "rectangle",
            "labelerLogin": "Yalda2HITL",
            "createdAt": "2022-07-18T14:26:16.757Z",
            "updatedAt": "2022-07-18T14:26:16.757Z",
            "tags": [],
            "classTitle": "Body text",
            "points": {
                "exterior": [
                    [
                        182,
                        188
                    ],
                    [
                        195,
                        220
                    ]
                ],
                "interior": []
            }
        },
        {
            "id": 972019402,
            "classId": 10214732,
            "description": "",
            "geometryType": "rectangle",
            "labelerLogin": "Yalda2HITL",
            "createdAt": "2022-07-18T14:26:16.757Z",
            "updatedAt": "2022-07-18T14:26:16.757Z",
            "tags": [],
            "classTitle": "Body text",
            "points": {
                "exterior": [
                    [
                        291,
                        354
                    ],
                    [
                        303,
                        388
                    ]
                ],
                "interior": []
            }
        },
        {
            "id": 972019401,
            "classId": 10214732,
            "description": "",
            "geometryType": "rectangle",
            "labelerLogin": "Yalda2HITL",
            "createdAt": "2022-07-18T14:26:16.757Z",
            "updatedAt": "2022-07-18T14:26:16.757Z",
            "tags": [],
            "classTitle": "Body text",
            "points": {
                "exterior": [
                    [
                        296,
                        391
                    ],
                    [
                        316,
                        425
                    ]
                ],
                "interior": []
            }
        },
        {
            "id": 972019400,
            "classId": 10214732,
            "description": "",
            "geometryType": "rectangle",
            "labelerLogin": "Yalda2HITL",
            "createdAt": "2022-07-18T14:26:16.757Z",
            "updatedAt": "2022-07-18T14:26:16.757Z",
            "tags": [],
            "classTitle": "Body text",
            "points": {
                "exterior": [
                    [
                        271,
                        377
                    ],
                    [
                        293,
                        408
                    ]
                ],
                "interior": []
            }
        },
        {
            "id": 972019424,
            "classId": 10214732,
            "description": "",
            "geometryType": "rectangle",
            "labelerLogin": "Yalda2HITL",
            "createdAt": "2022-07-18T14:26:16.757Z",
            "updatedAt": "2022-07-18T14:26:16.757Z",
            "tags": [],
            "classTitle": "Body text",
            "points": {
                "exterior": [
                    [
                        53,
                        434
                    ],
                    [
                        516,
                        454
                    ]
                ],
                "interior": []
            }
        },
        {
            "id": 972019423,
            "classId": 10214732,
            "description": "",
            "geometryType": "rectangle",
            "labelerLogin": "Yalda2HITL",
            "createdAt": "2022-07-18T14:26:16.757Z",
            "updatedAt": "2022-07-18T14:26:16.757Z",
            "tags": [],
            "classTitle": "Body text",
            "points": {
                "exterior": [
                    [
                        144,
                        434
                    ],
                    [
                        231,
                        447
                    ]
                ],
                "interior": []
            }
        },
        {
            "id": 972019422,
            "classId": 10214732,
            "description": "",
            "geometryType": "rectangle",
            "labelerLogin": "Yalda2HITL",
            "createdAt": "2022-07-18T14:26:16.757Z",
            "updatedAt": "2022-07-18T14:26:16.757Z",
            "tags": [],
            "classTitle": "Body text",
            "points": {
                "exterior": [
                    [
                        165,
                        448
                    ],
                    [
                        209,
                        461
                    ]
                ],
                "interior": []
            }
        },
        {
            "id": 972019421,
            "classId": 10214732,
            "description": "",
            "geometryType": "rectangle",
            "labelerLogin": "Yalda2HITL",
            "createdAt": "2022-07-18T14:26:16.757Z",
            "updatedAt": "2022-07-18T14:26:16.757Z",
            "tags": [],
            "classTitle": "Body text",
            "points": {
                "exterior": [
                    [
                        151,
                        563
                    ],
                    [
                        415,
                        579
                    ]
                ],
                "interior": []
            }
        },
        {
            "id": 972019420,
            "classId": 10214732,
            "description": "",
            "geometryType": "rectangle",
            "labelerLogin": "Yalda2HITL",
            "createdAt": "2022-07-18T14:26:16.757Z",
            "updatedAt": "2022-07-18T14:26:16.757Z",
            "tags": [],
            "classTitle": "Body text",
            "points": {
                "exterior": [
                    [
                        30,
                        692
                    ],
                    [
                        527,
                        712
                    ]
                ],
                "interior": []
            }
        },
        {
            "id": 972019412,
            "classId": 10214732,
            "description": "",
            "geometryType": "rectangle",
            "labelerLogin": "Yalda2HITL",
            "createdAt": "2022-07-18T14:26:16.757Z",
            "updatedAt": "2022-07-18T14:26:16.757Z",
            "tags": [],
            "classTitle": "Body text",
            "points": {
                "exterior": [
                    [
                        151,
                        769
                    ],
                    [
                        427,
                        804
                    ]
                ],
                "interior": []
            }
        },
        {
            "id": 972019419,
            "classId": 10214732,
            "description": "",
            "geometryType": "rectangle",
            "labelerLogin": "Yalda2HITL",
            "createdAt": "2022-07-18T14:26:16.757Z",
            "updatedAt": "2022-07-18T14:26:16.757Z",
            "tags": [],
            "classTitle": "Body text",
            "points": {
                "exterior": [
                    [
                        99,
                        820
                    ],
                    [
                        478,
                        847
                    ]
                ],
                "interior": []
            }
        },
        {
            "id": 972019418,
            "classId": 10214732,
            "description": "",
            "geometryType": "rectangle",
            "labelerLogin": "Yalda2HITL",
            "createdAt": "2022-07-18T14:26:16.757Z",
            "updatedAt": "2022-07-18T14:26:16.757Z",
            "tags": [],
            "classTitle": "Body text",
            "points": {
                "exterior": [
                    [
                        505,
                        893
                    ],
                    [
                        566,
                        905
                    ]
                ],
                "interior": []
            }
        },
        {
            "id": 972019417,
            "classId": 10214732,
            "description": "",
            "geometryType": "rectangle",
            "labelerLogin": "Yalda2HITL",
            "createdAt": "2022-07-18T14:26:16.757Z",
            "updatedAt": "2022-07-18T14:26:16.757Z",
            "tags": [],
            "classTitle": "Body text",
            "points": {
                "exterior": [
                    [
                        503,
                        905
                    ],
                    [
                        568,
                        912
                    ]
                ],
                "interior": []
            }
        },
        {
            "id": 972019416,
            "classId": 10214732,
            "description": "",
            "geometryType": "rectangle",
            "labelerLogin": "Yalda2HITL",
            "createdAt": "2022-07-18T14:26:16.757Z",
            "updatedAt": "2022-07-18T14:26:16.757Z",
            "tags": [],
            "classTitle": "Body text",
            "points": {
                "exterior": [
                    [
                        499,
                        913
                    ],
                    [
                        571,
                        920
                    ]
                ],
                "interior": []
            }
        },
        {
            "id": 972019415,
            "classId": 10214732,
            "description": "",
            "geometryType": "rectangle",
            "labelerLogin": "Yalda2HITL",
            "createdAt": "2022-07-18T14:26:16.757Z",
            "updatedAt": "2022-07-18T14:26:16.757Z",
            "tags": [],
            "classTitle": "Body text",
            "points": {
                "exterior": [
                    [
                        447,
                        891
                    ],
                    [
                        499,
                        917
                    ]
                ],
                "interior": []
            }
        },
        {
            "id": 972019414,
            "classId": 10214732,
            "description": "",
            "geometryType": "rectangle",
            "labelerLogin": "Yalda2HITL",
            "createdAt": "2022-07-18T14:26:16.757Z",
            "updatedAt": "2022-07-18T14:26:16.757Z",
            "tags": [],
            "classTitle": "Body text",
            "points": {
                "exterior": [
                    [
                        315,
                        899
                    ],
                    [
                        362,
                        912
                    ]
                ],
                "interior": []
            }
        },
        {
            "id": 972019407,
            "classId": 10214732,
            "description": "",
            "geometryType": "rectangle",
            "labelerLogin": "Yalda2HITL",
            "createdAt": "2022-07-18T14:26:16.757Z",
            "updatedAt": "2022-07-18T14:26:16.757Z",
            "tags": [],
            "classTitle": "Body text",
            "points": {
                "exterior": [
                    [
                        248,
                        899
                    ],
                    [
                        253,
                        913
                    ]
                ],
                "interior": []
            }
        },
        {
            "id": 972019399,
            "classId": 10214732,
            "description": "",
            "geometryType": "rectangle",
            "labelerLogin": "Yalda2HITL",
            "createdAt": "2022-07-18T14:26:16.757Z",
            "updatedAt": "2022-07-18T14:26:16.757Z",
            "tags": [],
            "classTitle": "Body text",
            "points": {
                "exterior": [
                    [
                        12,
                        895
                    ],
                    [
                        103,
                        915
                    ]
                ],
                "interior": []
            }
        },
        {
            "id": 972019413,
            "classId": 10214732,
            "description": "",
            "geometryType": "rectangle",
            "labelerLogin": "Yalda2HITL",
            "createdAt": "2022-07-18T14:26:16.757Z",
            "updatedAt": "2022-07-18T14:26:16.757Z",
            "tags": [],
            "classTitle": "Body text",
            "points": {
                "exterior": [
                    [
                        243,
                        155
                    ],
                    [
                        331,
                        197
                    ]
                ],
                "interior": []
            }
        },
        {
            "id": 972019406,
            "classId": 10214731,
            "description": "",
            "geometryType": "rectangle",
            "labelerLogin": "Yalda2HITL",
            "createdAt": "2022-07-18T14:26:16.757Z",
            "updatedAt": "2022-07-18T14:26:16.757Z",
            "tags": [
                {
                    "id": 151023552,
                    "tagId": 30308107,
                    "name": "Transcription",
                    "value": "\u0628\u0642\u0627\u0639\u0646\u0627 10",
                    "labelerLogin": "Yalda2HITL",
                    "createdAt": "2022-07-18T14:26:16.757Z",
                    "updatedAt": "2022-07-18T14:26:16.757Z"
                }
            ],
            "classTitle": "Title",
            "points": {
                "exterior": [
                    [
                        116,
                        157
                    ],
                    [
                        483,
                        290
                    ]
                ],
                "interior": []
            }
        },
        {
            "id": 972019427,
            "classId": 10214730,
            "description": "",
            "geometryType": "polygon",
            "labelerLogin": "Yalda2HITL",
            "createdAt": "2022-07-18T14:26:16.757Z",
            "updatedAt": "2022-07-18T14:26:16.757Z",
            "tags": [],
            "classTitle": "Page",
            "points": {
                "exterior": [
                    [
                        0,
                        61
                    ],
                    [
                        79,
                        66
                    ],
                    [
                        277,
                        69
                    ],
                    [
                        459,
                        72
                    ],
                    [
                        593,
                        74
                    ],
                    [
                        595,
                        77
                    ],
                    [
                        595,
                        138
                    ],
                    [
                        596,
                        204
                    ],
                    [
                        599,
                        520
                    ],
                    [
                        604,
                        928
                    ],
                    [
                        604,
                        951
                    ],
                    [
                        601,
                        953
                    ],
                    [
                        539,
                        952
                    ],
                    [
                        320,
                        950
                    ],
                    [
                        54,
                        950
                    ],
                    [
                        0,
                        951
                    ]
                ],
                "interior": []
            }
        }
    ]
}