{
    "description": "",
    "tags": [],
    "size": {
        "height": 4088,
        "width": 3066
    },
    "objects": [
        {
            "id": 972015595,
            "classId": 10214732,
            "description": "",
            "geometryType": "rectangle",
            "labelerLogin": "Yalda2HITL",
            "createdAt": "2022-07-18T14:25:50.707Z",
            "updatedAt": "2022-07-18T14:25:50.707Z",
            "tags": [],
            "classTitle": "Body text",
            "points": {
                "exterior": [
                    [
                        584,
                        831
                    ],
                    [
                        2232,
                        1006
                    ]
                ],
                "interior": []
            }
        },
        {
            "id": 972015594,
            "classId": 10214732,
            "description": "",
            "geometryType": "rectangle",
            "labelerLogin": "Yalda2HITL",
            "createdAt": "2022-07-18T14:25:50.707Z",
            "updatedAt": "2022-07-18T14:25:50.707Z",
            "tags": [],
            "classTitle": "Body text",
            "points": {
                "exterior": [
                    [
                        1253,
                        1124
                    ],
                    [
                        2263,
                        1332
                    ]
                ],
                "interior": []
            }
        },
        {
            "id": 972015593,
            "classId": 10214731,
            "description": "",
            "geometryType": "rectangle",
            "labelerLogin": "Yalda2HITL",
            "createdAt": "2022-07-18T14:25:50.707Z",
            "updatedAt": "2022-07-18T14:25:50.707Z",
            "tags": [
                {
                    "id": 151023443,
                    "tagId": 30308107,
                    "name": "Transcription",
                    "value": "\u0630\u0627\u0643\u0631\u0629 \u063a\u0627\u0646\u064a\u0627\u062a\u064a \u0627\u0644\u062d\u0632\u064a\u0646\u0627\u062a",
                    "labelerLogin": "Yalda2HITL",
                    "createdAt": "2022-07-18T14:25:50.708Z",
                    "updatedAt": "2022-07-18T14:25:50.708Z"
                }
            ],
            "classTitle": "Title",
            "points": {
                "exterior": [
                    [
                        679,
                        1395
                    ],
                    [
                        2269,
                        1629
                    ]
                ],
                "interior": []
            }
        },
        {
            "id": 972015597,
            "classId": 10214732,
            "description": "",
            "geometryType": "rectangle",
            "labelerLogin": "Yalda2HITL",
            "createdAt": "2022-07-18T14:25:50.707Z",
            "updatedAt": "2022-07-18T14:25:50.707Z",
            "tags": [],
            "classTitle": "Body text",
            "points": {
                "exterior": [
                    [
                        1109,
                        1736
                    ],
                    [
                        1876,
                        1894
                    ]
                ],
                "interior": []
            }
        },
        {
            "id": 972015596,
            "classId": 10214732,
            "description": "",
            "geometryType": "rectangle",
            "labelerLogin": "Yalda2HITL",
            "createdAt": "2022-07-18T14:25:50.707Z",
            "updatedAt": "2022-07-18T14:25:50.707Z",
            "tags": [],
            "classTitle": "Body text",
            "points": {
                "exterior": [
                    [
                        2214,
                        3289
                    ],
                    [
                        2368,
                        3370
                    ]
                ],
                "interior": []
            }
        },
        {
            "id": 972015598,
            "classId": 10214730,
            "description": "",
            "geometryType": "polygon",
            "labelerLogin": "Yalda2HITL",
            "createdAt": "2022-07-18T14:25:50.707Z",
            "updatedAt": "2022-07-18T14:25:50.707Z",
            "tags": [],
            "classTitle": "Page",
            "points": {
                "exterior": [
                    [
                        644,
                        3541
                    ],
                    [
                        804,
                        3516
                    ],
                    [
                        1042,
                        3507
                    ],
                    [
                        1242,
                        3501
                    ],
                    [
                        1430,
                        3499
                    ],
                    [
                        1620,
                        3501
                    ],
                    [
                        1949,
                        3495
                    ],
                    [
                        2203,
                        3495
                    ],
                    [
                        2506,
                        3470
                    ],
                    [
                        2506,
                        3321
                    ],
                    [
                        2501,
                        3086
                    ],
                    [
                        2487,
                        2844
                    ],
                    [
                        2464,
                        2306
                    ],
                    [
                        2442,
                        1922
                    ],
                    [
                        2435,
                        1384
                    ],
                    [
                        2421,
                        1119
                    ],
                    [
                        2401,
                        649
                    ],
                    [
                        2378,
                        639
                    ],
                    [
                        2324,
                        637
                    ],
                    [
                        2171,
                        647
                    ],
                    [
                        1824,
                        669
                    ],
                    [
                        1440,
                        691
                    ],
                    [
                        1061,
                        709
                    ],
                    [
                        914,
                        712
                    ],
                    [
                        697,
                        714
                    ],
                    [
                        628,
                        712
                    ],
                    [
                        542,
                        712
                    ],
                    [
                        503,
                        711
                    ],
                    [
                        497,
                        723
                    ],
                    [
                        487,
                        731
                    ],
                    [
                        476,
                        744
                    ],
                    [
                        483,
                        947
                    ],
                    [
                        503,
                        1224
                    ],
                    [
                        552,
                        2092
                    ],
                    [
                        605,
                        3118
                    ],
                    [
                        634,
                        3525
                    ]
                ],
                "interior": []
            }
        }
    ]
}