{
    "description": "",
    "tags": [],
    "size": {
        "height": 1280,
        "width": 720
    },
    "objects": [
        {
            "id": 972015608,
            "classId": 10214732,
            "description": "",
            "geometryType": "rectangle",
            "labelerLogin": "Yalda2HITL",
            "createdAt": "2022-07-18T14:25:50.707Z",
            "updatedAt": "2022-07-18T14:25:50.707Z",
            "tags": [],
            "classTitle": "Body text",
            "points": {
                "exterior": [
                    [
                        293,
                        397
                    ],
                    [
                        427,
                        436
                    ]
                ],
                "interior": []
            }
        },
        {
            "id": 972015610,
            "classId": 10214731,
            "description": "",
            "geometryType": "rectangle",
            "labelerLogin": "Yalda2HITL",
            "createdAt": "2022-07-18T14:25:50.707Z",
            "updatedAt": "2022-07-18T14:25:50.707Z",
            "tags": [
                {
                    "id": 151023446,
                    "tagId": 30308107,
                    "name": "Transcription",
                    "value": "\u0646\u064e\u0642\u0636\u064f",
                    "labelerLogin": "Yalda2HITL",
                    "createdAt": "2022-07-18T14:25:50.708Z",
                    "updatedAt": "2022-07-18T14:25:50.708Z"
                }
            ],
            "classTitle": "Title",
            "points": {
                "exterior": [
                    [
                        269,
                        540
                    ],
                    [
                        436,
                        629
                    ]
                ],
                "interior": []
            }
        },
        {
            "id": 972015609,
            "classId": 10214731,
            "description": "",
            "geometryType": "rectangle",
            "labelerLogin": "Yalda2HITL",
            "createdAt": "2022-07-18T14:25:50.707Z",
            "updatedAt": "2022-07-18T14:25:50.707Z",
            "tags": [
                {
                    "id": 151023445,
                    "tagId": 30308107,
                    "name": "Transcription",
                    "value": "\u0627\u0644\u0642\u064e\u0627\u0646\u064f\u0648\u0646 \u0627\u0644\u0645\u064e\u062f\u064e\u0646\u064a",
                    "labelerLogin": "Yalda2HITL",
                    "createdAt": "2022-07-18T14:25:50.708Z",
                    "updatedAt": "2022-07-18T14:25:50.708Z"
                }
            ],
            "classTitle": "Title",
            "points": {
                "exterior": [
                    [
                        165,
                        640
                    ],
                    [
                        539,
                        753
                    ]
                ],
                "interior": []
            }
        },
        {
            "id": 972015614,
            "classId": 10214732,
            "description": "",
            "geometryType": "rectangle",
            "labelerLogin": "Yalda2HITL",
            "createdAt": "2022-07-18T14:25:50.707Z",
            "updatedAt": "2022-07-18T14:25:50.707Z",
            "tags": [],
            "classTitle": "Body text",
            "points": {
                "exterior": [
                    [
                        233,
                        874
                    ],
                    [
                        439,
                        931
                    ]
                ],
                "interior": []
            }
        },
        {
            "id": 972015613,
            "classId": 10214730,
            "description": "",
            "geometryType": "polygon",
            "labelerLogin": "Yalda2HITL",
            "createdAt": "2022-07-18T14:25:50.707Z",
            "updatedAt": "2022-07-18T14:25:50.707Z",
            "tags": [],
            "classTitle": "Page",
            "points": {
                "exterior": [
                    [
                        619,
                        1079
                    ],
                    [
                        624,
                        943
                    ],
                    [
                        632,
                        716
                    ],
                    [
                        646,
                        458
                    ],
                    [
                        656,
                        255
                    ],
                    [
                        650,
                        247
                    ],
                    [
                        615,
                        247
                    ],
                    [
                        533,
                        246
                    ],
                    [
                        439,
                        246
                    ],
                    [
                        392,
                        245
                    ],
                    [
                        307,
                        243
                    ],
                    [
                        216,
                        242
                    ],
                    [
                        116,
                        240
                    ],
                    [
                        65,
                        238
                    ],
                    [
                        64,
                        248
                    ],
                    [
                        63,
                        315
                    ],
                    [
                        61,
                        448
                    ],
                    [
                        52,
                        718
                    ],
                    [
                        43,
                        894
                    ],
                    [
                        35,
                        1055
                    ],
                    [
                        182,
                        1059
                    ],
                    [
                        380,
                        1067
                    ],
                    [
                        548,
                        1075
                    ]
                ],
                "interior": []
            }
        }
    ]
}