{
    "description": "",
    "tags": [],
    "size": {
        "height": 930,
        "width": 748
    },
    "objects": [
        {
            "id": 972019469,
            "classId": 10214730,
            "description": "",
            "geometryType": "polygon",
            "labelerLogin": "Yalda2HITL",
            "createdAt": "2022-07-18T14:26:16.757Z",
            "updatedAt": "2022-07-18T14:26:16.757Z",
            "tags": [],
            "classTitle": "Page",
            "points": {
                "exterior": [
                    [
                        105,
                        19
                    ],
                    [
                        273,
                        24
                    ],
                    [
                        338,
                        26
                    ],
                    [
                        469,
                        28
                    ],
                    [
                        519,
                        25
                    ],
                    [
                        590,
                        25
                    ],
                    [
                        631,
                        24
                    ],
                    [
                        673,
                        26
                    ],
                    [
                        680,
                        31
                    ],
                    [
                        681,
                        65
                    ],
                    [
                        687,
                        248
                    ],
                    [
                        688,
                        265
                    ],
                    [
                        690,
                        279
                    ],
                    [
                        692,
                        303
                    ],
                    [
                        690,
                        314
                    ],
                    [
                        696,
                        458
                    ],
                    [
                        704,
                        652
                    ],
                    [
                        710,
                        761
                    ],
                    [
                        712,
                        836
                    ],
                    [
                        716,
                        886
                    ],
                    [
                        713,
                        887
                    ],
                    [
                        695,
                        888
                    ],
                    [
                        635,
                        890
                    ],
                    [
                        505,
                        889
                    ],
                    [
                        325,
                        889
                    ],
                    [
                        118,
                        887
                    ],
                    [
                        65,
                        884
                    ],
                    [
                        62,
                        881
                    ],
                    [
                        58,
                        876
                    ],
                    [
                        58,
                        873
                    ],
                    [
                        55,
                        871
                    ],
                    [
                        53,
                        872
                    ],
                    [
                        48,
                        868
                    ],
                    [
                        45,
                        864
                    ],
                    [
                        54,
                        706
                    ],
                    [
                        64,
                        534
                    ],
                    [
                        73,
                        367
                    ],
                    [
                        79,
                        226
                    ],
                    [
                        82,
                        212
                    ],
                    [
                        80,
                        200
                    ],
                    [
                        84,
                        95
                    ],
                    [
                        83,
                        56
                    ],
                    [
                        83,
                        31
                    ],
                    [
                        83,
                        27
                    ],
                    [
                        86,
                        28
                    ],
                    [
                        90,
                        28
                    ],
                    [
                        93,
                        26
                    ],
                    [
                        96,
                        22
                    ],
                    [
                        98,
                        20
                    ]
                ],
                "interior": []
            }
        },
        {
            "id": 972019468,
            "classId": 10214732,
            "description": "",
            "geometryType": "rectangle",
            "labelerLogin": "Yalda2HITL",
            "createdAt": "2022-07-18T14:26:16.757Z",
            "updatedAt": "2022-07-18T14:26:16.757Z",
            "tags": [],
            "classTitle": "Body text",
            "points": {
                "exterior": [
                    [
                        268,
                        848
                    ],
                    [
                        495,
                        867
                    ]
                ],
                "interior": []
            }
        },
        {
            "id": 972019451,
            "classId": 10214732,
            "description": "",
            "geometryType": "rectangle",
            "labelerLogin": "Yalda2HITL",
            "createdAt": "2022-07-18T14:26:16.757Z",
            "updatedAt": "2022-07-18T14:26:16.757Z",
            "tags": [],
            "classTitle": "Body text",
            "points": {
                "exterior": [
                    [
                        364,
                        781
                    ],
                    [
                        400,
                        835
                    ]
                ],
                "interior": []
            }
        },
        {
            "id": 972019450,
            "classId": 10214732,
            "description": "",
            "geometryType": "rectangle",
            "labelerLogin": "Yalda2HITL",
            "createdAt": "2022-07-18T14:26:16.757Z",
            "updatedAt": "2022-07-18T14:26:16.757Z",
            "tags": [],
            "classTitle": "Body text",
            "points": {
                "exterior": [
                    [
                        333,
                        633
                    ],
                    [
                        371,
                        664
                    ]
                ],
                "interior": []
            }
        },
        {
            "id": 972019449,
            "classId": 10214732,
            "description": "",
            "geometryType": "rectangle",
            "labelerLogin": "Yalda2HITL",
            "createdAt": "2022-07-18T14:26:16.757Z",
            "updatedAt": "2022-07-18T14:26:16.757Z",
            "tags": [],
            "classTitle": "Body text",
            "points": {
                "exterior": [
                    [
                        457,
                        511
                    ],
                    [
                        481,
                        520
                    ]
                ],
                "interior": []
            }
        },
        {
            "id": 972019448,
            "classId": 10214732,
            "description": "",
            "geometryType": "rectangle",
            "labelerLogin": "Yalda2HITL",
            "createdAt": "2022-07-18T14:26:16.757Z",
            "updatedAt": "2022-07-18T14:26:16.757Z",
            "tags": [],
            "classTitle": "Body text",
            "points": {
                "exterior": [
                    [
                        456,
                        523
                    ],
                    [
                        484,
                        532
                    ]
                ],
                "interior": []
            }
        },
        {
            "id": 972019447,
            "classId": 10214732,
            "description": "",
            "geometryType": "rectangle",
            "labelerLogin": "Yalda2HITL",
            "createdAt": "2022-07-18T14:26:16.757Z",
            "updatedAt": "2022-07-18T14:26:16.757Z",
            "tags": [],
            "classTitle": "Body text",
            "points": {
                "exterior": [
                    [
                        455,
                        533
                    ],
                    [
                        485,
                        541
                    ]
                ],
                "interior": []
            }
        },
        {
            "id": 972019467,
            "classId": 10214732,
            "description": "",
            "geometryType": "rectangle",
            "labelerLogin": "Yalda2HITL",
            "createdAt": "2022-07-18T14:26:16.757Z",
            "updatedAt": "2022-07-18T14:26:16.757Z",
            "tags": [],
            "classTitle": "Body text",
            "points": {
                "exterior": [
                    [
                        466,
                        413
                    ],
                    [
                        489,
                        428
                    ]
                ],
                "interior": []
            }
        },
        {
            "id": 972019446,
            "classId": 10214732,
            "description": "",
            "geometryType": "rectangle",
            "labelerLogin": "Yalda2HITL",
            "createdAt": "2022-07-18T14:26:16.757Z",
            "updatedAt": "2022-07-18T14:26:16.757Z",
            "tags": [],
            "classTitle": "Body text",
            "points": {
                "exterior": [
                    [
                        467,
                        418
                    ],
                    [
                        498,
                        438
                    ]
                ],
                "interior": []
            }
        },
        {
            "id": 972019445,
            "classId": 10214732,
            "description": "",
            "geometryType": "rectangle",
            "labelerLogin": "Yalda2HITL",
            "createdAt": "2022-07-18T14:26:16.757Z",
            "updatedAt": "2022-07-18T14:26:16.757Z",
            "tags": [],
            "classTitle": "Body text",
            "points": {
                "exterior": [
                    [
                        472,
                        426
                    ],
                    [
                        500,
                        442
                    ]
                ],
                "interior": []
            }
        },
        {
            "id": 972019444,
            "classId": 10214732,
            "description": "",
            "geometryType": "rectangle",
            "labelerLogin": "Yalda2HITL",
            "createdAt": "2022-07-18T14:26:16.757Z",
            "updatedAt": "2022-07-18T14:26:16.757Z",
            "tags": [],
            "classTitle": "Body text",
            "points": {
                "exterior": [
                    [
                        471,
                        433
                    ],
                    [
                        501,
                        449
                    ]
                ],
                "interior": []
            }
        },
        {
            "id": 972019466,
            "classId": 10214732,
            "description": "",
            "geometryType": "rectangle",
            "labelerLogin": "Yalda2HITL",
            "createdAt": "2022-07-18T14:26:16.757Z",
            "updatedAt": "2022-07-18T14:26:16.757Z",
            "tags": [],
            "classTitle": "Body text",
            "points": {
                "exterior": [
                    [
                        476,
                        444
                    ],
                    [
                        502,
                        456
                    ]
                ],
                "interior": []
            }
        },
        {
            "id": 972019465,
            "classId": 10214732,
            "description": "",
            "geometryType": "rectangle",
            "labelerLogin": "Yalda2HITL",
            "createdAt": "2022-07-18T14:26:16.757Z",
            "updatedAt": "2022-07-18T14:26:16.757Z",
            "tags": [],
            "classTitle": "Body text",
            "points": {
                "exterior": [
                    [
                        481,
                        452
                    ],
                    [
                        502,
                        463
                    ]
                ],
                "interior": []
            }
        },
        {
            "id": 972019464,
            "classId": 10214732,
            "description": "",
            "geometryType": "rectangle",
            "labelerLogin": "Yalda2HITL",
            "createdAt": "2022-07-18T14:26:16.757Z",
            "updatedAt": "2022-07-18T14:26:16.757Z",
            "tags": [],
            "classTitle": "Body text",
            "points": {
                "exterior": [
                    [
                        234,
                        499
                    ],
                    [
                        264,
                        513
                    ]
                ],
                "interior": []
            }
        },
        {
            "id": 972019463,
            "classId": 10214732,
            "description": "",
            "geometryType": "rectangle",
            "labelerLogin": "Yalda2HITL",
            "createdAt": "2022-07-18T14:26:16.757Z",
            "updatedAt": "2022-07-18T14:26:16.757Z",
            "tags": [],
            "classTitle": "Body text",
            "points": {
                "exterior": [
                    [
                        187,
                        425
                    ],
                    [
                        230,
                        433
                    ]
                ],
                "interior": []
            }
        },
        {
            "id": 972019462,
            "classId": 10214732,
            "description": "",
            "geometryType": "rectangle",
            "labelerLogin": "Yalda2HITL",
            "createdAt": "2022-07-18T14:26:16.757Z",
            "updatedAt": "2022-07-18T14:26:16.757Z",
            "tags": [],
            "classTitle": "Body text",
            "points": {
                "exterior": [
                    [
                        172,
                        432
                    ],
                    [
                        259,
                        441
                    ]
                ],
                "interior": []
            }
        },
        {
            "id": 972019461,
            "classId": 10214732,
            "description": "",
            "geometryType": "rectangle",
            "labelerLogin": "Yalda2HITL",
            "createdAt": "2022-07-18T14:26:16.757Z",
            "updatedAt": "2022-07-18T14:26:16.757Z",
            "tags": [],
            "classTitle": "Body text",
            "points": {
                "exterior": [
                    [
                        172,
                        440
                    ],
                    [
                        260,
                        449
                    ]
                ],
                "interior": []
            }
        },
        {
            "id": 972019456,
            "classId": 10214732,
            "description": "",
            "geometryType": "rectangle",
            "labelerLogin": "Yalda2HITL",
            "createdAt": "2022-07-18T14:26:16.757Z",
            "updatedAt": "2022-07-18T14:26:16.757Z",
            "tags": [],
            "classTitle": "Body text",
            "points": {
                "exterior": [
                    [
                        172,
                        452
                    ],
                    [
                        261,
                        461
                    ]
                ],
                "interior": []
            }
        },
        {
            "id": 972019455,
            "classId": 10214732,
            "description": "",
            "geometryType": "rectangle",
            "labelerLogin": "Yalda2HITL",
            "createdAt": "2022-07-18T14:26:16.757Z",
            "updatedAt": "2022-07-18T14:26:16.757Z",
            "tags": [],
            "classTitle": "Body text",
            "points": {
                "exterior": [
                    [
                        172,
                        461
                    ],
                    [
                        254,
                        470
                    ]
                ],
                "interior": []
            }
        },
        {
            "id": 972019460,
            "classId": 10214732,
            "description": "",
            "geometryType": "rectangle",
            "labelerLogin": "Yalda2HITL",
            "createdAt": "2022-07-18T14:26:16.757Z",
            "updatedAt": "2022-07-18T14:26:16.757Z",
            "tags": [],
            "classTitle": "Body text",
            "points": {
                "exterior": [
                    [
                        175,
                        475
                    ],
                    [
                        215,
                        486
                    ]
                ],
                "interior": []
            }
        },
        {
            "id": 972019459,
            "classId": 10214732,
            "description": "",
            "geometryType": "rectangle",
            "labelerLogin": "Yalda2HITL",
            "createdAt": "2022-07-18T14:26:16.757Z",
            "updatedAt": "2022-07-18T14:26:16.757Z",
            "tags": [],
            "classTitle": "Body text",
            "points": {
                "exterior": [
                    [
                        187,
                        484
                    ],
                    [
                        209,
                        493
                    ]
                ],
                "interior": []
            }
        },
        {
            "id": 972019454,
            "classId": 10214732,
            "description": "",
            "geometryType": "rectangle",
            "labelerLogin": "Yalda2HITL",
            "createdAt": "2022-07-18T14:26:16.757Z",
            "updatedAt": "2022-07-18T14:26:16.757Z",
            "tags": [],
            "classTitle": "Body text",
            "points": {
                "exterior": [
                    [
                        193,
                        490
                    ],
                    [
                        210,
                        497
                    ]
                ],
                "interior": []
            }
        },
        {
            "id": 972019472,
            "classId": 10214732,
            "description": "",
            "geometryType": "rectangle",
            "labelerLogin": "Yalda2HITL",
            "createdAt": "2022-07-18T14:26:16.757Z",
            "updatedAt": "2022-07-18T14:26:16.757Z",
            "tags": [],
            "classTitle": "Body text",
            "points": {
                "exterior": [
                    [
                        186,
                        499
                    ],
                    [
                        212,
                        507
                    ]
                ],
                "interior": []
            }
        },
        {
            "id": 972019471,
            "classId": 10214732,
            "description": "",
            "geometryType": "rectangle",
            "labelerLogin": "Yalda2HITL",
            "createdAt": "2022-07-18T14:26:16.757Z",
            "updatedAt": "2022-07-18T14:26:16.757Z",
            "tags": [],
            "classTitle": "Body text",
            "points": {
                "exterior": [
                    [
                        235,
                        732
                    ],
                    [
                        267,
                        770
                    ]
                ],
                "interior": []
            }
        },
        {
            "id": 972019458,
            "classId": 10214732,
            "description": "",
            "geometryType": "rectangle",
            "labelerLogin": "Yalda2HITL",
            "createdAt": "2022-07-18T14:26:16.757Z",
            "updatedAt": "2022-07-18T14:26:16.757Z",
            "tags": [],
            "classTitle": "Body text",
            "points": {
                "exterior": [
                    [
                        238,
                        716
                    ],
                    [
                        287,
                        774
                    ]
                ],
                "interior": []
            }
        },
        {
            "id": 972019457,
            "classId": 10214732,
            "description": "",
            "geometryType": "rectangle",
            "labelerLogin": "Yalda2HITL",
            "createdAt": "2022-07-18T14:26:16.757Z",
            "updatedAt": "2022-07-18T14:26:16.757Z",
            "tags": [],
            "classTitle": "Body text",
            "points": {
                "exterior": [
                    [
                        247,
                        719
                    ],
                    [
                        295,
                        776
                    ]
                ],
                "interior": []
            }
        },
        {
            "id": 972019470,
            "classId": 10214732,
            "description": "",
            "geometryType": "rectangle",
            "labelerLogin": "Yalda2HITL",
            "createdAt": "2022-07-18T14:26:16.757Z",
            "updatedAt": "2022-07-18T14:26:16.757Z",
            "tags": [],
            "classTitle": "Body text",
            "points": {
                "exterior": [
                    [
                        253,
                        721
                    ],
                    [
                        301,
                        775
                    ]
                ],
                "interior": []
            }
        },
        {
            "id": 972019453,
            "classId": 10214732,
            "description": "",
            "geometryType": "rectangle",
            "labelerLogin": "Yalda2HITL",
            "createdAt": "2022-07-18T14:26:16.757Z",
            "updatedAt": "2022-07-18T14:26:16.757Z",
            "tags": [],
            "classTitle": "Body text",
            "points": {
                "exterior": [
                    [
                        266,
                        723
                    ],
                    [
                        307,
                        775
                    ]
                ],
                "interior": []
            }
        },
        {
            "id": 972019473,
            "classId": 10214732,
            "description": "",
            "geometryType": "rectangle",
            "labelerLogin": "Yalda2HITL",
            "createdAt": "2022-07-18T14:26:16.757Z",
            "updatedAt": "2022-07-18T14:26:16.757Z",
            "tags": [],
            "classTitle": "Body text",
            "points": {
                "exterior": [
                    [
                        275,
                        726
                    ],
                    [
                        311,
                        775
                    ]
                ],
                "interior": []
            }
        },
        {
            "id": 972019443,
            "classId": 10214732,
            "description": "",
            "geometryType": "rectangle",
            "labelerLogin": "Yalda2HITL",
            "createdAt": "2022-07-18T14:26:16.757Z",
            "updatedAt": "2022-07-18T14:26:16.757Z",
            "tags": [],
            "classTitle": "Body text",
            "points": {
                "exterior": [
                    [
                        304,
                        159
                    ],
                    [
                        465,
                        182
                    ]
                ],
                "interior": []
            }
        },
        {
            "id": 972019442,
            "classId": 10214732,
            "description": "",
            "geometryType": "rectangle",
            "labelerLogin": "Yalda2HITL",
            "createdAt": "2022-07-18T14:26:16.757Z",
            "updatedAt": "2022-07-18T14:26:16.757Z",
            "tags": [],
            "classTitle": "Body text",
            "points": {
                "exterior": [
                    [
                        222,
                        115
                    ],
                    [
                        547,
                        148
                    ]
                ],
                "interior": []
            }
        },
        {
            "id": 972019452,
            "classId": 10214731,
            "description": "",
            "geometryType": "rectangle",
            "labelerLogin": "Yalda2HITL",
            "createdAt": "2022-07-18T14:26:16.757Z",
            "updatedAt": "2022-07-18T14:26:16.757Z",
            "tags": [
                {
                    "id": 151023555,
                    "tagId": 30308107,
                    "name": "Transcription",
                    "value": "\u062f\u0644\u064a\u0644 \u0627\u0644\u0628\u062d\u062b \u0627\u0644\u062a\u0623\u0631\u064a\u062e\u064a :",
                    "labelerLogin": "Yalda2HITL",
                    "createdAt": "2022-07-18T14:26:16.757Z",
                    "updatedAt": "2022-07-18T14:26:16.757Z"
                }
            ],
            "classTitle": "Title",
            "points": {
                "exterior": [
                    [
                        170,
                        48
                    ],
                    [
                        602,
                        106
                    ]
                ],
                "interior": []
            }
        }
    ]
}