{
    "description": "",
    "tags": [],
    "size": {
        "height": 924,
        "width": 750
    },
    "objects": [
        {
            "id": 972019429,
            "classId": 10214732,
            "description": "",
            "geometryType": "rectangle",
            "labelerLogin": "Yalda2HITL",
            "createdAt": "2022-07-18T14:26:16.757Z",
            "updatedAt": "2022-07-18T14:26:16.757Z",
            "tags": [],
            "classTitle": "Body text",
            "points": {
                "exterior": [
                    [
                        105,
                        74
                    ],
                    [
                        189,
                        157
                    ]
                ],
                "interior": []
            }
        },
        {
            "id": 972019428,
            "classId": 10214732,
            "description": "",
            "geometryType": "rectangle",
            "labelerLogin": "Yalda2HITL",
            "createdAt": "2022-07-18T14:26:16.757Z",
            "updatedAt": "2022-07-18T14:26:16.757Z",
            "tags": [],
            "classTitle": "Body text",
            "points": {
                "exterior": [
                    [
                        262,
                        214
                    ],
                    [
                        530,
                        254
                    ]
                ],
                "interior": []
            }
        },
        {
            "id": 972019436,
            "classId": 10214732,
            "description": "",
            "geometryType": "rectangle",
            "labelerLogin": "Yalda2HITL",
            "createdAt": "2022-07-18T14:26:16.757Z",
            "updatedAt": "2022-07-18T14:26:16.757Z",
            "tags": [],
            "classTitle": "Body text",
            "points": {
                "exterior": [
                    [
                        140,
                        261
                    ],
                    [
                        236,
                        288
                    ]
                ],
                "interior": []
            }
        },
        {
            "id": 972019435,
            "classId": 10214732,
            "description": "",
            "geometryType": "rectangle",
            "labelerLogin": "Yalda2HITL",
            "createdAt": "2022-07-18T14:26:16.757Z",
            "updatedAt": "2022-07-18T14:26:16.757Z",
            "tags": [],
            "classTitle": "Body text",
            "points": {
                "exterior": [
                    [
                        232,
                        288
                    ],
                    [
                        310,
                        329
                    ]
                ],
                "interior": []
            }
        },
        {
            "id": 972019434,
            "classId": 10214732,
            "description": "",
            "geometryType": "rectangle",
            "labelerLogin": "Yalda2HITL",
            "createdAt": "2022-07-18T14:26:16.757Z",
            "updatedAt": "2022-07-18T14:26:16.757Z",
            "tags": [],
            "classTitle": "Body text",
            "points": {
                "exterior": [
                    [
                        188,
                        335
                    ],
                    [
                        377,
                        370
                    ]
                ],
                "interior": []
            }
        },
        {
            "id": 972019437,
            "classId": 10214732,
            "description": "",
            "geometryType": "rectangle",
            "labelerLogin": "Yalda2HITL",
            "createdAt": "2022-07-18T14:26:16.757Z",
            "updatedAt": "2022-07-18T14:26:16.757Z",
            "tags": [],
            "classTitle": "Body text",
            "points": {
                "exterior": [
                    [
                        576,
                        603
                    ],
                    [
                        605,
                        620
                    ]
                ],
                "interior": []
            }
        },
        {
            "id": 972019440,
            "classId": 10214732,
            "description": "",
            "geometryType": "rectangle",
            "labelerLogin": "Yalda2HITL",
            "createdAt": "2022-07-18T14:26:16.757Z",
            "updatedAt": "2022-07-18T14:26:16.757Z",
            "tags": [],
            "classTitle": "Body text",
            "points": {
                "exterior": [
                    [
                        160,
                        627
                    ],
                    [
                        642,
                        650
                    ]
                ],
                "interior": []
            }
        },
        {
            "id": 972019439,
            "classId": 10214732,
            "description": "",
            "geometryType": "rectangle",
            "labelerLogin": "Yalda2HITL",
            "createdAt": "2022-07-18T14:26:16.757Z",
            "updatedAt": "2022-07-18T14:26:16.757Z",
            "tags": [],
            "classTitle": "Body text",
            "points": {
                "exterior": [
                    [
                        157,
                        654
                    ],
                    [
                        642,
                        674
                    ]
                ],
                "interior": []
            }
        },
        {
            "id": 972019431,
            "classId": 10214732,
            "description": "",
            "geometryType": "rectangle",
            "labelerLogin": "Yalda2HITL",
            "createdAt": "2022-07-18T14:26:16.757Z",
            "updatedAt": "2022-07-18T14:26:16.757Z",
            "tags": [],
            "classTitle": "Body text",
            "points": {
                "exterior": [
                    [
                        515,
                        682
                    ],
                    [
                        632,
                        702
                    ]
                ],
                "interior": []
            }
        },
        {
            "id": 972019433,
            "classId": 10214732,
            "description": "",
            "geometryType": "rectangle",
            "labelerLogin": "Yalda2HITL",
            "createdAt": "2022-07-18T14:26:16.757Z",
            "updatedAt": "2022-07-18T14:26:16.757Z",
            "tags": [],
            "classTitle": "Body text",
            "points": {
                "exterior": [
                    [
                        138,
                        724
                    ],
                    [
                        637,
                        747
                    ]
                ],
                "interior": []
            }
        },
        {
            "id": 972019432,
            "classId": 10214732,
            "description": "",
            "geometryType": "rectangle",
            "labelerLogin": "Yalda2HITL",
            "createdAt": "2022-07-18T14:26:16.757Z",
            "updatedAt": "2022-07-18T14:26:16.757Z",
            "tags": [],
            "classTitle": "Body text",
            "points": {
                "exterior": [
                    [
                        366,
                        701
                    ],
                    [
                        406,
                        718
                    ]
                ],
                "interior": []
            }
        },
        {
            "id": 972019397,
            "classId": 10214732,
            "description": "",
            "geometryType": "rectangle",
            "labelerLogin": "Yalda2HITL",
            "createdAt": "2022-07-18T14:26:16.757Z",
            "updatedAt": "2022-07-18T14:26:16.757Z",
            "tags": [],
            "classTitle": "Body text",
            "points": {
                "exterior": [
                    [
                        377,
                        802
                    ],
                    [
                        592,
                        830
                    ]
                ],
                "interior": []
            }
        },
        {
            "id": 972019430,
            "classId": 10214732,
            "description": "",
            "geometryType": "rectangle",
            "labelerLogin": "Yalda2HITL",
            "createdAt": "2022-07-18T14:26:16.757Z",
            "updatedAt": "2022-07-18T14:26:16.757Z",
            "tags": [],
            "classTitle": "Body text",
            "points": {
                "exterior": [
                    [
                        194,
                        777
                    ],
                    [
                        258,
                        811
                    ]
                ],
                "interior": []
            }
        },
        {
            "id": 972019438,
            "classId": 10214731,
            "description": "",
            "geometryType": "rectangle",
            "labelerLogin": "Yalda2HITL",
            "createdAt": "2022-07-18T14:26:16.757Z",
            "updatedAt": "2022-07-18T14:26:16.757Z",
            "tags": [
                {
                    "id": 151023554,
                    "tagId": 30308107,
                    "name": "Transcription",
                    "value": "\u0627\u0644\u062d\u0634\u0631\u0627\u062a",
                    "labelerLogin": "Yalda2HITL",
                    "createdAt": "2022-07-18T14:26:16.757Z",
                    "updatedAt": "2022-07-18T14:26:16.757Z"
                }
            ],
            "classTitle": "Title",
            "points": {
                "exterior": [
                    [
                        220,
                        104
                    ],
                    [
                        571,
                        205
                    ]
                ],
                "interior": []
            }
        },
        {
            "id": 972019441,
            "classId": 10214730,
            "description": "",
            "geometryType": "polygon",
            "labelerLogin": "Yalda2HITL",
            "createdAt": "2022-07-18T14:26:16.757Z",
            "updatedAt": "2022-07-18T14:26:16.757Z",
            "tags": [],
            "classTitle": "Page",
            "points": {
                "exterior": [
                    [
                        103,
                        47
                    ],
                    [
                        130,
                        49
                    ],
                    [
                        214,
                        48
                    ],
                    [
                        340,
                        48
                    ],
                    [
                        378,
                        49
                    ],
                    [
                        414,
                        48
                    ],
                    [
                        664,
                        55
                    ],
                    [
                        676,
                        63
                    ],
                    [
                        674,
                        71
                    ],
                    [
                        672,
                        77
                    ],
                    [
                        672,
                        254
                    ],
                    [
                        672,
                        461
                    ],
                    [
                        670,
                        767
                    ],
                    [
                        670,
                        855
                    ],
                    [
                        665,
                        858
                    ],
                    [
                        617,
                        862
                    ],
                    [
                        559,
                        863
                    ],
                    [
                        455,
                        862
                    ],
                    [
                        285,
                        860
                    ],
                    [
                        163,
                        857
                    ],
                    [
                        128,
                        859
                    ],
                    [
                        111,
                        860
                    ],
                    [
                        103,
                        861
                    ],
                    [
                        100,
                        605
                    ],
                    [
                        97,
                        322
                    ],
                    [
                        95,
                        123
                    ],
                    [
                        96,
                        63
                    ],
                    [
                        96,
                        56
                    ],
                    [
                        98,
                        51
                    ]
                ],
                "interior": []
            }
        }
    ]
}