{
    "description": "",
    "tags": [],
    "size": {
        "height": 1600,
        "width": 1200
    },
    "objects": [
        {
            "id": 972015615,
            "classId": 10214732,
            "description": "",
            "geometryType": "rectangle",
            "labelerLogin": "Yalda2HITL",
            "createdAt": "2022-07-18T14:25:50.707Z",
            "updatedAt": "2022-07-18T14:25:50.707Z",
            "tags": [],
            "classTitle": "Body text",
            "points": {
                "exterior": [
                    [
                        269,
                        239
                    ],
                    [
                        981,
                        332
                    ]
                ],
                "interior": []
            }
        },
        {
            "id": 972015611,
            "classId": 10214732,
            "description": "",
            "geometryType": "rectangle",
            "labelerLogin": "Yalda2HITL",
            "createdAt": "2022-07-18T14:25:50.707Z",
            "updatedAt": "2022-07-18T14:25:50.707Z",
            "tags": [],
            "classTitle": "Body text",
            "points": {
                "exterior": [
                    [
                        317,
                        1057
                    ],
                    [
                        942,
                        1184
                    ]
                ],
                "interior": []
            }
        },
        {
            "id": 972015652,
            "classId": 10214732,
            "description": "",
            "geometryType": "rectangle",
            "labelerLogin": "Yalda2HITL",
            "createdAt": "2022-07-18T14:25:50.707Z",
            "updatedAt": "2022-07-18T14:25:50.707Z",
            "tags": [],
            "classTitle": "Body text",
            "points": {
                "exterior": [
                    [
                        604,
                        1366
                    ],
                    [
                        700,
                        1415
                    ]
                ],
                "interior": []
            }
        },
        {
            "id": 972015617,
            "classId": 10214732,
            "description": "",
            "geometryType": "rectangle",
            "labelerLogin": "Yalda2HITL",
            "createdAt": "2022-07-18T14:25:50.707Z",
            "updatedAt": "2022-07-18T14:25:50.707Z",
            "tags": [],
            "classTitle": "Body text",
            "points": {
                "exterior": [
                    [
                        547,
                        1387
                    ],
                    [
                        584,
                        1405
                    ]
                ],
                "interior": []
            }
        },
        {
            "id": 972015612,
            "classId": 10214731,
            "description": "",
            "geometryType": "rectangle",
            "labelerLogin": "Yalda2HITL",
            "createdAt": "2022-07-18T14:25:50.707Z",
            "updatedAt": "2022-07-18T14:25:50.707Z",
            "tags": [
                {
                    "id": 151023447,
                    "tagId": 30308107,
                    "name": "Transcription",
                    "value": "\u0627\u0644\u0645\u064f\u0639\u064e\u0631\u0651\u064e\u0628\u064e\u0629",
                    "labelerLogin": "Yalda2HITL",
                    "createdAt": "2022-07-18T14:25:50.708Z",
                    "updatedAt": "2022-07-18T14:25:50.708Z"
                }
            ],
            "classTitle": "Title",
            "points": {
                "exterior": [
                    [
                        403,
                        1189
                    ],
                    [
                        860,
                        1335
                    ]
                ],
                "interior": []
            }
        },
        {
            "id": 972015651,
            "classId": 10214730,
            "description": "",
            "geometryType": "polygon",
            "labelerLogin": "Yalda2HITL",
            "createdAt": "2022-07-18T14:25:50.707Z",
            "updatedAt": "2022-07-18T14:25:50.707Z",
            "tags": [],
            "classTitle": "Page",
            "points": {
                "exterior": [
                    [
                        1024,
                        1485
                    ],
                    [
                        1059,
                        1483
                    ],
                    [
                        1068,
                        1476
                    ],
                    [
                        1084,
                        1481
                    ],
                    [
                        1097,
                        1479
                    ],
                    [
                        1104,
                        1456
                    ],
                    [
                        1101,
                        1374
                    ],
                    [
                        1100,
                        1185
                    ],
                    [
                        1099,
                        1074
                    ],
                    [
                        1097,
                        831
                    ],
                    [
                        1096,
                        719
                    ],
                    [
                        1096,
                        494
                    ],
                    [
                        1095,
                        272
                    ],
                    [
                        1091,
                        211
                    ],
                    [
                        1083,
                        185
                    ],
                    [
                        1070,
                        187
                    ],
                    [
                        1065,
                        188
                    ],
                    [
                        1059,
                        188
                    ],
                    [
                        1054,
                        185
                    ],
                    [
                        1040,
                        182
                    ],
                    [
                        1003,
                        182
                    ],
                    [
                        951,
                        182
                    ],
                    [
                        905,
                        181
                    ],
                    [
                        836,
                        180
                    ],
                    [
                        770,
                        178
                    ],
                    [
                        699,
                        176
                    ],
                    [
                        590,
                        174
                    ],
                    [
                        442,
                        170
                    ],
                    [
                        280,
                        165
                    ],
                    [
                        201,
                        161
                    ],
                    [
                        195,
                        164
                    ],
                    [
                        190,
                        165
                    ],
                    [
                        186,
                        174
                    ],
                    [
                        184,
                        230
                    ],
                    [
                        183,
                        315
                    ],
                    [
                        178,
                        588
                    ],
                    [
                        175,
                        770
                    ],
                    [
                        174,
                        926
                    ],
                    [
                        167,
                        1170
                    ],
                    [
                        165,
                        1419
                    ],
                    [
                        165,
                        1474
                    ],
                    [
                        169,
                        1481
                    ],
                    [
                        364,
                        1480
                    ],
                    [
                        692,
                        1482
                    ],
                    [
                        882,
                        1482
                    ]
                ],
                "interior": []
            }
        }
    ]
}