{
    "description": "",
    "tags": [],
    "size": {
        "height": 924,
        "width": 750
    },
    "objects": [
        {
            "id": 972015742,
            "classId": 10214731,
            "description": "",
            "geometryType": "rectangle",
            "labelerLogin": "Yalda2HITL",
            "createdAt": "2022-07-18T14:25:50.707Z",
            "updatedAt": "2022-07-18T14:25:50.707Z",
            "tags": [
                {
                    "id": 151023468,
                    "tagId": 30308107,
                    "name": "Transcription",
                    "value": "\u0627\u0644\u0641 \u0644\u064a\u0644\u0629 \u0648\u0644\u064a\u0644\u0629",
                    "labelerLogin": "Yalda2HITL",
                    "createdAt": "2022-07-18T14:25:50.708Z",
                    "updatedAt": "2022-07-18T14:25:50.708Z"
                }
            ],
            "classTitle": "Title",
            "points": {
                "exterior": [
                    [
                        293,
                        105
                    ],
                    [
                        493,
                        174
                    ]
                ],
                "interior": []
            }
        },
        {
            "id": 972015721,
            "classId": 10214732,
            "description": "",
            "geometryType": "rectangle",
            "labelerLogin": "Yalda2HITL",
            "createdAt": "2022-07-18T14:25:50.707Z",
            "updatedAt": "2022-07-18T14:25:50.707Z",
            "tags": [],
            "classTitle": "Body text",
            "points": {
                "exterior": [
                    [
                        206,
                        191
                    ],
                    [
                        549,
                        211
                    ]
                ],
                "interior": []
            }
        },
        {
            "id": 972015732,
            "classId": 10214732,
            "description": "",
            "geometryType": "rectangle",
            "labelerLogin": "Yalda2HITL",
            "createdAt": "2022-07-18T14:25:50.707Z",
            "updatedAt": "2022-07-18T14:25:50.707Z",
            "tags": [],
            "classTitle": "Body text",
            "points": {
                "exterior": [
                    [
                        208,
                        216
                    ],
                    [
                        573,
                        239
                    ]
                ],
                "interior": []
            }
        },
        {
            "id": 972015736,
            "classId": 10214732,
            "description": "",
            "geometryType": "rectangle",
            "labelerLogin": "Yalda2HITL",
            "createdAt": "2022-07-18T14:25:50.707Z",
            "updatedAt": "2022-07-18T14:25:50.707Z",
            "tags": [],
            "classTitle": "Body text",
            "points": {
                "exterior": [
                    [
                        385,
                        246
                    ],
                    [
                        574,
                        267
                    ]
                ],
                "interior": []
            }
        },
        {
            "id": 972015751,
            "classId": 10214732,
            "description": "",
            "geometryType": "rectangle",
            "labelerLogin": "Yalda2HITL",
            "createdAt": "2022-07-18T14:25:50.707Z",
            "updatedAt": "2022-07-18T14:25:50.707Z",
            "tags": [],
            "classTitle": "Body text",
            "points": {
                "exterior": [
                    [
                        203,
                        276
                    ],
                    [
                        556,
                        297
                    ]
                ],
                "interior": []
            }
        },
        {
            "id": 972015734,
            "classId": 10214732,
            "description": "",
            "geometryType": "rectangle",
            "labelerLogin": "Yalda2HITL",
            "createdAt": "2022-07-18T14:25:50.707Z",
            "updatedAt": "2022-07-18T14:25:50.707Z",
            "tags": [],
            "classTitle": "Body text",
            "points": {
                "exterior": [
                    [
                        203,
                        302
                    ],
                    [
                        577,
                        326
                    ]
                ],
                "interior": []
            }
        },
        {
            "id": 972015735,
            "classId": 10214732,
            "description": "",
            "geometryType": "rectangle",
            "labelerLogin": "Yalda2HITL",
            "createdAt": "2022-07-18T14:25:50.707Z",
            "updatedAt": "2022-07-18T14:25:50.707Z",
            "tags": [],
            "classTitle": "Body text",
            "points": {
                "exterior": [
                    [
                        532,
                        332
                    ],
                    [
                        579,
                        351
                    ]
                ],
                "interior": []
            }
        },
        {
            "id": 972015750,
            "classId": 10214732,
            "description": "",
            "geometryType": "rectangle",
            "labelerLogin": "Yalda2HITL",
            "createdAt": "2022-07-18T14:25:50.707Z",
            "updatedAt": "2022-07-18T14:25:50.707Z",
            "tags": [],
            "classTitle": "Body text",
            "points": {
                "exterior": [
                    [
                        201,
                        366
                    ],
                    [
                        562,
                        390
                    ]
                ],
                "interior": []
            }
        },
        {
            "id": 972015722,
            "classId": 10214732,
            "description": "",
            "geometryType": "rectangle",
            "labelerLogin": "Yalda2HITL",
            "createdAt": "2022-07-18T14:25:50.707Z",
            "updatedAt": "2022-07-18T14:25:50.707Z",
            "tags": [],
            "classTitle": "Body text",
            "points": {
                "exterior": [
                    [
                        408,
                        393
                    ],
                    [
                        584,
                        416
                    ]
                ],
                "interior": []
            }
        },
        {
            "id": 972015748,
            "classId": 10214732,
            "description": "",
            "geometryType": "rectangle",
            "labelerLogin": "Yalda2HITL",
            "createdAt": "2022-07-18T14:25:50.707Z",
            "updatedAt": "2022-07-18T14:25:50.707Z",
            "tags": [],
            "classTitle": "Body text",
            "points": {
                "exterior": [
                    [
                        497,
                        434
                    ],
                    [
                        585,
                        450
                    ]
                ],
                "interior": []
            }
        },
        {
            "id": 972015737,
            "classId": 10214732,
            "description": "",
            "geometryType": "rectangle",
            "labelerLogin": "Yalda2HITL",
            "createdAt": "2022-07-18T14:25:50.707Z",
            "updatedAt": "2022-07-18T14:25:50.707Z",
            "tags": [],
            "classTitle": "Body text",
            "points": {
                "exterior": [
                    [
                        199,
                        477
                    ],
                    [
                        592,
                        503
                    ]
                ],
                "interior": []
            }
        },
        {
            "id": 972015745,
            "classId": 10214732,
            "description": "",
            "geometryType": "rectangle",
            "labelerLogin": "Yalda2HITL",
            "createdAt": "2022-07-18T14:25:50.707Z",
            "updatedAt": "2022-07-18T14:25:50.707Z",
            "tags": [],
            "classTitle": "Body text",
            "points": {
                "exterior": [
                    [
                        238,
                        508
                    ],
                    [
                        593,
                        529
                    ]
                ],
                "interior": []
            }
        },
        {
            "id": 972015733,
            "classId": 10214732,
            "description": "",
            "geometryType": "rectangle",
            "labelerLogin": "Yalda2HITL",
            "createdAt": "2022-07-18T14:25:50.707Z",
            "updatedAt": "2022-07-18T14:25:50.707Z",
            "tags": [],
            "classTitle": "Body text",
            "points": {
                "exterior": [
                    [
                        468,
                        540
                    ],
                    [
                        594,
                        560
                    ]
                ],
                "interior": []
            }
        },
        {
            "id": 972015743,
            "classId": 10214732,
            "description": "",
            "geometryType": "rectangle",
            "labelerLogin": "Yalda2HITL",
            "createdAt": "2022-07-18T14:25:50.707Z",
            "updatedAt": "2022-07-18T14:25:50.707Z",
            "tags": [],
            "classTitle": "Body text",
            "points": {
                "exterior": [
                    [
                        464,
                        571
                    ],
                    [
                        596,
                        592
                    ]
                ],
                "interior": []
            }
        },
        {
            "id": 972015741,
            "classId": 10214732,
            "description": "",
            "geometryType": "rectangle",
            "labelerLogin": "Yalda2HITL",
            "createdAt": "2022-07-18T14:25:50.707Z",
            "updatedAt": "2022-07-18T14:25:50.707Z",
            "tags": [],
            "classTitle": "Body text",
            "points": {
                "exterior": [
                    [
                        463,
                        604
                    ],
                    [
                        599,
                        627
                    ]
                ],
                "interior": []
            }
        },
        {
            "id": 972015731,
            "classId": 10214732,
            "description": "",
            "geometryType": "rectangle",
            "labelerLogin": "Yalda2HITL",
            "createdAt": "2022-07-18T14:25:50.707Z",
            "updatedAt": "2022-07-18T14:25:50.707Z",
            "tags": [],
            "classTitle": "Body text",
            "points": {
                "exterior": [
                    [
                        469,
                        635
                    ],
                    [
                        601,
                        660
                    ]
                ],
                "interior": []
            }
        },
        {
            "id": 972015730,
            "classId": 10214732,
            "description": "",
            "geometryType": "rectangle",
            "labelerLogin": "Yalda2HITL",
            "createdAt": "2022-07-18T14:25:50.707Z",
            "updatedAt": "2022-07-18T14:25:50.707Z",
            "tags": [],
            "classTitle": "Body text",
            "points": {
                "exterior": [
                    [
                        261,
                        533
                    ],
                    [
                        401,
                        555
                    ]
                ],
                "interior": []
            }
        },
        {
            "id": 972015747,
            "classId": 10214732,
            "description": "",
            "geometryType": "rectangle",
            "labelerLogin": "Yalda2HITL",
            "createdAt": "2022-07-18T14:25:50.707Z",
            "updatedAt": "2022-07-18T14:25:50.707Z",
            "tags": [],
            "classTitle": "Body text",
            "points": {
                "exterior": [
                    [
                        220,
                        560
                    ],
                    [
                        400,
                        584
                    ]
                ],
                "interior": []
            }
        },
        {
            "id": 972015749,
            "classId": 10214732,
            "description": "",
            "geometryType": "rectangle",
            "labelerLogin": "Yalda2HITL",
            "createdAt": "2022-07-18T14:25:50.707Z",
            "updatedAt": "2022-07-18T14:25:50.707Z",
            "tags": [],
            "classTitle": "Body text",
            "points": {
                "exterior": [
                    [
                        228,
                        589
                    ],
                    [
                        401,
                        610
                    ]
                ],
                "interior": []
            }
        },
        {
            "id": 972015744,
            "classId": 10214732,
            "description": "",
            "geometryType": "rectangle",
            "labelerLogin": "Yalda2HITL",
            "createdAt": "2022-07-18T14:25:50.707Z",
            "updatedAt": "2022-07-18T14:25:50.707Z",
            "tags": [],
            "classTitle": "Body text",
            "points": {
                "exterior": [
                    [
                        200,
                        617
                    ],
                    [
                        403,
                        642
                    ]
                ],
                "interior": []
            }
        },
        {
            "id": 972015746,
            "classId": 10214732,
            "description": "",
            "geometryType": "rectangle",
            "labelerLogin": "Yalda2HITL",
            "createdAt": "2022-07-18T14:25:50.707Z",
            "updatedAt": "2022-07-18T14:25:50.707Z",
            "tags": [],
            "classTitle": "Body text",
            "points": {
                "exterior": [
                    [
                        318,
                        646
                    ],
                    [
                        405,
                        667
                    ]
                ],
                "interior": []
            }
        },
        {
            "id": 972015738,
            "classId": 10214732,
            "description": "",
            "geometryType": "rectangle",
            "labelerLogin": "Yalda2HITL",
            "createdAt": "2022-07-18T14:25:50.707Z",
            "updatedAt": "2022-07-18T14:25:50.707Z",
            "tags": [],
            "classTitle": "Body text",
            "points": {
                "exterior": [
                    [
                        98,
                        672
                    ],
                    [
                        110,
                        767
                    ]
                ],
                "interior": []
            }
        },
        {
            "id": 972015729,
            "classId": 10214732,
            "description": "",
            "geometryType": "rectangle",
            "labelerLogin": "Yalda2HITL",
            "createdAt": "2022-07-18T14:25:50.707Z",
            "updatedAt": "2022-07-18T14:25:50.707Z",
            "tags": [],
            "classTitle": "Body text",
            "points": {
                "exterior": [
                    [
                        332,
                        758
                    ],
                    [
                        480,
                        793
                    ]
                ],
                "interior": []
            }
        },
        {
            "id": 972015728,
            "classId": 10214732,
            "description": "",
            "geometryType": "rectangle",
            "labelerLogin": "Yalda2HITL",
            "createdAt": "2022-07-18T14:25:50.707Z",
            "updatedAt": "2022-07-18T14:25:50.707Z",
            "tags": [],
            "classTitle": "Body text",
            "points": {
                "exterior": [
                    [
                        611,
                        817
                    ],
                    [
                        648,
                        834
                    ]
                ],
                "interior": []
            }
        },
        {
            "id": 972015752,
            "classId": 10214730,
            "description": "",
            "geometryType": "polygon",
            "labelerLogin": "Yalda2HITL",
            "createdAt": "2022-07-18T14:25:50.707Z",
            "updatedAt": "2022-07-18T14:25:50.707Z",
            "tags": [],
            "classTitle": "Page",
            "points": {
                "exterior": [
                    [
                        688,
                        897
                    ],
                    [
                        714,
                        897
                    ],
                    [
                        728,
                        894
                    ],
                    [
                        723,
                        837
                    ],
                    [
                        722,
                        807
                    ],
                    [
                        715,
                        726
                    ],
                    [
                        711,
                        687
                    ],
                    [
                        704,
                        600
                    ],
                    [
                        699,
                        546
                    ],
                    [
                        690,
                        464
                    ],
                    [
                        681,
                        377
                    ],
                    [
                        669,
                        252
                    ],
                    [
                        655,
                        105
                    ],
                    [
                        647,
                        37
                    ],
                    [
                        618,
                        37
                    ],
                    [
                        578,
                        38
                    ],
                    [
                        491,
                        40
                    ],
                    [
                        438,
                        40
                    ],
                    [
                        347,
                        38
                    ],
                    [
                        293,
                        38
                    ],
                    [
                        264,
                        39
                    ],
                    [
                        184,
                        39
                    ],
                    [
                        148,
                        37
                    ],
                    [
                        116,
                        39
                    ],
                    [
                        110,
                        39
                    ],
                    [
                        106,
                        67
                    ],
                    [
                        100,
                        136
                    ],
                    [
                        95,
                        200
                    ],
                    [
                        88,
                        301
                    ],
                    [
                        74,
                        516
                    ],
                    [
                        60,
                        743
                    ],
                    [
                        53,
                        845
                    ],
                    [
                        50,
                        899
                    ],
                    [
                        51,
                        906
                    ],
                    [
                        57,
                        910
                    ],
                    [
                        66,
                        912
                    ],
                    [
                        96,
                        911
                    ],
                    [
                        176,
                        909
                    ],
                    [
                        343,
                        906
                    ],
                    [
                        357,
                        903
                    ],
                    [
                        377,
                        904
                    ],
                    [
                        388,
                        905
                    ],
                    [
                        571,
                        902
                    ]
                ],
                "interior": []
            }
        }
    ]
}