{
    "description": "",
    "tags": [],
    "size": {
        "height": 1280,
        "width": 720
    },
    "objects": [
        {
            "id": 972015711,
            "classId": 10214732,
            "description": "",
            "geometryType": "rectangle",
            "labelerLogin": "Yalda2HITL",
            "createdAt": "2022-07-18T14:25:50.707Z",
            "updatedAt": "2022-07-18T14:25:50.707Z",
            "tags": [],
            "classTitle": "Body text",
            "points": {
                "exterior": [
                    [
                        482,
                        247
                    ],
                    [
                        620,
                        292
                    ]
                ],
                "interior": []
            }
        },
        {
            "id": 972015708,
            "classId": 10214732,
            "description": "",
            "geometryType": "rectangle",
            "labelerLogin": "Yalda2HITL",
            "createdAt": "2022-07-18T14:25:50.707Z",
            "updatedAt": "2022-07-18T14:25:50.707Z",
            "tags": [],
            "classTitle": "Body text",
            "points": {
                "exterior": [
                    [
                        159,
                        946
                    ],
                    [
                        267,
                        987
                    ]
                ],
                "interior": []
            }
        },
        {
            "id": 972015705,
            "classId": 10214732,
            "description": "",
            "geometryType": "rectangle",
            "labelerLogin": "Yalda2HITL",
            "createdAt": "2022-07-18T14:25:50.707Z",
            "updatedAt": "2022-07-18T14:25:50.707Z",
            "tags": [],
            "classTitle": "Body text",
            "points": {
                "exterior": [
                    [
                        189,
                        992
                    ],
                    [
                        237,
                        1005
                    ]
                ],
                "interior": []
            }
        },
        {
            "id": 972015710,
            "classId": 10214731,
            "description": "",
            "geometryType": "rectangle",
            "labelerLogin": "Yalda2HITL",
            "createdAt": "2022-07-18T14:25:50.707Z",
            "updatedAt": "2022-07-18T14:25:50.707Z",
            "tags": [
                {
                    "id": 151023461,
                    "tagId": 30308107,
                    "name": "Transcription",
                    "value": "\u062c\u064e\u062f\u0650\u0651\u062f \u062d\u064e\u064a\u0627\u062a\u064e\u0643\u064e",
                    "labelerLogin": "Yalda2HITL",
                    "createdAt": "2022-07-18T14:25:50.708Z",
                    "updatedAt": "2022-07-18T14:25:50.708Z"
                }
            ],
            "classTitle": "Title",
            "points": {
                "exterior": [
                    [
                        176,
                        363
                    ],
                    [
                        545,
                        486
                    ]
                ],
                "interior": []
            }
        },
        {
            "id": 972015694,
            "classId": 10214730,
            "description": "",
            "geometryType": "polygon",
            "labelerLogin": "Yalda2HITL",
            "createdAt": "2022-07-18T14:25:50.707Z",
            "updatedAt": "2022-07-18T14:25:50.707Z",
            "tags": [],
            "classTitle": "Page",
            "points": {
                "exterior": [
                    [
                        672,
                        1063
                    ],
                    [
                        676,
                        1054
                    ],
                    [
                        676,
                        1025
                    ],
                    [
                        675,
                        876
                    ],
                    [
                        679,
                        684
                    ],
                    [
                        682,
                        561
                    ],
                    [
                        687,
                        431
                    ],
                    [
                        696,
                        270
                    ],
                    [
                        703,
                        203
                    ],
                    [
                        704,
                        189
                    ],
                    [
                        703,
                        178
                    ],
                    [
                        703,
                        174
                    ],
                    [
                        702,
                        170
                    ],
                    [
                        699,
                        169
                    ],
                    [
                        693,
                        166
                    ],
                    [
                        677,
                        165
                    ],
                    [
                        661,
                        167
                    ],
                    [
                        644,
                        167
                    ],
                    [
                        574,
                        162
                    ],
                    [
                        516,
                        161
                    ],
                    [
                        441,
                        160
                    ],
                    [
                        347,
                        159
                    ],
                    [
                        165,
                        154
                    ],
                    [
                        111,
                        154
                    ],
                    [
                        88,
                        155
                    ],
                    [
                        72,
                        156
                    ],
                    [
                        64,
                        171
                    ],
                    [
                        61,
                        207
                    ],
                    [
                        56,
                        366
                    ],
                    [
                        49,
                        593
                    ],
                    [
                        46,
                        681
                    ],
                    [
                        40,
                        826
                    ],
                    [
                        33,
                        996
                    ],
                    [
                        34,
                        1017
                    ],
                    [
                        32,
                        1034
                    ],
                    [
                        31,
                        1045
                    ],
                    [
                        46,
                        1053
                    ],
                    [
                        89,
                        1054
                    ],
                    [
                        282,
                        1058
                    ],
                    [
                        412,
                        1061
                    ],
                    [
                        564,
                        1066
                    ]
                ],
                "interior": []
            }
        }
    ]
}