{
    "description": "",
    "tags": [],
    "size": {
        "height": 778,
        "width": 750
    },
    "objects": [
        {
            "id": 972015715,
            "classId": 10214731,
            "description": "",
            "geometryType": "rectangle",
            "labelerLogin": "Yalda2HITL",
            "createdAt": "2022-07-18T14:25:50.707Z",
            "updatedAt": "2022-07-18T14:25:50.707Z",
            "tags": [
                {
                    "id": 151023463,
                    "tagId": 30308107,
                    "name": "Transcription",
                    "value": "\u0627\u0644\u063a\u0637\u0627\u0648\u0649",
                    "labelerLogin": "Yalda2HITL",
                    "createdAt": "2022-07-18T14:25:50.708Z",
                    "updatedAt": "2022-07-18T14:25:50.708Z"
                }
            ],
            "classTitle": "Title",
            "points": {
                "exterior": [
                    [
                        174,
                        76
                    ],
                    [
                        539,
                        399
                    ]
                ],
                "interior": []
            }
        },
        {
            "id": 972015725,
            "classId": 10214731,
            "description": "",
            "geometryType": "rectangle",
            "labelerLogin": "Yalda2HITL",
            "createdAt": "2022-07-18T14:25:50.707Z",
            "updatedAt": "2022-07-18T14:25:50.707Z",
            "tags": [
                {
                    "id": 151023465,
                    "tagId": 30308107,
                    "name": "Transcription",
                    "value": "\u0627\u0644\u0643\u0648\u064a\u062a\u064a\u0629",
                    "labelerLogin": "Yalda2HITL",
                    "createdAt": "2022-07-18T14:25:50.708Z",
                    "updatedAt": "2022-07-18T14:25:50.708Z"
                }
            ],
            "classTitle": "Title",
            "points": {
                "exterior": [
                    [
                        167,
                        80
                    ],
                    [
                        576,
                        552
                    ]
                ],
                "interior": []
            }
        },
        {
            "id": 972015727,
            "classId": 10214732,
            "description": "",
            "geometryType": "rectangle",
            "labelerLogin": "Yalda2HITL",
            "createdAt": "2022-07-18T14:25:50.707Z",
            "updatedAt": "2022-07-18T14:25:50.707Z",
            "tags": [],
            "classTitle": "Body text",
            "points": {
                "exterior": [
                    [
                        344,
                        595
                    ],
                    [
                        397,
                        608
                    ]
                ],
                "interior": []
            }
        },
        {
            "id": 972015714,
            "classId": 10214732,
            "description": "",
            "geometryType": "rectangle",
            "labelerLogin": "Yalda2HITL",
            "createdAt": "2022-07-18T14:25:50.707Z",
            "updatedAt": "2022-07-18T14:25:50.707Z",
            "tags": [],
            "classTitle": "Body text",
            "points": {
                "exterior": [
                    [
                        305,
                        616
                    ],
                    [
                        431,
                        634
                    ]
                ],
                "interior": []
            }
        },
        {
            "id": 972015720,
            "classId": 10214730,
            "description": "",
            "geometryType": "polygon",
            "labelerLogin": "Yalda2HITL",
            "createdAt": "2022-07-18T14:25:50.707Z",
            "updatedAt": "2022-07-18T14:25:50.707Z",
            "tags": [],
            "classTitle": "Page",
            "points": {
                "exterior": [
                    [
                        442,
                        757
                    ],
                    [
                        587,
                        760
                    ],
                    [
                        621,
                        760
                    ],
                    [
                        622,
                        686
                    ],
                    [
                        622,
                        619
                    ],
                    [
                        623,
                        507
                    ],
                    [
                        622,
                        411
                    ],
                    [
                        622,
                        265
                    ],
                    [
                        621,
                        71
                    ],
                    [
                        620,
                        41
                    ],
                    [
                        615,
                        40
                    ],
                    [
                        596,
                        40
                    ],
                    [
                        590,
                        40
                    ],
                    [
                        554,
                        39
                    ],
                    [
                        507,
                        39
                    ],
                    [
                        441,
                        39
                    ],
                    [
                        323,
                        38
                    ],
                    [
                        212,
                        36
                    ],
                    [
                        130,
                        36
                    ],
                    [
                        130,
                        57
                    ],
                    [
                        128,
                        117
                    ],
                    [
                        125,
                        198
                    ],
                    [
                        120,
                        317
                    ],
                    [
                        114,
                        495
                    ],
                    [
                        109,
                        634
                    ],
                    [
                        107,
                        690
                    ],
                    [
                        105,
                        738
                    ],
                    [
                        105,
                        747
                    ],
                    [
                        105,
                        750
                    ],
                    [
                        182,
                        750
                    ],
                    [
                        296,
                        752
                    ],
                    [
                        431,
                        756
                    ]
                ],
                "interior": []
            }
        }
    ]
}