{
    "description": "",
    "tags": [],
    "size": {
        "height": 2048,
        "width": 1536
    },
    "objects": [
        {
            "id": 972015436,
            "classId": 10214730,
            "description": "",
            "geometryType": "polygon",
            "labelerLogin": "Yalda2HITL",
            "createdAt": "2022-07-18T14:25:39.493Z",
            "updatedAt": "2022-07-18T14:25:39.493Z",
            "tags": [],
            "classTitle": "Page",
            "points": {
                "exterior": [
                    [
                        40,
                        125
                    ],
                    [
                        1527,
                        162
                    ],
                    [
                        1368,
                        1923
                    ],
                    [
                        1319,
                        1939
                    ],
                    [
                        211,
                        1971
                    ],
                    [
                        174,
                        1389
                    ],
                    [
                        158,
                        998
                    ],
                    [
                        40,
                        178
                    ]
                ],
                "interior": []
            }
        },
        {
            "id": 972015447,
            "classId": 10214731,
            "description": "",
            "geometryType": "rectangle",
            "labelerLogin": "Yalda2HITL",
            "createdAt": "2022-07-18T14:25:39.493Z",
            "updatedAt": "2022-07-18T14:25:39.493Z",
            "tags": [
                {
                    "id": 151023426,
                    "tagId": 30308107,
                    "name": "Transcription",
                    "value": "\u0642\u0627\u0645\u0648\u0633 \u0627\u0644\u0628\u064a\u0626\u0629 \u0627\u0644\u0639\u0627\u0645\u0629",
                    "labelerLogin": "Yalda2HITL",
                    "createdAt": "2022-07-18T14:25:39.493Z",
                    "updatedAt": "2022-07-18T14:25:39.493Z"
                }
            ],
            "classTitle": "Title",
            "points": {
                "exterior": [
                    [
                        324,
                        834
                    ],
                    [
                        1243,
                        1223
                    ]
                ],
                "interior": []
            }
        },
        {
            "id": 972015433,
            "classId": 10214732,
            "description": "",
            "geometryType": "rectangle",
            "labelerLogin": "Yalda2HITL",
            "createdAt": "2022-07-18T14:25:39.493Z",
            "updatedAt": "2022-07-18T14:25:39.493Z",
            "tags": [],
            "classTitle": "Body text",
            "points": {
                "exterior": [
                    [
                        448,
                        579
                    ],
                    [
                        1120,
                        685
                    ]
                ],
                "interior": []
            }
        },
        {
            "id": 972015390,
            "classId": 10214732,
            "description": "",
            "geometryType": "rectangle",
            "labelerLogin": "Yalda2HITL",
            "createdAt": "2022-07-18T14:25:39.493Z",
            "updatedAt": "2022-07-18T14:25:39.493Z",
            "tags": [],
            "classTitle": "Body text",
            "points": {
                "exterior": [
                    [
                        548,
                        1390
                    ],
                    [
                        1073,
                        1492
                    ]
                ],
                "interior": []
            }
        },
        {
            "id": 972015449,
            "classId": 10214732,
            "description": "",
            "geometryType": "rectangle",
            "labelerLogin": "Yalda2HITL",
            "createdAt": "2022-07-18T14:25:39.493Z",
            "updatedAt": "2022-07-18T14:25:39.493Z",
            "tags": [],
            "classTitle": "Body text",
            "points": {
                "exterior": [
                    [
                        536,
                        1513
                    ],
                    [
                        1067,
                        1602
                    ]
                ],
                "interior": []
            }
        },
        {
            "id": 972015437,
            "classId": 10214732,
            "description": "",
            "geometryType": "rectangle",
            "labelerLogin": "Yalda2HITL",
            "createdAt": "2022-07-18T14:25:39.493Z",
            "updatedAt": "2022-07-18T14:25:39.493Z",
            "tags": [],
            "classTitle": "Body text",
            "points": {
                "exterior": [
                    [
                        740,
                        1748
                    ],
                    [
                        851,
                        1841
                    ]
                ],
                "interior": []
            }
        }
    ]
}