{
    "description": "",
    "tags": [],
    "size": {
        "height": 1280,
        "width": 720
    },
    "objects": [
        {
            "id": 972015497,
            "classId": 10214730,
            "description": "",
            "geometryType": "polygon",
            "labelerLogin": "Yalda2HITL",
            "createdAt": "2022-07-18T14:25:39.493Z",
            "updatedAt": "2022-07-18T14:25:39.493Z",
            "tags": [],
            "classTitle": "Page",
            "points": {
                "exterior": [
                    [
                        37,
                        212
                    ],
                    [
                        653,
                        168
                    ],
                    [
                        663,
                        650
                    ],
                    [
                        681,
                        1034
                    ],
                    [
                        686,
                        1111
                    ],
                    [
                        371,
                        1106
                    ],
                    [
                        180,
                        1108
                    ],
                    [
                        47,
                        1108
                    ]
                ],
                "interior": []
            }
        },
        {
            "id": 972015464,
            "classId": 10214731,
            "description": "",
            "geometryType": "rectangle",
            "labelerLogin": "Yalda2HITL",
            "createdAt": "2022-07-18T14:25:39.493Z",
            "updatedAt": "2022-07-18T14:25:39.493Z",
            "tags": [],
            "classTitle": "Title",
            "points": {
                "exterior": [
                    [
                        242,
                        492
                    ],
                    [
                        426,
                        711
                    ]
                ],
                "interior": []
            }
        },
        {
            "id": 972015522,
            "classId": 10214732,
            "description": "",
            "geometryType": "rectangle",
            "labelerLogin": "Yalda2HITL",
            "createdAt": "2022-07-18T14:25:39.493Z",
            "updatedAt": "2022-07-18T14:25:39.493Z",
            "tags": [],
            "classTitle": "Body text",
            "points": {
                "exterior": [
                    [
                        79,
                        318
                    ],
                    [
                        617,
                        363
                    ]
                ],
                "interior": []
            }
        },
        {
            "id": 972015453,
            "classId": 10214732,
            "description": "",
            "geometryType": "rectangle",
            "labelerLogin": "Yalda2HITL",
            "createdAt": "2022-07-18T14:25:39.493Z",
            "updatedAt": "2022-07-18T14:25:39.493Z",
            "tags": [],
            "classTitle": "Body text",
            "points": {
                "exterior": [
                    [
                        100,
                        369
                    ],
                    [
                        173,
                        391
                    ]
                ],
                "interior": []
            }
        },
        {
            "id": 972015496,
            "classId": 10214732,
            "description": "",
            "geometryType": "rectangle",
            "labelerLogin": "Yalda2HITL",
            "createdAt": "2022-07-18T14:25:39.493Z",
            "updatedAt": "2022-07-18T14:25:39.493Z",
            "tags": [],
            "classTitle": "Body text",
            "points": {
                "exterior": [
                    [
                        210,
                        620
                    ],
                    [
                        471,
                        753
                    ]
                ],
                "interior": []
            }
        },
        {
            "id": 972015495,
            "classId": 10214732,
            "description": "",
            "geometryType": "rectangle",
            "labelerLogin": "Yalda2HITL",
            "createdAt": "2022-07-18T14:25:39.493Z",
            "updatedAt": "2022-07-18T14:25:39.493Z",
            "tags": [],
            "classTitle": "Body text",
            "points": {
                "exterior": [
                    [
                        106,
                        902
                    ],
                    [
                        641,
                        993
                    ]
                ],
                "interior": []
            }
        },
        {
            "id": 972015493,
            "classId": 10214732,
            "description": "",
            "geometryType": "rectangle",
            "labelerLogin": "Yalda2HITL",
            "createdAt": "2022-07-18T14:25:39.493Z",
            "updatedAt": "2022-07-18T14:25:39.493Z",
            "tags": [],
            "classTitle": "Body text",
            "points": {
                "exterior": [
                    [
                        299,
                        895
                    ],
                    [
                        448,
                        916
                    ]
                ],
                "interior": []
            }
        },
        {
            "id": 972015487,
            "classId": 10214732,
            "description": "",
            "geometryType": "rectangle",
            "labelerLogin": "Yalda2HITL",
            "createdAt": "2022-07-18T14:25:39.493Z",
            "updatedAt": "2022-07-18T14:25:39.493Z",
            "tags": [],
            "classTitle": "Body text",
            "points": {
                "exterior": [
                    [
                        301,
                        970
                    ],
                    [
                        443,
                        993
                    ]
                ],
                "interior": []
            }
        },
        {
            "id": 972015450,
            "classId": 10214732,
            "description": "",
            "geometryType": "rectangle",
            "labelerLogin": "Yalda2HITL",
            "createdAt": "2022-07-18T14:25:39.493Z",
            "updatedAt": "2022-07-18T14:25:39.493Z",
            "tags": [],
            "classTitle": "Body text",
            "points": {
                "exterior": [
                    [
                        85,
                        1009
                    ],
                    [
                        648,
                        1035
                    ]
                ],
                "interior": []
            }
        }
    ]
}