{
    "description": "",
    "tags": [],
    "size": {
        "height": 1050,
        "width": 1080
    },
    "objects": [
        {
            "id": 972021161,
            "classId": 10214732,
            "description": "",
            "geometryType": "rectangle",
            "labelerLogin": "Yalda2HITL",
            "createdAt": "2022-07-18T14:27:43.798Z",
            "updatedAt": "2022-07-18T14:27:43.798Z",
            "tags": [],
            "classTitle": "Body text",
            "points": {
                "exterior": [
                    [
                        281,
                        136
                    ],
                    [
                        466,
                        192
                    ]
                ],
                "interior": []
            }
        },
        {
            "id": 972021163,
            "classId": 10214731,
            "description": "",
            "geometryType": "rectangle",
            "labelerLogin": "Yalda2HITL",
            "createdAt": "2022-07-18T14:27:43.798Z",
            "updatedAt": "2022-07-18T14:27:43.798Z",
            "tags": [
                {
                    "id": 151023781,
                    "tagId": 30308107,
                    "name": "Transcription",
                    "value": "\u0633\u0644\u0637\u0629 \u0627\u0644\u062b\u0642\u0627\u0641\u0629 \u0627\u0644\u063a\u0627\u0644\u0628\u0629",
                    "labelerLogin": "Yalda2HITL",
                    "createdAt": "2022-07-18T14:27:43.798Z",
                    "updatedAt": "2022-07-18T14:27:43.798Z"
                }
            ],
            "classTitle": "Title",
            "points": {
                "exterior": [
                    [
                        261,
                        339
                    ],
                    [
                        716,
                        404
                    ]
                ],
                "interior": []
            }
        },
        {
            "id": 972021156,
            "classId": 10214732,
            "description": "",
            "geometryType": "rectangle",
            "labelerLogin": "Yalda2HITL",
            "createdAt": "2022-07-18T14:27:43.798Z",
            "updatedAt": "2022-07-18T14:27:43.798Z",
            "tags": [],
            "classTitle": "Body text",
            "points": {
                "exterior": [
                    [
                        282,
                        906
                    ],
                    [
                        461,
                        949
                    ]
                ],
                "interior": []
            }
        },
        {
            "id": 972021164,
            "classId": 10214730,
            "description": "",
            "geometryType": "polygon",
            "labelerLogin": "Yalda2HITL",
            "createdAt": "2022-07-18T14:27:43.798Z",
            "updatedAt": "2022-07-18T14:27:43.798Z",
            "tags": [],
            "classTitle": "Page",
            "points": {
                "exterior": [
                    [
                        201,
                        11
                    ],
                    [
                        192,
                        17
                    ],
                    [
                        188,
                        50
                    ],
                    [
                        170,
                        385
                    ],
                    [
                        136,
                        1018
                    ],
                    [
                        136,
                        1040
                    ],
                    [
                        144,
                        1047
                    ],
                    [
                        167,
                        1045
                    ],
                    [
                        332,
                        1033
                    ],
                    [
                        593,
                        1015
                    ],
                    [
                        863,
                        996
                    ],
                    [
                        870,
                        993
                    ],
                    [
                        878,
                        995
                    ],
                    [
                        898,
                        992
                    ],
                    [
                        907,
                        990
                    ],
                    [
                        911,
                        984
                    ],
                    [
                        914,
                        973
                    ],
                    [
                        913,
                        960
                    ],
                    [
                        907,
                        942
                    ],
                    [
                        882,
                        696
                    ],
                    [
                        839,
                        292
                    ],
                    [
                        829,
                        186
                    ],
                    [
                        819,
                        86
                    ],
                    [
                        815,
                        81
                    ],
                    [
                        803,
                        79
                    ],
                    [
                        779,
                        78
                    ],
                    [
                        689,
                        70
                    ],
                    [
                        598,
                        62
                    ],
                    [
                        420,
                        43
                    ]
                ],
                "interior": []
            }
        }
    ]
}