{
    "description": "",
    "tags": [],
    "size": {
        "height": 4000,
        "width": 2250
    },
    "objects": [
        {
            "id": 972015485,
            "classId": 10214730,
            "description": "",
            "geometryType": "polygon",
            "labelerLogin": "Yalda2HITL",
            "createdAt": "2022-07-18T14:25:39.493Z",
            "updatedAt": "2022-07-18T14:25:39.493Z",
            "tags": [],
            "classTitle": "Page",
            "points": {
                "exterior": [
                    [
                        99,
                        560
                    ],
                    [
                        1987,
                        517
                    ],
                    [
                        2081,
                        3281
                    ],
                    [
                        77,
                        3267
                    ],
                    [
                        120,
                        1863
                    ]
                ],
                "interior": []
            }
        },
        {
            "id": 972015377,
            "classId": 10214731,
            "description": "",
            "geometryType": "rectangle",
            "labelerLogin": "Yalda2HITL",
            "createdAt": "2022-07-18T14:25:39.492Z",
            "updatedAt": "2022-07-18T14:25:39.492Z",
            "tags": [
                {
                    "id": 151023413,
                    "tagId": 30308107,
                    "name": "Transcription",
                    "value": "\u0641\u0642\u0647 \u0627\u0644\u0639\u0628\u0627\u062f\u0627\u062a",
                    "labelerLogin": "Yalda2HITL",
                    "createdAt": "2022-07-18T14:25:39.493Z",
                    "updatedAt": "2022-07-18T14:25:39.493Z"
                }
            ],
            "classTitle": "Title",
            "points": {
                "exterior": [
                    [
                        609,
                        1226
                    ],
                    [
                        1467,
                        1505
                    ]
                ],
                "interior": []
            }
        },
        {
            "id": 972015484,
            "classId": 10214732,
            "description": "",
            "geometryType": "rectangle",
            "labelerLogin": "Yalda2HITL",
            "createdAt": "2022-07-18T14:25:39.493Z",
            "updatedAt": "2022-07-18T14:25:39.493Z",
            "tags": [],
            "classTitle": "Body text",
            "points": {
                "exterior": [
                    [
                        868,
                        1548
                    ],
                    [
                        1209,
                        1634
                    ]
                ],
                "interior": []
            }
        },
        {
            "id": 972015457,
            "classId": 10214732,
            "description": "",
            "geometryType": "rectangle",
            "labelerLogin": "Yalda2HITL",
            "createdAt": "2022-07-18T14:25:39.493Z",
            "updatedAt": "2022-07-18T14:25:39.493Z",
            "tags": [],
            "classTitle": "Body text",
            "points": {
                "exterior": [
                    [
                        995,
                        2239
                    ],
                    [
                        1112,
                        2309
                    ]
                ],
                "interior": []
            }
        },
        {
            "id": 972015486,
            "classId": 10214732,
            "description": "",
            "geometryType": "rectangle",
            "labelerLogin": "Yalda2HITL",
            "createdAt": "2022-07-18T14:25:39.493Z",
            "updatedAt": "2022-07-18T14:25:39.493Z",
            "tags": [],
            "classTitle": "Body text",
            "points": {
                "exterior": [
                    [
                        821,
                        2335
                    ],
                    [
                        1280,
                        2461
                    ]
                ],
                "interior": []
            }
        }
    ]
}