{
    "description": "",
    "tags": [],
    "size": {
        "height": 1225,
        "width": 1062
    },
    "objects": [
        {
            "id": 972021165,
            "classId": 10214731,
            "description": "",
            "geometryType": "rectangle",
            "labelerLogin": "Yalda2HITL",
            "createdAt": "2022-07-18T14:27:43.798Z",
            "updatedAt": "2022-07-18T14:27:43.798Z",
            "tags": [
                {
                    "id": 151023782,
                    "tagId": 30308107,
                    "name": "Transcription",
                    "value": "\u0627\u0644\u0628\u062e\u0644\u0627\u0621",
                    "labelerLogin": "Yalda2HITL",
                    "createdAt": "2022-07-18T14:27:43.798Z",
                    "updatedAt": "2022-07-18T14:27:43.798Z"
                }
            ],
            "classTitle": "Title",
            "points": {
                "exterior": [
                    [
                        247,
                        173
                    ],
                    [
                        794,
                        398
                    ]
                ],
                "interior": []
            }
        },
        {
            "id": 972021168,
            "classId": 10214732,
            "description": "",
            "geometryType": "rectangle",
            "labelerLogin": "Yalda2HITL",
            "createdAt": "2022-07-18T14:27:43.798Z",
            "updatedAt": "2022-07-18T14:27:43.798Z",
            "tags": [],
            "classTitle": "Body text",
            "points": {
                "exterior": [
                    [
                        489,
                        418
                    ],
                    [
                        548,
                        445
                    ]
                ],
                "interior": []
            }
        },
        {
            "id": 972021162,
            "classId": 10214732,
            "description": "",
            "geometryType": "rectangle",
            "labelerLogin": "Yalda2HITL",
            "createdAt": "2022-07-18T14:27:43.798Z",
            "updatedAt": "2022-07-18T14:27:43.798Z",
            "tags": [],
            "classTitle": "Body text",
            "points": {
                "exterior": [
                    [
                        335,
                        448
                    ],
                    [
                        699,
                        483
                    ]
                ],
                "interior": []
            }
        },
        {
            "id": 972021167,
            "classId": 10214732,
            "description": "",
            "geometryType": "rectangle",
            "labelerLogin": "Yalda2HITL",
            "createdAt": "2022-07-18T14:27:43.798Z",
            "updatedAt": "2022-07-18T14:27:43.798Z",
            "tags": [],
            "classTitle": "Body text",
            "points": {
                "exterior": [
                    [
                        411,
                        493
                    ],
                    [
                        625,
                        516
                    ]
                ],
                "interior": []
            }
        },
        {
            "id": 972021166,
            "classId": 10214732,
            "description": "",
            "geometryType": "rectangle",
            "labelerLogin": "Yalda2HITL",
            "createdAt": "2022-07-18T14:27:43.798Z",
            "updatedAt": "2022-07-18T14:27:43.798Z",
            "tags": [],
            "classTitle": "Body text",
            "points": {
                "exterior": [
                    [
                        422,
                        1022
                    ],
                    [
                        616,
                        1075
                    ]
                ],
                "interior": []
            }
        },
        {
            "id": 972021170,
            "classId": 10214730,
            "description": "",
            "geometryType": "polygon",
            "labelerLogin": "Yalda2HITL",
            "createdAt": "2022-07-18T14:27:43.798Z",
            "updatedAt": "2022-07-18T14:27:43.798Z",
            "tags": [],
            "classTitle": "Page",
            "points": {
                "exterior": [
                    [
                        903,
                        85
                    ],
                    [
                        906,
                        459
                    ],
                    [
                        907,
                        663
                    ],
                    [
                        912,
                        1112
                    ],
                    [
                        908,
                        1120
                    ],
                    [
                        880,
                        1122
                    ],
                    [
                        612,
                        1122
                    ],
                    [
                        301,
                        1123
                    ],
                    [
                        166,
                        1124
                    ],
                    [
                        166,
                        1075
                    ],
                    [
                        171,
                        802
                    ],
                    [
                        172,
                        317
                    ],
                    [
                        175,
                        72
                    ],
                    [
                        177,
                        69
                    ],
                    [
                        547,
                        77
                    ]
                ],
                "interior": []
            }
        }
    ]
}