{
    "description": "",
    "tags": [],
    "size": {
        "height": 4000,
        "width": 2250
    },
    "objects": [
        {
            "id": 972015533,
            "classId": 10214730,
            "description": "",
            "geometryType": "polygon",
            "labelerLogin": "Yalda2HITL",
            "createdAt": "2022-07-18T14:25:39.493Z",
            "updatedAt": "2022-07-18T14:25:39.493Z",
            "tags": [],
            "classTitle": "Page",
            "points": {
                "exterior": [
                    [
                        990,
                        715
                    ],
                    [
                        1326,
                        705
                    ],
                    [
                        1722,
                        702
                    ],
                    [
                        1793,
                        704
                    ],
                    [
                        1820,
                        1035
                    ],
                    [
                        1881,
                        1791
                    ],
                    [
                        1918,
                        2102
                    ],
                    [
                        1965,
                        2507
                    ],
                    [
                        2027,
                        3133
                    ],
                    [
                        1940,
                        3158
                    ],
                    [
                        1758,
                        3177
                    ],
                    [
                        1454,
                        3211
                    ],
                    [
                        1076,
                        3241
                    ],
                    [
                        826,
                        3250
                    ],
                    [
                        697,
                        3256
                    ],
                    [
                        528,
                        3262
                    ],
                    [
                        402,
                        3273
                    ],
                    [
                        296,
                        3291
                    ],
                    [
                        281,
                        3285
                    ],
                    [
                        275,
                        3201
                    ],
                    [
                        264,
                        2679
                    ],
                    [
                        244,
                        1967
                    ],
                    [
                        216,
                        1479
                    ],
                    [
                        190,
                        1049
                    ],
                    [
                        176,
                        793
                    ],
                    [
                        181,
                        702
                    ],
                    [
                        197,
                        671
                    ],
                    [
                        220,
                        683
                    ],
                    [
                        259,
                        699
                    ],
                    [
                        302,
                        708
                    ],
                    [
                        346,
                        710
                    ],
                    [
                        369,
                        715
                    ],
                    [
                        419,
                        721
                    ],
                    [
                        472,
                        721
                    ],
                    [
                        540,
                        721
                    ],
                    [
                        602,
                        720
                    ],
                    [
                        658,
                        721
                    ],
                    [
                        700,
                        720
                    ],
                    [
                        807,
                        717
                    ],
                    [
                        895,
                        717
                    ],
                    [
                        943,
                        714
                    ]
                ],
                "interior": []
            }
        },
        {
            "id": 972015554,
            "classId": 10214732,
            "description": "",
            "geometryType": "rectangle",
            "labelerLogin": "Yalda2HITL",
            "createdAt": "2022-07-18T14:25:39.493Z",
            "updatedAt": "2022-07-18T14:25:39.493Z",
            "tags": [],
            "classTitle": "Body text",
            "points": {
                "exterior": [
                    [
                        513,
                        2139
                    ],
                    [
                        1739,
                        2361
                    ]
                ],
                "interior": []
            }
        },
        {
            "id": 972015553,
            "classId": 10214732,
            "description": "",
            "geometryType": "rectangle",
            "labelerLogin": "Yalda2HITL",
            "createdAt": "2022-07-18T14:25:39.493Z",
            "updatedAt": "2022-07-18T14:25:39.493Z",
            "tags": [],
            "classTitle": "Body text",
            "points": {
                "exterior": [
                    [
                        1052,
                        2389
                    ],
                    [
                        1274,
                        2469
                    ]
                ],
                "interior": []
            }
        },
        {
            "id": 972015420,
            "classId": 10214732,
            "description": "",
            "geometryType": "rectangle",
            "labelerLogin": "Yalda2HITL",
            "createdAt": "2022-07-18T14:25:39.493Z",
            "updatedAt": "2022-07-18T14:25:39.493Z",
            "tags": [],
            "classTitle": "Body text",
            "points": {
                "exterior": [
                    [
                        1125,
                        2477
                    ],
                    [
                        1237,
                        2597
                    ]
                ],
                "interior": []
            }
        },
        {
            "id": 972015552,
            "classId": 10214731,
            "description": "",
            "geometryType": "rectangle",
            "labelerLogin": "Yalda2HITL",
            "createdAt": "2022-07-18T14:25:39.493Z",
            "updatedAt": "2022-07-18T14:25:39.493Z",
            "tags": [],
            "classTitle": "Title",
            "points": {
                "exterior": [
                    [
                        584,
                        1434
                    ],
                    [
                        1624,
                        2121
                    ]
                ],
                "interior": []
            }
        },
        {
            "id": 972015423,
            "classId": 10214732,
            "description": "",
            "geometryType": "rectangle",
            "labelerLogin": "Yalda2HITL",
            "createdAt": "2022-07-18T14:25:39.493Z",
            "updatedAt": "2022-07-18T14:25:39.493Z",
            "tags": [
                {
                    "id": 151023421,
                    "tagId": 30308107,
                    "name": "Transcription",
                    "value": "\u0631\u0648\u0627\u064a\u0629",
                    "labelerLogin": "Yalda2HITL",
                    "createdAt": "2022-07-18T14:25:39.493Z",
                    "updatedAt": "2022-07-18T14:25:39.493Z"
                }
            ],
            "classTitle": "Body text",
            "points": {
                "exterior": [
                    [
                        993,
                        2067
                    ],
                    [
                        1218,
                        2155
                    ]
                ],
                "interior": []
            }
        }
    ]
}