{
    "description": "",
    "tags": [],
    "size": {
        "height": 4000,
        "width": 2250
    },
    "objects": [
        {
            "id": 972015559,
            "classId": 10214730,
            "description": "",
            "geometryType": "polygon",
            "labelerLogin": "Yalda2HITL",
            "createdAt": "2022-07-18T14:25:39.493Z",
            "updatedAt": "2022-07-18T14:25:39.493Z",
            "tags": [],
            "classTitle": "Page",
            "points": {
                "exterior": [
                    [
                        388,
                        404
                    ],
                    [
                        825,
                        428
                    ],
                    [
                        1384,
                        469
                    ],
                    [
                        1719,
                        485
                    ],
                    [
                        2046,
                        510
                    ],
                    [
                        1900,
                        1541
                    ],
                    [
                        1766,
                        2671
                    ],
                    [
                        1644,
                        2675
                    ],
                    [
                        1486,
                        2665
                    ],
                    [
                        1320,
                        2658
                    ],
                    [
                        1039,
                        2656
                    ],
                    [
                        727,
                        2661
                    ],
                    [
                        401,
                        2670
                    ]
                ],
                "interior": []
            }
        },
        {
            "id": 972015425,
            "classId": 10214731,
            "description": "",
            "geometryType": "rectangle",
            "labelerLogin": "Yalda2HITL",
            "createdAt": "2022-07-18T14:25:39.493Z",
            "updatedAt": "2022-07-18T14:25:39.493Z",
            "tags": [
                {
                    "id": 151023422,
                    "tagId": 30308107,
                    "name": "Transcription",
                    "value": "\u0623\u0648\u0631\u0627\u0642 \u0627\u0644\u0648\u0631\u062f",
                    "labelerLogin": "Yalda2HITL",
                    "createdAt": "2022-07-18T14:25:39.493Z",
                    "updatedAt": "2022-07-18T14:25:39.493Z"
                }
            ],
            "classTitle": "Title",
            "points": {
                "exterior": [
                    [
                        760,
                        1019
                    ],
                    [
                        1575,
                        1377
                    ]
                ],
                "interior": []
            }
        },
        {
            "id": 972015386,
            "classId": 10214732,
            "description": "",
            "geometryType": "rectangle",
            "labelerLogin": "Yalda2HITL",
            "createdAt": "2022-07-18T14:25:39.492Z",
            "updatedAt": "2022-07-18T14:25:39.492Z",
            "tags": [],
            "classTitle": "Body text",
            "points": {
                "exterior": [
                    [
                        900,
                        1635
                    ],
                    [
                        1383,
                        1776
                    ]
                ],
                "interior": []
            }
        },
        {
            "id": 972015569,
            "classId": 10214732,
            "description": "",
            "geometryType": "rectangle",
            "labelerLogin": "Yalda2HITL",
            "createdAt": "2022-07-18T14:25:39.493Z",
            "updatedAt": "2022-07-18T14:25:39.493Z",
            "tags": [],
            "classTitle": "Body text",
            "points": {
                "exterior": [
                    [
                        574,
                        2388
                    ],
                    [
                        1045,
                        2521
                    ]
                ],
                "interior": []
            }
        }
    ]
}