{
    "description": "",
    "tags": [],
    "size": {
        "height": 4000,
        "width": 2250
    },
    "objects": [
        {
            "id": 972015561,
            "classId": 10214730,
            "description": "",
            "geometryType": "polygon",
            "labelerLogin": "Yalda2HITL",
            "createdAt": "2022-07-18T14:25:39.493Z",
            "updatedAt": "2022-07-18T14:25:39.493Z",
            "tags": [],
            "classTitle": "Page",
            "points": {
                "exterior": [
                    [
                        732,
                        564
                    ],
                    [
                        1392,
                        662
                    ],
                    [
                        1880,
                        748
                    ],
                    [
                        2196,
                        809
                    ],
                    [
                        2112,
                        1392
                    ],
                    [
                        2023,
                        2032
                    ],
                    [
                        1969,
                        2513
                    ],
                    [
                        1884,
                        3169
                    ],
                    [
                        1492,
                        3074
                    ],
                    [
                        865,
                        2935
                    ],
                    [
                        379,
                        2833
                    ],
                    [
                        145,
                        2783
                    ]
                ],
                "interior": []
            }
        },
        {
            "id": 972015401,
            "classId": 10214731,
            "description": "",
            "geometryType": "rectangle",
            "labelerLogin": "Yalda2HITL",
            "createdAt": "2022-07-18T14:25:39.493Z",
            "updatedAt": "2022-07-18T14:25:39.493Z",
            "tags": [
                {
                    "id": 151023417,
                    "tagId": 30308107,
                    "name": "Transcription",
                    "value": "\u0627\u0644\u0633\u062d\u0627\u0628 \u0627\u0644\u0623\u062d\u0645\u0631",
                    "labelerLogin": "Yalda2HITL",
                    "createdAt": "2022-07-18T14:25:39.493Z",
                    "updatedAt": "2022-07-18T14:25:39.493Z"
                }
            ],
            "classTitle": "Title",
            "points": {
                "exterior": [
                    [
                        758,
                        986
                    ],
                    [
                        1919,
                        1409
                    ]
                ],
                "interior": []
            }
        },
        {
            "id": 972015402,
            "classId": 10214732,
            "description": "",
            "geometryType": "rectangle",
            "labelerLogin": "Yalda2HITL",
            "createdAt": "2022-07-18T14:25:39.493Z",
            "updatedAt": "2022-07-18T14:25:39.493Z",
            "tags": [],
            "classTitle": "Body text",
            "points": {
                "exterior": [
                    [
                        993,
                        1520
                    ],
                    [
                        1477,
                        1713
                    ]
                ],
                "interior": []
            }
        },
        {
            "id": 972015428,
            "classId": 10214732,
            "description": "",
            "geometryType": "rectangle",
            "labelerLogin": "Yalda2HITL",
            "createdAt": "2022-07-18T14:25:39.493Z",
            "updatedAt": "2022-07-18T14:25:39.493Z",
            "tags": [],
            "classTitle": "Body text",
            "points": {
                "exterior": [
                    [
                        755,
                        2554
                    ],
                    [
                        1284,
                        2802
                    ]
                ],
                "interior": []
            }
        }
    ]
}