{
    "description": "",
    "tags": [],
    "size": {
        "height": 4000,
        "width": 3000
    },
    "objects": [
        {
            "id": 972014682,
            "classId": 10214730,
            "description": "",
            "geometryType": "polygon",
            "labelerLogin": "Yalda2HITL",
            "createdAt": "2022-07-18T14:25:10.521Z",
            "updatedAt": "2022-07-18T14:25:10.521Z",
            "tags": [],
            "classTitle": "Page",
            "points": {
                "exterior": [
                    [
                        764,
                        2024
                    ],
                    [
                        929,
                        1847
                    ],
                    [
                        1196,
                        1559
                    ],
                    [
                        1379,
                        1360
                    ],
                    [
                        1526,
                        1199
                    ],
                    [
                        1547,
                        1177
                    ],
                    [
                        1565,
                        1194
                    ],
                    [
                        1887,
                        1473
                    ],
                    [
                        2134,
                        1685
                    ],
                    [
                        2300,
                        1830
                    ],
                    [
                        2453,
                        1975
                    ],
                    [
                        2082,
                        2495
                    ],
                    [
                        1377,
                        3488
                    ],
                    [
                        633,
                        2878
                    ],
                    [
                        262,
                        2566
                    ],
                    [
                        280,
                        2542
                    ]
                ],
                "interior": []
            }
        },
        {
            "id": 972014706,
            "classId": 10214731,
            "description": "\u0627\u0644\u062a\u062e\u0644\u0641 \u0627\u0644\u0627\u062c\u062a\u0645\u0627\u0639\u064a",
            "geometryType": "rectangle",
            "labelerLogin": "Yalda2HITL",
            "createdAt": "2022-07-18T14:25:10.521Z",
            "updatedAt": "2022-07-18T14:25:10.521Z",
            "tags": [],
            "classTitle": "Title",
            "points": {
                "exterior": [
                    [
                        1303,
                        1627
                    ],
                    [
                        2100,
                        2277
                    ]
                ],
                "interior": []
            }
        },
        {
            "id": 972014681,
            "classId": 10214732,
            "description": "",
            "geometryType": "rectangle",
            "labelerLogin": "Yalda2HITL",
            "createdAt": "2022-07-18T14:25:10.521Z",
            "updatedAt": "2022-07-18T14:25:10.521Z",
            "tags": [],
            "classTitle": "Body text",
            "points": {
                "exterior": [
                    [
                        1646,
                        1446
                    ],
                    [
                        2189,
                        1930
                    ]
                ],
                "interior": []
            }
        },
        {
            "id": 972014715,
            "classId": 10214732,
            "description": "",
            "geometryType": "rectangle",
            "labelerLogin": "Yalda2HITL",
            "createdAt": "2022-07-18T14:25:10.521Z",
            "updatedAt": "2022-07-18T14:25:10.521Z",
            "tags": [],
            "classTitle": "Body text",
            "points": {
                "exterior": [
                    [
                        1465,
                        1946
                    ],
                    [
                        1736,
                        2182
                    ]
                ],
                "interior": []
            }
        },
        {
            "id": 972014724,
            "classId": 10214732,
            "description": "",
            "geometryType": "rectangle",
            "labelerLogin": "Yalda2HITL",
            "createdAt": "2022-07-18T14:25:10.521Z",
            "updatedAt": "2022-07-18T14:25:10.521Z",
            "tags": [],
            "classTitle": "Body text",
            "points": {
                "exterior": [
                    [
                        1072,
                        1841
                    ],
                    [
                        1914,
                        2556
                    ]
                ],
                "interior": []
            }
        },
        {
            "id": 972014722,
            "classId": 10214732,
            "description": "",
            "geometryType": "rectangle",
            "labelerLogin": "Yalda2HITL",
            "createdAt": "2022-07-18T14:25:10.521Z",
            "updatedAt": "2022-07-18T14:25:10.521Z",
            "tags": [],
            "classTitle": "Body text",
            "points": {
                "exterior": [
                    [
                        731,
                        2795
                    ],
                    [
                        1004,
                        3014
                    ]
                ],
                "interior": []
            }
        }
    ]
}