{
    "description": "",
    "tags": [],
    "size": {
        "height": 4000,
        "width": 3000
    },
    "objects": [
        {
            "id": 972014524,
            "classId": 10214730,
            "description": "",
            "geometryType": "polygon",
            "labelerLogin": "Yalda2HITL",
            "createdAt": "2022-07-18T14:25:10.521Z",
            "updatedAt": "2022-07-18T14:25:10.521Z",
            "tags": [],
            "classTitle": "Page",
            "points": {
                "exterior": [
                    [
                        857,
                        1978
                    ],
                    [
                        898,
                        1608
                    ],
                    [
                        927,
                        1347
                    ],
                    [
                        942,
                        1207
                    ],
                    [
                        1042,
                        1217
                    ],
                    [
                        1138,
                        1223
                    ],
                    [
                        1230,
                        1222
                    ],
                    [
                        1331,
                        1229
                    ],
                    [
                        1540,
                        1242
                    ],
                    [
                        1890,
                        1258
                    ],
                    [
                        2150,
                        1273
                    ],
                    [
                        2182,
                        1274
                    ],
                    [
                        2214,
                        1276
                    ],
                    [
                        2219,
                        1370
                    ],
                    [
                        2286,
                        2004
                    ],
                    [
                        2410,
                        3184
                    ],
                    [
                        2420,
                        3226
                    ],
                    [
                        2248,
                        3230
                    ],
                    [
                        1661,
                        3219
                    ],
                    [
                        729,
                        3197
                    ],
                    [
                        727,
                        3177
                    ],
                    [
                        758,
                        2872
                    ]
                ],
                "interior": []
            }
        },
        {
            "id": 972014528,
            "classId": 10214731,
            "description": "\u0647\u0630\u0647 \u0644\u064a\u0633\u062a \u0633\u064a\u0631\u0629\u064b",
            "geometryType": "rectangle",
            "labelerLogin": "Yalda2HITL",
            "createdAt": "2022-07-18T14:25:10.521Z",
            "updatedAt": "2022-07-18T14:25:10.521Z",
            "tags": [],
            "classTitle": "Title",
            "points": {
                "exterior": [
                    [
                        943,
                        2520
                    ],
                    [
                        2187,
                        2931
                    ]
                ],
                "interior": []
            }
        },
        {
            "id": 972014527,
            "classId": 10214732,
            "description": "",
            "geometryType": "rectangle",
            "labelerLogin": "Yalda2HITL",
            "createdAt": "2022-07-18T14:25:10.521Z",
            "updatedAt": "2022-07-18T14:25:10.521Z",
            "tags": [],
            "classTitle": "Body text",
            "points": {
                "exterior": [
                    [
                        1118,
                        1368
                    ],
                    [
                        2025,
                        1594
                    ]
                ],
                "interior": []
            }
        },
        {
            "id": 972014498,
            "classId": 10214732,
            "description": "",
            "geometryType": "rectangle",
            "labelerLogin": "Yalda2HITL",
            "createdAt": "2022-07-18T14:25:10.521Z",
            "updatedAt": "2022-07-18T14:25:10.521Z",
            "tags": [],
            "classTitle": "Body text",
            "points": {
                "exterior": [
                    [
                        974,
                        2990
                    ],
                    [
                        1043,
                        3044
                    ]
                ],
                "interior": []
            }
        },
        {
            "id": 972014745,
            "classId": 10214732,
            "description": "",
            "geometryType": "rectangle",
            "labelerLogin": "Yalda2HITL",
            "createdAt": "2022-07-18T14:25:10.521Z",
            "updatedAt": "2022-07-18T14:25:10.521Z",
            "tags": [],
            "classTitle": "Body text",
            "points": {
                "exterior": [
                    [
                        866,
                        2983
                    ],
                    [
                        1082,
                        3116
                    ]
                ],
                "interior": []
            }
        }
    ]
}