{
    "description": "",
    "tags": [],
    "size": {
        "height": 1200,
        "width": 855
    },
    "objects": [
        {
            "id": 972019170,
            "classId": 10214731,
            "description": "",
            "geometryType": "rectangle",
            "labelerLogin": "Yalda2HITL",
            "createdAt": "2022-07-18T14:26:03.776Z",
            "updatedAt": "2022-07-18T14:26:03.776Z",
            "tags": [
                {
                    "id": 151023512,
                    "tagId": 30308107,
                    "name": "Transcription",
                    "value": "\u0627\u0644\u0623\u0647\u0644\u064a \u0648\u0627\u0644\u0630\u0647\u0628 \u0641\u064a \u062e\u0645\u0633\u064a\u0646 \u0639\u0627\u0645\u0627",
                    "labelerLogin": "Yalda2HITL",
                    "createdAt": "2022-07-18T14:26:03.776Z",
                    "updatedAt": "2022-07-18T14:26:03.776Z"
                }
            ],
            "classTitle": "Title",
            "points": {
                "exterior": [
                    [
                        192,
                        102
                    ],
                    [
                        610,
                        281
                    ]
                ],
                "interior": []
            }
        },
        {
            "id": 972018950,
            "classId": 10214732,
            "description": "",
            "geometryType": "rectangle",
            "labelerLogin": "Yalda2HITL",
            "createdAt": "2022-07-18T14:26:03.775Z",
            "updatedAt": "2022-07-18T14:26:03.775Z",
            "tags": [],
            "classTitle": "Body text",
            "points": {
                "exterior": [
                    [
                        311,
                        779
                    ],
                    [
                        354,
                        798
                    ]
                ],
                "interior": []
            }
        },
        {
            "id": 972018947,
            "classId": 10214732,
            "description": "",
            "geometryType": "rectangle",
            "labelerLogin": "Yalda2HITL",
            "createdAt": "2022-07-18T14:26:03.775Z",
            "updatedAt": "2022-07-18T14:26:03.775Z",
            "tags": [],
            "classTitle": "Body text",
            "points": {
                "exterior": [
                    [
                        641,
                        753
                    ],
                    [
                        739,
                        781
                    ]
                ],
                "interior": []
            }
        },
        {
            "id": 972018949,
            "classId": 10214730,
            "description": "",
            "geometryType": "polygon",
            "labelerLogin": "Yalda2HITL",
            "createdAt": "2022-07-18T14:26:03.775Z",
            "updatedAt": "2022-07-18T14:26:03.775Z",
            "tags": [],
            "classTitle": "Page",
            "points": {
                "exterior": [
                    [
                        10,
                        1036
                    ],
                    [
                        11,
                        982
                    ],
                    [
                        14,
                        914
                    ],
                    [
                        13,
                        847
                    ],
                    [
                        14,
                        813
                    ],
                    [
                        16,
                        776
                    ],
                    [
                        15,
                        740
                    ],
                    [
                        17,
                        706
                    ],
                    [
                        15,
                        671
                    ],
                    [
                        17,
                        646
                    ],
                    [
                        18,
                        612
                    ],
                    [
                        18,
                        588
                    ],
                    [
                        17,
                        557
                    ],
                    [
                        18,
                        516
                    ],
                    [
                        21,
                        486
                    ],
                    [
                        21,
                        456
                    ],
                    [
                        21,
                        415
                    ],
                    [
                        23,
                        378
                    ],
                    [
                        21,
                        339
                    ],
                    [
                        24,
                        317
                    ],
                    [
                        23,
                        290
                    ],
                    [
                        24,
                        256
                    ],
                    [
                        24,
                        232
                    ],
                    [
                        24,
                        198
                    ],
                    [
                        23,
                        185
                    ],
                    [
                        22,
                        157
                    ],
                    [
                        22,
                        132
                    ],
                    [
                        21,
                        95
                    ],
                    [
                        21,
                        70
                    ],
                    [
                        19,
                        50
                    ],
                    [
                        20,
                        40
                    ],
                    [
                        23,
                        31
                    ],
                    [
                        28,
                        29
                    ],
                    [
                        55,
                        31
                    ],
                    [
                        92,
                        34
                    ],
                    [
                        123,
                        34
                    ],
                    [
                        152,
                        34
                    ],
                    [
                        190,
                        37
                    ],
                    [
                        227,
                        38
                    ],
                    [
                        273,
                        39
                    ],
                    [
                        304,
                        38
                    ],
                    [
                        349,
                        39
                    ],
                    [
                        402,
                        38
                    ],
                    [
                        457,
                        38
                    ],
                    [
                        510,
                        34
                    ],
                    [
                        539,
                        33
                    ],
                    [
                        564,
                        34
                    ],
                    [
                        635,
                        33
                    ],
                    [
                        694,
                        32
                    ],
                    [
                        750,
                        29
                    ],
                    [
                        782,
                        27
                    ],
                    [
                        782,
                        92
                    ],
                    [
                        785,
                        150
                    ],
                    [
                        784,
                        222
                    ],
                    [
                        787,
                        305
                    ],
                    [
                        794,
                        403
                    ],
                    [
                        796,
                        473
                    ],
                    [
                        805,
                        575
                    ],
                    [
                        804,
                        664
                    ],
                    [
                        805,
                        716
                    ],
                    [
                        811,
                        759
                    ],
                    [
                        812,
                        810
                    ],
                    [
                        816,
                        845
                    ],
                    [
                        818,
                        936
                    ],
                    [
                        821,
                        977
                    ],
                    [
                        821,
                        1025
                    ],
                    [
                        823,
                        1086
                    ],
                    [
                        824,
                        1132
                    ],
                    [
                        774,
                        1129
                    ],
                    [
                        718,
                        1129
                    ],
                    [
                        643,
                        1131
                    ],
                    [
                        548,
                        1142
                    ],
                    [
                        450,
                        1143
                    ],
                    [
                        387,
                        1144
                    ],
                    [
                        290,
                        1150
                    ],
                    [
                        225,
                        1148
                    ],
                    [
                        187,
                        1152
                    ],
                    [
                        141,
                        1152
                    ],
                    [
                        74,
                        1158
                    ],
                    [
                        41,
                        1161
                    ],
                    [
                        9,
                        1163
                    ],
                    [
                        9,
                        1118
                    ]
                ],
                "interior": []
            }
        }
    ]
}