{
    "description": "",
    "tags": [],
    "size": {
        "height": 2029,
        "width": 1722
    },
    "objects": [
        {
            "id": 972019013,
            "classId": 10214732,
            "description": "",
            "geometryType": "rectangle",
            "labelerLogin": "Yalda2HITL",
            "createdAt": "2022-07-18T14:26:03.775Z",
            "updatedAt": "2022-07-18T14:26:03.775Z",
            "tags": [],
            "classTitle": "Body text",
            "points": {
                "exterior": [
                    [
                        486,
                        394
                    ],
                    [
                        930,
                        491
                    ]
                ],
                "interior": []
            }
        },
        {
            "id": 972019133,
            "classId": 10214731,
            "description": "",
            "geometryType": "rectangle",
            "labelerLogin": "Yalda2HITL",
            "createdAt": "2022-07-18T14:26:03.776Z",
            "updatedAt": "2022-07-18T14:26:03.776Z",
            "tags": [
                {
                    "id": 151023500,
                    "tagId": 30308107,
                    "name": "Transcription",
                    "value": "\u0633\u062c\u064a\u0646 \u0627\u0644\u0633\u0645\u0627\u0621",
                    "labelerLogin": "Yalda2HITL",
                    "createdAt": "2022-07-18T14:26:03.776Z",
                    "updatedAt": "2022-07-18T14:26:03.776Z"
                }
            ],
            "classTitle": "Title",
            "points": {
                "exterior": [
                    [
                        327,
                        647
                    ],
                    [
                        1073,
                        810
                    ]
                ],
                "interior": []
            }
        },
        {
            "id": 972019011,
            "classId": 10214732,
            "description": "",
            "geometryType": "rectangle",
            "labelerLogin": "Yalda2HITL",
            "createdAt": "2022-07-18T14:26:03.775Z",
            "updatedAt": "2022-07-18T14:26:03.775Z",
            "tags": [],
            "classTitle": "Body text",
            "points": {
                "exterior": [
                    [
                        471,
                        1013
                    ],
                    [
                        927,
                        1080
                    ]
                ],
                "interior": []
            }
        },
        {
            "id": 972019010,
            "classId": 10214732,
            "description": "",
            "geometryType": "rectangle",
            "labelerLogin": "Yalda2HITL",
            "createdAt": "2022-07-18T14:26:03.775Z",
            "updatedAt": "2022-07-18T14:26:03.775Z",
            "tags": [],
            "classTitle": "Body text",
            "points": {
                "exterior": [
                    [
                        572,
                        1817
                    ],
                    [
                        782,
                        1859
                    ]
                ],
                "interior": []
            }
        },
        {
            "id": 972019012,
            "classId": 10214732,
            "description": "",
            "geometryType": "rectangle",
            "labelerLogin": "Yalda2HITL",
            "createdAt": "2022-07-18T14:26:03.775Z",
            "updatedAt": "2022-07-18T14:26:03.775Z",
            "tags": [
                {
                    "id": 151023493,
                    "tagId": 30308107,
                    "name": "Transcription",
                    "value": "\u0631\u0648\u0627\u064a\u0629",
                    "labelerLogin": "Yalda2HITL",
                    "createdAt": "2022-07-18T14:26:03.776Z",
                    "updatedAt": "2022-07-18T14:26:03.776Z"
                }
            ],
            "classTitle": "Body text",
            "points": {
                "exterior": [
                    [
                        628,
                        1885
                    ],
                    [
                        731,
                        1937
                    ]
                ],
                "interior": []
            }
        },
        {
            "id": 972019015,
            "classId": 10214730,
            "description": "",
            "geometryType": "polygon",
            "labelerLogin": "Yalda2HITL",
            "createdAt": "2022-07-18T14:26:03.775Z",
            "updatedAt": "2022-07-18T14:26:03.775Z",
            "tags": [],
            "classTitle": "Page",
            "points": {
                "exterior": [
                    [
                        85,
                        1936
                    ],
                    [
                        86,
                        1915
                    ],
                    [
                        88,
                        1894
                    ],
                    [
                        89,
                        1875
                    ],
                    [
                        90,
                        1852
                    ],
                    [
                        89,
                        1830
                    ],
                    [
                        89,
                        1808
                    ],
                    [
                        89,
                        1783
                    ],
                    [
                        91,
                        1755
                    ],
                    [
                        91,
                        1732
                    ],
                    [
                        92,
                        1711
                    ],
                    [
                        92,
                        1691
                    ],
                    [
                        93,
                        1670
                    ],
                    [
                        94,
                        1652
                    ],
                    [
                        93,
                        1634
                    ],
                    [
                        94,
                        1617
                    ],
                    [
                        94,
                        1603
                    ],
                    [
                        95,
                        1576
                    ],
                    [
                        96,
                        1558
                    ],
                    [
                        96,
                        1544
                    ],
                    [
                        97,
                        1519
                    ],
                    [
                        97,
                        1493
                    ],
                    [
                        97,
                        1477
                    ],
                    [
                        97,
                        1450
                    ],
                    [
                        98,
                        1421
                    ],
                    [
                        98,
                        1388
                    ],
                    [
                        99,
                        1363
                    ],
                    [
                        100,
                        1334
                    ],
                    [
                        101,
                        1305
                    ],
                    [
                        102,
                        1270
                    ],
                    [
                        101,
                        1243
                    ],
                    [
                        100,
                        1211
                    ],
                    [
                        100,
                        1195
                    ],
                    [
                        102,
                        1170
                    ],
                    [
                        102,
                        1144
                    ],
                    [
                        103,
                        1116
                    ],
                    [
                        101,
                        1073
                    ],
                    [
                        103,
                        1028
                    ],
                    [
                        103,
                        987
                    ],
                    [
                        103,
                        954
                    ],
                    [
                        104,
                        904
                    ],
                    [
                        102,
                        865
                    ],
                    [
                        104,
                        825
                    ],
                    [
                        103,
                        786
                    ],
                    [
                        104,
                        746
                    ],
                    [
                        103,
                        710
                    ],
                    [
                        104,
                        684
                    ],
                    [
                        102,
                        638
                    ],
                    [
                        103,
                        589
                    ],
                    [
                        106,
                        535
                    ],
                    [
                        104,
                        505
                    ],
                    [
                        105,
                        474
                    ],
                    [
                        107,
                        434
                    ],
                    [
                        106,
                        402
                    ],
                    [
                        105,
                        355
                    ],
                    [
                        104,
                        307
                    ],
                    [
                        106,
                        286
                    ],
                    [
                        106,
                        261
                    ],
                    [
                        105,
                        248
                    ],
                    [
                        102,
                        231
                    ],
                    [
                        116,
                        228
                    ],
                    [
                        139,
                        231
                    ],
                    [
                        161,
                        232
                    ],
                    [
                        190,
                        233
                    ],
                    [
                        217,
                        235
                    ],
                    [
                        241,
                        237
                    ],
                    [
                        263,
                        238
                    ],
                    [
                        281,
                        240
                    ],
                    [
                        309,
                        242
                    ],
                    [
                        342,
                        243
                    ],
                    [
                        370,
                        245
                    ],
                    [
                        390,
                        247
                    ],
                    [
                        420,
                        248
                    ],
                    [
                        435,
                        248
                    ],
                    [
                        452,
                        249
                    ],
                    [
                        473,
                        251
                    ],
                    [
                        489,
                        251
                    ],
                    [
                        528,
                        254
                    ],
                    [
                        550,
                        254
                    ],
                    [
                        569,
                        256
                    ],
                    [
                        594,
                        257
                    ],
                    [
                        630,
                        258
                    ],
                    [
                        655,
                        259
                    ],
                    [
                        677,
                        262
                    ],
                    [
                        701,
                        264
                    ],
                    [
                        723,
                        265
                    ],
                    [
                        743,
                        265
                    ],
                    [
                        763,
                        265
                    ],
                    [
                        776,
                        266
                    ],
                    [
                        789,
                        268
                    ],
                    [
                        813,
                        268
                    ],
                    [
                        840,
                        270
                    ],
                    [
                        861,
                        270
                    ],
                    [
                        891,
                        271
                    ],
                    [
                        927,
                        271
                    ],
                    [
                        964,
                        273
                    ],
                    [
                        1005,
                        277
                    ],
                    [
                        1036,
                        278
                    ],
                    [
                        1067,
                        278
                    ],
                    [
                        1091,
                        279
                    ],
                    [
                        1131,
                        283
                    ],
                    [
                        1146,
                        281
                    ],
                    [
                        1181,
                        281
                    ],
                    [
                        1217,
                        283
                    ],
                    [
                        1232,
                        283
                    ],
                    [
                        1251,
                        287
                    ],
                    [
                        1263,
                        291
                    ],
                    [
                        1264,
                        346
                    ],
                    [
                        1264,
                        402
                    ],
                    [
                        1260,
                        453
                    ],
                    [
                        1263,
                        490
                    ],
                    [
                        1261,
                        545
                    ],
                    [
                        1256,
                        581
                    ],
                    [
                        1258,
                        627
                    ],
                    [
                        1258,
                        684
                    ],
                    [
                        1252,
                        738
                    ],
                    [
                        1248,
                        824
                    ],
                    [
                        1245,
                        879
                    ],
                    [
                        1244,
                        904
                    ],
                    [
                        1245,
                        934
                    ],
                    [
                        1242,
                        971
                    ],
                    [
                        1242,
                        1006
                    ],
                    [
                        1239,
                        1047
                    ],
                    [
                        1240,
                        1088
                    ],
                    [
                        1238,
                        1134
                    ],
                    [
                        1234,
                        1168
                    ],
                    [
                        1235,
                        1217
                    ],
                    [
                        1235,
                        1267
                    ],
                    [
                        1235,
                        1316
                    ],
                    [
                        1230,
                        1363
                    ],
                    [
                        1232,
                        1433
                    ],
                    [
                        1230,
                        1474
                    ],
                    [
                        1230,
                        1531
                    ],
                    [
                        1227,
                        1593
                    ],
                    [
                        1225,
                        1626
                    ],
                    [
                        1225,
                        1665
                    ],
                    [
                        1225,
                        1707
                    ],
                    [
                        1223,
                        1737
                    ],
                    [
                        1223,
                        1767
                    ],
                    [
                        1221,
                        1807
                    ],
                    [
                        1225,
                        1841
                    ],
                    [
                        1221,
                        1882
                    ],
                    [
                        1219,
                        1910
                    ],
                    [
                        1217,
                        1926
                    ],
                    [
                        1220,
                        1943
                    ],
                    [
                        1201,
                        1947
                    ],
                    [
                        1168,
                        1953
                    ],
                    [
                        1135,
                        1953
                    ],
                    [
                        1104,
                        1955
                    ],
                    [
                        1057,
                        1955
                    ],
                    [
                        1005,
                        1957
                    ],
                    [
                        970,
                        1956
                    ],
                    [
                        947,
                        1958
                    ],
                    [
                        919,
                        1959
                    ],
                    [
                        863,
                        1958
                    ],
                    [
                        830,
                        1959
                    ],
                    [
                        811,
                        1962
                    ],
                    [
                        774,
                        1963
                    ],
                    [
                        727,
                        1964
                    ],
                    [
                        695,
                        1966
                    ],
                    [
                        641,
                        1968
                    ],
                    [
                        604,
                        1969
                    ],
                    [
                        574,
                        1971
                    ],
                    [
                        545,
                        1972
                    ],
                    [
                        513,
                        1972
                    ],
                    [
                        489,
                        1975
                    ],
                    [
                        460,
                        1976
                    ],
                    [
                        421,
                        1976
                    ],
                    [
                        398,
                        1979
                    ],
                    [
                        368,
                        1979
                    ],
                    [
                        339,
                        1980
                    ],
                    [
                        320,
                        1982
                    ],
                    [
                        293,
                        1983
                    ],
                    [
                        261,
                        1983
                    ],
                    [
                        237,
                        1985
                    ],
                    [
                        195,
                        1987
                    ],
                    [
                        166,
                        1989
                    ],
                    [
                        145,
                        1991
                    ],
                    [
                        129,
                        1991
                    ],
                    [
                        113,
                        1992
                    ],
                    [
                        102,
                        1993
                    ],
                    [
                        90,
                        1994
                    ],
                    [
                        87,
                        1992
                    ],
                    [
                        86,
                        1982
                    ],
                    [
                        86,
                        1960
                    ]
                ],
                "interior": []
            }
        }
    ]
}