{
    "description": "",
    "tags": [],
    "size": {
        "height": 4160,
        "width": 1920
    },
    "objects": [
        {
            "id": 972019079,
            "classId": 10214732,
            "description": "",
            "geometryType": "rectangle",
            "labelerLogin": "Yalda2HITL",
            "createdAt": "2022-07-18T14:26:03.775Z",
            "updatedAt": "2022-07-18T14:26:03.775Z",
            "tags": [],
            "classTitle": "Body text",
            "points": {
                "exterior": [
                    [
                        657,
                        1526
                    ],
                    [
                        1083,
                        1744
                    ]
                ],
                "interior": []
            }
        },
        {
            "id": 972019072,
            "classId": 10214732,
            "description": "",
            "geometryType": "rectangle",
            "labelerLogin": "Yalda2HITL",
            "createdAt": "2022-07-18T14:26:03.775Z",
            "updatedAt": "2022-07-18T14:26:03.775Z",
            "tags": [],
            "classTitle": "Body text",
            "points": {
                "exterior": [
                    [
                        503,
                        1940
                    ],
                    [
                        1264,
                        2144
                    ]
                ],
                "interior": []
            }
        },
        {
            "id": 972019078,
            "classId": 10214732,
            "description": "",
            "geometryType": "rectangle",
            "labelerLogin": "Yalda2HITL",
            "createdAt": "2022-07-18T14:26:03.775Z",
            "updatedAt": "2022-07-18T14:26:03.775Z",
            "tags": [],
            "classTitle": "Body text",
            "points": {
                "exterior": [
                    [
                        664,
                        2133
                    ],
                    [
                        1092,
                        2296
                    ]
                ],
                "interior": []
            }
        },
        {
            "id": 972019077,
            "classId": 10214732,
            "description": "",
            "geometryType": "rectangle",
            "labelerLogin": "Yalda2HITL",
            "createdAt": "2022-07-18T14:26:03.775Z",
            "updatedAt": "2022-07-18T14:26:03.775Z",
            "tags": [],
            "classTitle": "Body text",
            "points": {
                "exterior": [
                    [
                        776,
                        2719
                    ],
                    [
                        1044,
                        2808
                    ]
                ],
                "interior": []
            }
        },
        {
            "id": 972019076,
            "classId": 10214732,
            "description": "",
            "geometryType": "rectangle",
            "labelerLogin": "Yalda2HITL",
            "createdAt": "2022-07-18T14:26:03.775Z",
            "updatedAt": "2022-07-18T14:26:03.775Z",
            "tags": [],
            "classTitle": "Body text",
            "points": {
                "exterior": [
                    [
                        726,
                        2805
                    ],
                    [
                        1085,
                        2935
                    ]
                ],
                "interior": []
            }
        },
        {
            "id": 972019075,
            "classId": 10214732,
            "description": "",
            "geometryType": "rectangle",
            "labelerLogin": "Yalda2HITL",
            "createdAt": "2022-07-18T14:26:03.775Z",
            "updatedAt": "2022-07-18T14:26:03.775Z",
            "tags": [],
            "classTitle": "Body text",
            "points": {
                "exterior": [
                    [
                        687,
                        3371
                    ],
                    [
                        1068,
                        3473
                    ]
                ],
                "interior": []
            }
        },
        {
            "id": 972019074,
            "classId": 10214732,
            "description": "",
            "geometryType": "rectangle",
            "labelerLogin": "Yalda2HITL",
            "createdAt": "2022-07-18T14:26:03.775Z",
            "updatedAt": "2022-07-18T14:26:03.775Z",
            "tags": [],
            "classTitle": "Body text",
            "points": {
                "exterior": [
                    [
                        821,
                        3468
                    ],
                    [
                        955,
                        3512
                    ]
                ],
                "interior": []
            }
        },
        {
            "id": 972019073,
            "classId": 10214731,
            "description": "",
            "geometryType": "rectangle",
            "labelerLogin": "Yalda2HITL",
            "createdAt": "2022-07-18T14:26:03.775Z",
            "updatedAt": "2022-07-18T14:26:03.775Z",
            "tags": [
                {
                    "id": 151023495,
                    "tagId": 30308107,
                    "name": "Transcription",
                    "value": "\u062f\u064a\u0648\u0627\u0646",
                    "labelerLogin": "Yalda2HITL",
                    "createdAt": "2022-07-18T14:26:03.776Z",
                    "updatedAt": "2022-07-18T14:26:03.776Z"
                }
            ],
            "classTitle": "Title",
            "points": {
                "exterior": [
                    [
                        497,
                        1745
                    ],
                    [
                        1252,
                        1945
                    ]
                ],
                "interior": []
            }
        },
        {
            "id": 972019080,
            "classId": 10214730,
            "description": "",
            "geometryType": "polygon",
            "labelerLogin": "Yalda2HITL",
            "createdAt": "2022-07-18T14:26:03.775Z",
            "updatedAt": "2022-07-18T14:26:03.775Z",
            "tags": [],
            "classTitle": "Page",
            "points": {
                "exterior": [
                    [
                        72,
                        3600
                    ],
                    [
                        72,
                        3538
                    ],
                    [
                        74,
                        3466
                    ],
                    [
                        74,
                        3366
                    ],
                    [
                        76,
                        3293
                    ],
                    [
                        76,
                        3220
                    ],
                    [
                        76,
                        3133
                    ],
                    [
                        77,
                        3045
                    ],
                    [
                        76,
                        2975
                    ],
                    [
                        76,
                        2930
                    ],
                    [
                        77,
                        2855
                    ],
                    [
                        75,
                        2805
                    ],
                    [
                        80,
                        2731
                    ],
                    [
                        84,
                        2649
                    ],
                    [
                        83,
                        2613
                    ],
                    [
                        83,
                        2544
                    ],
                    [
                        85,
                        2493
                    ],
                    [
                        85,
                        2440
                    ],
                    [
                        85,
                        2376
                    ],
                    [
                        86,
                        2286
                    ],
                    [
                        86,
                        2210
                    ],
                    [
                        86,
                        2146
                    ],
                    [
                        88,
                        2078
                    ],
                    [
                        84,
                        2013
                    ],
                    [
                        89,
                        1949
                    ],
                    [
                        86,
                        1916
                    ],
                    [
                        86,
                        1873
                    ],
                    [
                        86,
                        1830
                    ],
                    [
                        84,
                        1783
                    ],
                    [
                        84,
                        1749
                    ],
                    [
                        84,
                        1711
                    ],
                    [
                        84,
                        1673
                    ],
                    [
                        84,
                        1638
                    ],
                    [
                        87,
                        1593
                    ],
                    [
                        84,
                        1563
                    ],
                    [
                        82,
                        1511
                    ],
                    [
                        82,
                        1465
                    ],
                    [
                        82,
                        1432
                    ],
                    [
                        81,
                        1388
                    ],
                    [
                        82,
                        1344
                    ],
                    [
                        80,
                        1311
                    ],
                    [
                        80,
                        1289
                    ],
                    [
                        77,
                        1262
                    ],
                    [
                        77,
                        1244
                    ],
                    [
                        77,
                        1224
                    ],
                    [
                        77,
                        1215
                    ],
                    [
                        77,
                        1190
                    ],
                    [
                        78,
                        1157
                    ],
                    [
                        117,
                        1158
                    ],
                    [
                        175,
                        1156
                    ],
                    [
                        242,
                        1157
                    ],
                    [
                        309,
                        1161
                    ],
                    [
                        375,
                        1164
                    ],
                    [
                        410,
                        1163
                    ],
                    [
                        459,
                        1163
                    ],
                    [
                        528,
                        1163
                    ],
                    [
                        587,
                        1167
                    ],
                    [
                        633,
                        1165
                    ],
                    [
                        692,
                        1166
                    ],
                    [
                        791,
                        1171
                    ],
                    [
                        827,
                        1174
                    ],
                    [
                        883,
                        1176
                    ],
                    [
                        948,
                        1177
                    ],
                    [
                        977,
                        1178
                    ],
                    [
                        1038,
                        1180
                    ],
                    [
                        1112,
                        1183
                    ],
                    [
                        1150,
                        1183
                    ],
                    [
                        1219,
                        1181
                    ],
                    [
                        1259,
                        1183
                    ],
                    [
                        1312,
                        1183
                    ],
                    [
                        1333,
                        1183
                    ],
                    [
                        1381,
                        1188
                    ],
                    [
                        1442,
                        1188
                    ],
                    [
                        1506,
                        1189
                    ],
                    [
                        1542,
                        1190
                    ],
                    [
                        1619,
                        1190
                    ],
                    [
                        1686,
                        1193
                    ],
                    [
                        1754,
                        1198
                    ],
                    [
                        1792,
                        1199
                    ],
                    [
                        1810,
                        1192
                    ],
                    [
                        1821,
                        1216
                    ],
                    [
                        1821,
                        1293
                    ],
                    [
                        1823,
                        1358
                    ],
                    [
                        1825,
                        1422
                    ],
                    [
                        1825,
                        1482
                    ],
                    [
                        1825,
                        1541
                    ],
                    [
                        1828,
                        1608
                    ],
                    [
                        1821,
                        1675
                    ],
                    [
                        1825,
                        1730
                    ],
                    [
                        1825,
                        1775
                    ],
                    [
                        1824,
                        1829
                    ],
                    [
                        1824,
                        1855
                    ],
                    [
                        1824,
                        1898
                    ],
                    [
                        1827,
                        1962
                    ],
                    [
                        1827,
                        1997
                    ],
                    [
                        1829,
                        2032
                    ],
                    [
                        1827,
                        2073
                    ],
                    [
                        1826,
                        2125
                    ],
                    [
                        1830,
                        2165
                    ],
                    [
                        1831,
                        2203
                    ],
                    [
                        1830,
                        2242
                    ],
                    [
                        1830,
                        2290
                    ],
                    [
                        1832,
                        2332
                    ],
                    [
                        1832,
                        2393
                    ],
                    [
                        1832,
                        2432
                    ],
                    [
                        1832,
                        2470
                    ],
                    [
                        1830,
                        2508
                    ],
                    [
                        1830,
                        2552
                    ],
                    [
                        1836,
                        2585
                    ],
                    [
                        1833,
                        2622
                    ],
                    [
                        1833,
                        2661
                    ],
                    [
                        1836,
                        2700
                    ],
                    [
                        1841,
                        2755
                    ],
                    [
                        1840,
                        2793
                    ],
                    [
                        1840,
                        2828
                    ],
                    [
                        1837,
                        2882
                    ],
                    [
                        1836,
                        2927
                    ],
                    [
                        1837,
                        2982
                    ],
                    [
                        1835,
                        3035
                    ],
                    [
                        1842,
                        3094
                    ],
                    [
                        1840,
                        3156
                    ],
                    [
                        1840,
                        3211
                    ],
                    [
                        1840,
                        3268
                    ],
                    [
                        1840,
                        3315
                    ],
                    [
                        1840,
                        3368
                    ],
                    [
                        1840,
                        3409
                    ],
                    [
                        1840,
                        3452
                    ],
                    [
                        1845,
                        3496
                    ],
                    [
                        1842,
                        3536
                    ],
                    [
                        1842,
                        3570
                    ],
                    [
                        1848,
                        3606
                    ],
                    [
                        1848,
                        3635
                    ],
                    [
                        1837,
                        3650
                    ],
                    [
                        1780,
                        3659
                    ],
                    [
                        1677,
                        3663
                    ],
                    [
                        1585,
                        3669
                    ],
                    [
                        1519,
                        3676
                    ],
                    [
                        1446,
                        3677
                    ],
                    [
                        1387,
                        3677
                    ],
                    [
                        1330,
                        3678
                    ],
                    [
                        1277,
                        3683
                    ],
                    [
                        1223,
                        3688
                    ],
                    [
                        1167,
                        3688
                    ],
                    [
                        1099,
                        3691
                    ],
                    [
                        1010,
                        3695
                    ],
                    [
                        917,
                        3697
                    ],
                    [
                        831,
                        3697
                    ],
                    [
                        768,
                        3703
                    ],
                    [
                        699,
                        3703
                    ],
                    [
                        635,
                        3707
                    ],
                    [
                        558,
                        3715
                    ],
                    [
                        488,
                        3715
                    ],
                    [
                        418,
                        3715
                    ],
                    [
                        385,
                        3722
                    ],
                    [
                        329,
                        3722
                    ],
                    [
                        302,
                        3724
                    ],
                    [
                        240,
                        3725
                    ],
                    [
                        207,
                        3727
                    ],
                    [
                        169,
                        3725
                    ],
                    [
                        139,
                        3722
                    ],
                    [
                        121,
                        3722
                    ],
                    [
                        99,
                        3725
                    ],
                    [
                        80,
                        3721
                    ],
                    [
                        77,
                        3691
                    ],
                    [
                        74,
                        3655
                    ]
                ],
                "interior": []
            }
        }
    ]
}