{
    "description": "",
    "tags": [],
    "size": {
        "height": 4160,
        "width": 1920
    },
    "objects": [
        {
            "id": 972019067,
            "classId": 10214732,
            "description": "",
            "geometryType": "rectangle",
            "labelerLogin": "Yalda2HITL",
            "createdAt": "2022-07-18T14:26:03.775Z",
            "updatedAt": "2022-07-18T14:26:03.775Z",
            "tags": [],
            "classTitle": "Body text",
            "points": {
                "exterior": [
                    [
                        501,
                        2340
                    ],
                    [
                        1407,
                        2492
                    ]
                ],
                "interior": []
            }
        },
        {
            "id": 972019181,
            "classId": 10214731,
            "description": "",
            "geometryType": "rectangle",
            "labelerLogin": "Yalda2HITL",
            "createdAt": "2022-07-18T14:26:03.776Z",
            "updatedAt": "2022-07-18T14:26:03.776Z",
            "tags": [
                {
                    "id": 151023521,
                    "tagId": 30308107,
                    "name": "Transcription",
                    "value": "\u0623\u0628\u064a \u0627\u0644\u0630\u064a \u0623\u0643\u0631\u0647",
                    "labelerLogin": "Yalda2HITL",
                    "createdAt": "2022-07-18T14:26:03.776Z",
                    "updatedAt": "2022-07-18T14:26:03.776Z"
                }
            ],
            "classTitle": "Title",
            "points": {
                "exterior": [
                    [
                        367,
                        2525
                    ],
                    [
                        1541,
                        2866
                    ]
                ],
                "interior": []
            }
        },
        {
            "id": 972019069,
            "classId": 10214732,
            "description": "",
            "geometryType": "rectangle",
            "labelerLogin": "Yalda2HITL",
            "createdAt": "2022-07-18T14:26:03.775Z",
            "updatedAt": "2022-07-18T14:26:03.775Z",
            "tags": [],
            "classTitle": "Body text",
            "points": {
                "exterior": [
                    [
                        483,
                        2852
                    ],
                    [
                        1466,
                        2980
                    ]
                ],
                "interior": []
            }
        },
        {
            "id": 972019070,
            "classId": 10214732,
            "description": "",
            "geometryType": "rectangle",
            "labelerLogin": "Yalda2HITL",
            "createdAt": "2022-07-18T14:26:03.775Z",
            "updatedAt": "2022-07-18T14:26:03.775Z",
            "tags": [],
            "classTitle": "Body text",
            "points": {
                "exterior": [
                    [
                        616,
                        2976
                    ],
                    [
                        1345,
                        3067
                    ]
                ],
                "interior": []
            }
        },
        {
            "id": 972019068,
            "classId": 10214732,
            "description": "",
            "geometryType": "rectangle",
            "labelerLogin": "Yalda2HITL",
            "createdAt": "2022-07-18T14:26:03.775Z",
            "updatedAt": "2022-07-18T14:26:03.775Z",
            "tags": [],
            "classTitle": "Body text",
            "points": {
                "exterior": [
                    [
                        845,
                        3188
                    ],
                    [
                        1121,
                        3246
                    ]
                ],
                "interior": []
            }
        },
        {
            "id": 972019071,
            "classId": 10214730,
            "description": "",
            "geometryType": "polygon",
            "labelerLogin": "Yalda2HITL",
            "createdAt": "2022-07-18T14:26:03.775Z",
            "updatedAt": "2022-07-18T14:26:03.775Z",
            "tags": [],
            "classTitle": "Page",
            "points": {
                "exterior": [
                    [
                        216,
                        3253
                    ],
                    [
                        216,
                        3126
                    ],
                    [
                        214,
                        2993
                    ],
                    [
                        214,
                        2863
                    ],
                    [
                        217,
                        2785
                    ],
                    [
                        219,
                        2735
                    ],
                    [
                        218,
                        2655
                    ],
                    [
                        219,
                        2560
                    ],
                    [
                        221,
                        2464
                    ],
                    [
                        221,
                        2382
                    ],
                    [
                        222,
                        2304
                    ],
                    [
                        224,
                        2232
                    ],
                    [
                        222,
                        2077
                    ],
                    [
                        222,
                        1964
                    ],
                    [
                        222,
                        1829
                    ],
                    [
                        224,
                        1761
                    ],
                    [
                        227,
                        1669
                    ],
                    [
                        224,
                        1576
                    ],
                    [
                        225,
                        1473
                    ],
                    [
                        224,
                        1355
                    ],
                    [
                        224,
                        1187
                    ],
                    [
                        225,
                        1071
                    ],
                    [
                        225,
                        991
                    ],
                    [
                        225,
                        928
                    ],
                    [
                        225,
                        881
                    ],
                    [
                        230,
                        860
                    ],
                    [
                        301,
                        865
                    ],
                    [
                        468,
                        877
                    ],
                    [
                        707,
                        887
                    ],
                    [
                        784,
                        892
                    ],
                    [
                        835,
                        895
                    ],
                    [
                        930,
                        896
                    ],
                    [
                        988,
                        898
                    ],
                    [
                        1068,
                        905
                    ],
                    [
                        1123,
                        905
                    ],
                    [
                        1193,
                        914
                    ],
                    [
                        1240,
                        909
                    ],
                    [
                        1317,
                        913
                    ],
                    [
                        1374,
                        914
                    ],
                    [
                        1404,
                        915
                    ],
                    [
                        1465,
                        917
                    ],
                    [
                        1540,
                        913
                    ],
                    [
                        1590,
                        914
                    ],
                    [
                        1640,
                        916
                    ],
                    [
                        1694,
                        917
                    ],
                    [
                        1720,
                        917
                    ],
                    [
                        1751,
                        917
                    ],
                    [
                        1756,
                        956
                    ],
                    [
                        1756,
                        1021
                    ],
                    [
                        1754,
                        1087
                    ],
                    [
                        1757,
                        1134
                    ],
                    [
                        1757,
                        1212
                    ],
                    [
                        1758,
                        1271
                    ],
                    [
                        1758,
                        1336
                    ],
                    [
                        1759,
                        1398
                    ],
                    [
                        1755,
                        1458
                    ],
                    [
                        1756,
                        1517
                    ],
                    [
                        1760,
                        1583
                    ],
                    [
                        1760,
                        1645
                    ],
                    [
                        1753,
                        1714
                    ],
                    [
                        1755,
                        1810
                    ],
                    [
                        1756,
                        1885
                    ],
                    [
                        1751,
                        1927
                    ],
                    [
                        1754,
                        1980
                    ],
                    [
                        1754,
                        2031
                    ],
                    [
                        1751,
                        2062
                    ],
                    [
                        1755,
                        2107
                    ],
                    [
                        1753,
                        2128
                    ],
                    [
                        1751,
                        2161
                    ],
                    [
                        1753,
                        2187
                    ],
                    [
                        1755,
                        2224
                    ],
                    [
                        1755,
                        2264
                    ],
                    [
                        1752,
                        2310
                    ],
                    [
                        1752,
                        2355
                    ],
                    [
                        1755,
                        2390
                    ],
                    [
                        1755,
                        2423
                    ],
                    [
                        1755,
                        2459
                    ],
                    [
                        1755,
                        2511
                    ],
                    [
                        1757,
                        2548
                    ],
                    [
                        1759,
                        2609
                    ],
                    [
                        1755,
                        2659
                    ],
                    [
                        1755,
                        2728
                    ],
                    [
                        1755,
                        2768
                    ],
                    [
                        1758,
                        2815
                    ],
                    [
                        1755,
                        2856
                    ],
                    [
                        1759,
                        2914
                    ],
                    [
                        1759,
                        2950
                    ],
                    [
                        1759,
                        2993
                    ],
                    [
                        1759,
                        3032
                    ],
                    [
                        1756,
                        3070
                    ],
                    [
                        1758,
                        3115
                    ],
                    [
                        1756,
                        3155
                    ],
                    [
                        1757,
                        3192
                    ],
                    [
                        1755,
                        3236
                    ],
                    [
                        1758,
                        3265
                    ],
                    [
                        1758,
                        3291
                    ],
                    [
                        1759,
                        3314
                    ],
                    [
                        1759,
                        3324
                    ],
                    [
                        1728,
                        3326
                    ],
                    [
                        1669,
                        3331
                    ],
                    [
                        1616,
                        3332
                    ],
                    [
                        1588,
                        3333
                    ],
                    [
                        1552,
                        3333
                    ],
                    [
                        1504,
                        3334
                    ],
                    [
                        1445,
                        3335
                    ],
                    [
                        1389,
                        3335
                    ],
                    [
                        1320,
                        3337
                    ],
                    [
                        1234,
                        3344
                    ],
                    [
                        1158,
                        3340
                    ],
                    [
                        1105,
                        3342
                    ],
                    [
                        1044,
                        3346
                    ],
                    [
                        976,
                        3345
                    ],
                    [
                        931,
                        3351
                    ],
                    [
                        843,
                        3355
                    ],
                    [
                        788,
                        3358
                    ],
                    [
                        733,
                        3359
                    ],
                    [
                        657,
                        3364
                    ],
                    [
                        585,
                        3365
                    ],
                    [
                        520,
                        3371
                    ],
                    [
                        474,
                        3372
                    ],
                    [
                        445,
                        3376
                    ],
                    [
                        414,
                        3376
                    ],
                    [
                        364,
                        3381
                    ],
                    [
                        317,
                        3381
                    ],
                    [
                        284,
                        3385
                    ],
                    [
                        253,
                        3389
                    ],
                    [
                        227,
                        3389
                    ],
                    [
                        217,
                        3387
                    ],
                    [
                        214,
                        3343
                    ],
                    [
                        214,
                        3301
                    ]
                ],
                "interior": []
            }
        }
    ]
}