{
    "description": "",
    "tags": [],
    "size": {
        "height": 4160,
        "width": 1920
    },
    "objects": [
        {
            "id": 972019033,
            "classId": 10214732,
            "description": "",
            "geometryType": "rectangle",
            "labelerLogin": "Yalda2HITL",
            "createdAt": "2022-07-18T14:26:03.775Z",
            "updatedAt": "2022-07-18T14:26:03.775Z",
            "tags": [],
            "classTitle": "Body text",
            "points": {
                "exterior": [
                    [
                        1062,
                        869
                    ],
                    [
                        1308,
                        943
                    ]
                ],
                "interior": []
            }
        },
        {
            "id": 972019032,
            "classId": 10214732,
            "description": "",
            "geometryType": "rectangle",
            "labelerLogin": "Yalda2HITL",
            "createdAt": "2022-07-18T14:26:03.775Z",
            "updatedAt": "2022-07-18T14:26:03.775Z",
            "tags": [],
            "classTitle": "Body text",
            "points": {
                "exterior": [
                    [
                        150,
                        866
                    ],
                    [
                        220,
                        915
                    ]
                ],
                "interior": []
            }
        },
        {
            "id": 972019039,
            "classId": 10214732,
            "description": "",
            "geometryType": "rectangle",
            "labelerLogin": "Yalda2HITL",
            "createdAt": "2022-07-18T14:26:03.775Z",
            "updatedAt": "2022-07-18T14:26:03.775Z",
            "tags": [],
            "classTitle": "Body text",
            "points": {
                "exterior": [
                    [
                        141,
                        1001
                    ],
                    [
                        1306,
                        1121
                    ]
                ],
                "interior": []
            }
        },
        {
            "id": 972019051,
            "classId": 10214732,
            "description": "",
            "geometryType": "rectangle",
            "labelerLogin": "Yalda2HITL",
            "createdAt": "2022-07-18T14:26:03.775Z",
            "updatedAt": "2022-07-18T14:26:03.775Z",
            "tags": [],
            "classTitle": "Body text",
            "points": {
                "exterior": [
                    [
                        147,
                        1115
                    ],
                    [
                        1307,
                        1222
                    ]
                ],
                "interior": []
            }
        },
        {
            "id": 972019038,
            "classId": 10214732,
            "description": "",
            "geometryType": "rectangle",
            "labelerLogin": "Yalda2HITL",
            "createdAt": "2022-07-18T14:26:03.775Z",
            "updatedAt": "2022-07-18T14:26:03.775Z",
            "tags": [],
            "classTitle": "Body text",
            "points": {
                "exterior": [
                    [
                        147,
                        1202
                    ],
                    [
                        1317,
                        1321
                    ]
                ],
                "interior": []
            }
        },
        {
            "id": 972019045,
            "classId": 10214732,
            "description": "",
            "geometryType": "rectangle",
            "labelerLogin": "Yalda2HITL",
            "createdAt": "2022-07-18T14:26:03.775Z",
            "updatedAt": "2022-07-18T14:26:03.775Z",
            "tags": [],
            "classTitle": "Body text",
            "points": {
                "exterior": [
                    [
                        138,
                        1324
                    ],
                    [
                        1314,
                        1423
                    ]
                ],
                "interior": []
            }
        },
        {
            "id": 972019049,
            "classId": 10214732,
            "description": "",
            "geometryType": "rectangle",
            "labelerLogin": "Yalda2HITL",
            "createdAt": "2022-07-18T14:26:03.775Z",
            "updatedAt": "2022-07-18T14:26:03.775Z",
            "tags": [],
            "classTitle": "Body text",
            "points": {
                "exterior": [
                    [
                        142,
                        1417
                    ],
                    [
                        1323,
                        1520
                    ]
                ],
                "interior": []
            }
        },
        {
            "id": 972019048,
            "classId": 10214732,
            "description": "",
            "geometryType": "rectangle",
            "labelerLogin": "Yalda2HITL",
            "createdAt": "2022-07-18T14:26:03.775Z",
            "updatedAt": "2022-07-18T14:26:03.775Z",
            "tags": [],
            "classTitle": "Body text",
            "points": {
                "exterior": [
                    [
                        139,
                        1516
                    ],
                    [
                        1328,
                        1619
                    ]
                ],
                "interior": []
            }
        },
        {
            "id": 972019047,
            "classId": 10214732,
            "description": "",
            "geometryType": "rectangle",
            "labelerLogin": "Yalda2HITL",
            "createdAt": "2022-07-18T14:26:03.775Z",
            "updatedAt": "2022-07-18T14:26:03.775Z",
            "tags": [],
            "classTitle": "Body text",
            "points": {
                "exterior": [
                    [
                        1072,
                        1634
                    ],
                    [
                        1331,
                        1702
                    ]
                ],
                "interior": []
            }
        },
        {
            "id": 972019031,
            "classId": 10214732,
            "description": "",
            "geometryType": "rectangle",
            "labelerLogin": "Yalda2HITL",
            "createdAt": "2022-07-18T14:26:03.775Z",
            "updatedAt": "2022-07-18T14:26:03.775Z",
            "tags": [],
            "classTitle": "Body text",
            "points": {
                "exterior": [
                    [
                        560,
                        1787
                    ],
                    [
                        1331,
                        1881
                    ]
                ],
                "interior": []
            }
        },
        {
            "id": 972019052,
            "classId": 10214730,
            "description": "",
            "geometryType": "polygon",
            "labelerLogin": "Yalda2HITL",
            "createdAt": "2022-07-18T14:26:03.775Z",
            "updatedAt": "2022-07-18T14:26:03.775Z",
            "tags": [],
            "classTitle": "Page",
            "points": {
                "exterior": [
                    [
                        54,
                        3186
                    ],
                    [
                        56,
                        3113
                    ],
                    [
                        57,
                        3050
                    ],
                    [
                        56,
                        2983
                    ],
                    [
                        57,
                        2927
                    ],
                    [
                        60,
                        2877
                    ],
                    [
                        58,
                        2828
                    ],
                    [
                        57,
                        2773
                    ],
                    [
                        60,
                        2703
                    ],
                    [
                        59,
                        2641
                    ],
                    [
                        61,
                        2599
                    ],
                    [
                        60,
                        2567
                    ],
                    [
                        62,
                        2542
                    ],
                    [
                        62,
                        2502
                    ],
                    [
                        62,
                        2456
                    ],
                    [
                        63,
                        2422
                    ],
                    [
                        65,
                        2373
                    ],
                    [
                        65,
                        2335
                    ],
                    [
                        65,
                        2285
                    ],
                    [
                        65,
                        2234
                    ],
                    [
                        65,
                        2192
                    ],
                    [
                        69,
                        2158
                    ],
                    [
                        69,
                        2118
                    ],
                    [
                        68,
                        2070
                    ],
                    [
                        70,
                        2006
                    ],
                    [
                        71,
                        1952
                    ],
                    [
                        70,
                        1911
                    ],
                    [
                        70,
                        1864
                    ],
                    [
                        69,
                        1812
                    ],
                    [
                        71,
                        1774
                    ],
                    [
                        71,
                        1723
                    ],
                    [
                        71,
                        1678
                    ],
                    [
                        72,
                        1640
                    ],
                    [
                        74,
                        1586
                    ],
                    [
                        74,
                        1533
                    ],
                    [
                        74,
                        1476
                    ],
                    [
                        72,
                        1427
                    ],
                    [
                        75,
                        1394
                    ],
                    [
                        75,
                        1353
                    ],
                    [
                        75,
                        1327
                    ],
                    [
                        76,
                        1289
                    ],
                    [
                        76,
                        1253
                    ],
                    [
                        77,
                        1208
                    ],
                    [
                        76,
                        1157
                    ],
                    [
                        76,
                        1107
                    ],
                    [
                        80,
                        1051
                    ],
                    [
                        82,
                        1006
                    ],
                    [
                        81,
                        953
                    ],
                    [
                        81,
                        921
                    ],
                    [
                        82,
                        882
                    ],
                    [
                        81,
                        843
                    ],
                    [
                        81,
                        804
                    ],
                    [
                        81,
                        766
                    ],
                    [
                        81,
                        739
                    ],
                    [
                        83,
                        725
                    ],
                    [
                        112,
                        697
                    ],
                    [
                        154,
                        670
                    ],
                    [
                        192,
                        657
                    ],
                    [
                        244,
                        641
                    ],
                    [
                        309,
                        624
                    ],
                    [
                        379,
                        616
                    ],
                    [
                        437,
                        614
                    ],
                    [
                        476,
                        612
                    ],
                    [
                        516,
                        613
                    ],
                    [
                        557,
                        615
                    ],
                    [
                        587,
                        617
                    ],
                    [
                        643,
                        620
                    ],
                    [
                        690,
                        622
                    ],
                    [
                        733,
                        625
                    ],
                    [
                        779,
                        627
                    ],
                    [
                        819,
                        631
                    ],
                    [
                        866,
                        635
                    ],
                    [
                        928,
                        643
                    ],
                    [
                        974,
                        650
                    ],
                    [
                        1044,
                        661
                    ],
                    [
                        1102,
                        667
                    ],
                    [
                        1193,
                        677
                    ],
                    [
                        1283,
                        692
                    ],
                    [
                        1351,
                        699
                    ],
                    [
                        1406,
                        707
                    ],
                    [
                        1443,
                        712
                    ],
                    [
                        1482,
                        719
                    ],
                    [
                        1492,
                        809
                    ],
                    [
                        1497,
                        938
                    ],
                    [
                        1507,
                        1052
                    ],
                    [
                        1507,
                        1146
                    ],
                    [
                        1513,
                        1297
                    ],
                    [
                        1513,
                        1422
                    ],
                    [
                        1515,
                        1520
                    ],
                    [
                        1528,
                        1660
                    ],
                    [
                        1513,
                        1771
                    ],
                    [
                        1524,
                        1895
                    ],
                    [
                        1534,
                        1981
                    ],
                    [
                        1534,
                        2057
                    ],
                    [
                        1534,
                        2115
                    ],
                    [
                        1534,
                        2167
                    ],
                    [
                        1546,
                        2216
                    ],
                    [
                        1549,
                        2271
                    ],
                    [
                        1543,
                        2314
                    ],
                    [
                        1549,
                        2412
                    ],
                    [
                        1551,
                        2510
                    ],
                    [
                        1557,
                        2583
                    ],
                    [
                        1557,
                        2610
                    ],
                    [
                        1563,
                        2672
                    ],
                    [
                        1557,
                        2718
                    ],
                    [
                        1558,
                        2792
                    ],
                    [
                        1561,
                        2874
                    ],
                    [
                        1569,
                        2951
                    ],
                    [
                        1571,
                        3054
                    ],
                    [
                        1574,
                        3141
                    ],
                    [
                        1576,
                        3214
                    ],
                    [
                        1576,
                        3273
                    ],
                    [
                        1582,
                        3313
                    ],
                    [
                        1551,
                        3329
                    ],
                    [
                        1408,
                        3340
                    ],
                    [
                        1350,
                        3354
                    ],
                    [
                        1225,
                        3369
                    ],
                    [
                        1082,
                        3379
                    ],
                    [
                        1013,
                        3392
                    ],
                    [
                        899,
                        3402
                    ],
                    [
                        798,
                        3411
                    ],
                    [
                        665,
                        3419
                    ],
                    [
                        493,
                        3425
                    ],
                    [
                        378,
                        3421
                    ],
                    [
                        267,
                        3413
                    ],
                    [
                        207,
                        3413
                    ],
                    [
                        167,
                        3411
                    ],
                    [
                        130,
                        3402
                    ],
                    [
                        90,
                        3384
                    ],
                    [
                        54,
                        3377
                    ],
                    [
                        54,
                        3281
                    ]
                ],
                "interior": []
            }
        }
    ]
}