{
    "description": "",
    "tags": [],
    "size": {
        "height": 4160,
        "width": 1920
    },
    "objects": [
        {
            "id": 972019028,
            "classId": 10214732,
            "description": "",
            "geometryType": "rectangle",
            "labelerLogin": "Yalda2HITL",
            "createdAt": "2022-07-18T14:26:03.775Z",
            "updatedAt": "2022-07-18T14:26:03.775Z",
            "tags": [],
            "classTitle": "Body text",
            "points": {
                "exterior": [
                    [
                        705,
                        1061
                    ],
                    [
                        1423,
                        1173
                    ]
                ],
                "interior": []
            }
        },
        {
            "id": 972019027,
            "classId": 10214732,
            "description": "",
            "geometryType": "rectangle",
            "labelerLogin": "Yalda2HITL",
            "createdAt": "2022-07-18T14:26:03.775Z",
            "updatedAt": "2022-07-18T14:26:03.775Z",
            "tags": [],
            "classTitle": "Body text",
            "points": {
                "exterior": [
                    [
                        558,
                        1173
                    ],
                    [
                        1437,
                        1301
                    ]
                ],
                "interior": []
            }
        },
        {
            "id": 972019034,
            "classId": 10214732,
            "description": "",
            "geometryType": "rectangle",
            "labelerLogin": "Yalda2HITL",
            "createdAt": "2022-07-18T14:26:03.775Z",
            "updatedAt": "2022-07-18T14:26:03.775Z",
            "tags": [],
            "classTitle": "Body text",
            "points": {
                "exterior": [
                    [
                        267,
                        1289
                    ],
                    [
                        1430,
                        1435
                    ]
                ],
                "interior": []
            }
        },
        {
            "id": 972019054,
            "classId": 10214732,
            "description": "",
            "geometryType": "rectangle",
            "labelerLogin": "Yalda2HITL",
            "createdAt": "2022-07-18T14:26:03.775Z",
            "updatedAt": "2022-07-18T14:26:03.775Z",
            "tags": [],
            "classTitle": "Body text",
            "points": {
                "exterior": [
                    [
                        896,
                        1381
                    ],
                    [
                        1501,
                        1462
                    ]
                ],
                "interior": []
            }
        },
        {
            "id": 972019026,
            "classId": 10214732,
            "description": "",
            "geometryType": "rectangle",
            "labelerLogin": "Yalda2HITL",
            "createdAt": "2022-07-18T14:26:03.775Z",
            "updatedAt": "2022-07-18T14:26:03.775Z",
            "tags": [],
            "classTitle": "Body text",
            "points": {
                "exterior": [
                    [
                        277,
                        1485
                    ],
                    [
                        1429,
                        1629
                    ]
                ],
                "interior": []
            }
        },
        {
            "id": 972019041,
            "classId": 10214732,
            "description": "",
            "geometryType": "rectangle",
            "labelerLogin": "Yalda2HITL",
            "createdAt": "2022-07-18T14:26:03.775Z",
            "updatedAt": "2022-07-18T14:26:03.775Z",
            "tags": [],
            "classTitle": "Body text",
            "points": {
                "exterior": [
                    [
                        287,
                        1572
                    ],
                    [
                        1508,
                        1708
                    ]
                ],
                "interior": []
            }
        },
        {
            "id": 972019022,
            "classId": 10214732,
            "description": "",
            "geometryType": "rectangle",
            "labelerLogin": "Yalda2HITL",
            "createdAt": "2022-07-18T14:26:03.775Z",
            "updatedAt": "2022-07-18T14:26:03.775Z",
            "tags": [],
            "classTitle": "Body text",
            "points": {
                "exterior": [
                    [
                        483,
                        1659
                    ],
                    [
                        1502,
                        1764
                    ]
                ],
                "interior": []
            }
        },
        {
            "id": 972019023,
            "classId": 10214732,
            "description": "",
            "geometryType": "rectangle",
            "labelerLogin": "Yalda2HITL",
            "createdAt": "2022-07-18T14:26:03.775Z",
            "updatedAt": "2022-07-18T14:26:03.775Z",
            "tags": [],
            "classTitle": "Body text",
            "points": {
                "exterior": [
                    [
                        468,
                        1761
                    ],
                    [
                        1447,
                        1882
                    ]
                ],
                "interior": []
            }
        },
        {
            "id": 972019050,
            "classId": 10214732,
            "description": "",
            "geometryType": "rectangle",
            "labelerLogin": "Yalda2HITL",
            "createdAt": "2022-07-18T14:26:03.775Z",
            "updatedAt": "2022-07-18T14:26:03.775Z",
            "tags": [],
            "classTitle": "Body text",
            "points": {
                "exterior": [
                    [
                        296,
                        1878
                    ],
                    [
                        1450,
                        1994
                    ]
                ],
                "interior": []
            }
        },
        {
            "id": 972019035,
            "classId": 10214732,
            "description": "",
            "geometryType": "rectangle",
            "labelerLogin": "Yalda2HITL",
            "createdAt": "2022-07-18T14:26:03.775Z",
            "updatedAt": "2022-07-18T14:26:03.775Z",
            "tags": [],
            "classTitle": "Body text",
            "points": {
                "exterior": [
                    [
                        297,
                        1972
                    ],
                    [
                        1516,
                        2074
                    ]
                ],
                "interior": []
            }
        },
        {
            "id": 972019053,
            "classId": 10214732,
            "description": "",
            "geometryType": "rectangle",
            "labelerLogin": "Yalda2HITL",
            "createdAt": "2022-07-18T14:26:03.775Z",
            "updatedAt": "2022-07-18T14:26:03.775Z",
            "tags": [],
            "classTitle": "Body text",
            "points": {
                "exterior": [
                    [
                        950,
                        2050
                    ],
                    [
                        1520,
                        2130
                    ]
                ],
                "interior": []
            }
        },
        {
            "id": 972019040,
            "classId": 10214732,
            "description": "",
            "geometryType": "rectangle",
            "labelerLogin": "Yalda2HITL",
            "createdAt": "2022-07-18T14:26:03.775Z",
            "updatedAt": "2022-07-18T14:26:03.775Z",
            "tags": [],
            "classTitle": "Body text",
            "points": {
                "exterior": [
                    [
                        859,
                        3139
                    ],
                    [
                        970,
                        3204
                    ]
                ],
                "interior": []
            }
        },
        {
            "id": 972019059,
            "classId": 10214730,
            "description": "",
            "geometryType": "polygon",
            "labelerLogin": "Yalda2HITL",
            "createdAt": "2022-07-18T14:26:03.775Z",
            "updatedAt": "2022-07-18T14:26:03.775Z",
            "tags": [],
            "classTitle": "Page",
            "points": {
                "exterior": [
                    [
                        1879,
                        3156
                    ],
                    [
                        1875,
                        3056
                    ],
                    [
                        1868,
                        2952
                    ],
                    [
                        1859,
                        2834
                    ],
                    [
                        1858,
                        2728
                    ],
                    [
                        1846,
                        2642
                    ],
                    [
                        1846,
                        2575
                    ],
                    [
                        1840,
                        2490
                    ],
                    [
                        1832,
                        2400
                    ],
                    [
                        1828,
                        2305
                    ],
                    [
                        1826,
                        2200
                    ],
                    [
                        1821,
                        2137
                    ],
                    [
                        1816,
                        2068
                    ],
                    [
                        1808,
                        1990
                    ],
                    [
                        1807,
                        1933
                    ],
                    [
                        1807,
                        1850
                    ],
                    [
                        1803,
                        1761
                    ],
                    [
                        1791,
                        1642
                    ],
                    [
                        1791,
                        1535
                    ],
                    [
                        1783,
                        1428
                    ],
                    [
                        1777,
                        1311
                    ],
                    [
                        1775,
                        1223
                    ],
                    [
                        1764,
                        1131
                    ],
                    [
                        1771,
                        1024
                    ],
                    [
                        1755,
                        939
                    ],
                    [
                        1747,
                        853
                    ],
                    [
                        1749,
                        801
                    ],
                    [
                        1655,
                        791
                    ],
                    [
                        1571,
                        784
                    ],
                    [
                        1448,
                        775
                    ],
                    [
                        1306,
                        772
                    ],
                    [
                        1192,
                        777
                    ],
                    [
                        1054,
                        780
                    ],
                    [
                        895,
                        784
                    ],
                    [
                        750,
                        799
                    ],
                    [
                        671,
                        816
                    ],
                    [
                        581,
                        829
                    ],
                    [
                        487,
                        843
                    ],
                    [
                        417,
                        853
                    ],
                    [
                        368,
                        856
                    ],
                    [
                        292,
                        864
                    ],
                    [
                        199,
                        874
                    ],
                    [
                        145,
                        879
                    ],
                    [
                        77,
                        891
                    ],
                    [
                        68,
                        918
                    ],
                    [
                        71,
                        1040
                    ],
                    [
                        76,
                        1170
                    ],
                    [
                        82,
                        1287
                    ],
                    [
                        86,
                        1434
                    ],
                    [
                        87,
                        1539
                    ],
                    [
                        89,
                        1686
                    ],
                    [
                        96,
                        1783
                    ],
                    [
                        91,
                        1884
                    ],
                    [
                        91,
                        2036
                    ],
                    [
                        98,
                        2116
                    ],
                    [
                        106,
                        2253
                    ],
                    [
                        104,
                        2372
                    ],
                    [
                        104,
                        2513
                    ],
                    [
                        111,
                        2619
                    ],
                    [
                        114,
                        2686
                    ],
                    [
                        112,
                        2835
                    ],
                    [
                        110,
                        2969
                    ],
                    [
                        108,
                        3109
                    ],
                    [
                        108,
                        3242
                    ],
                    [
                        108,
                        3317
                    ],
                    [
                        105,
                        3386
                    ],
                    [
                        205,
                        3390
                    ],
                    [
                        292,
                        3393
                    ],
                    [
                        454,
                        3402
                    ],
                    [
                        552,
                        3406
                    ],
                    [
                        700,
                        3414
                    ],
                    [
                        817,
                        3415
                    ],
                    [
                        922,
                        3425
                    ],
                    [
                        1081,
                        3428
                    ],
                    [
                        1211,
                        3432
                    ],
                    [
                        1351,
                        3431
                    ],
                    [
                        1433,
                        3432
                    ],
                    [
                        1576,
                        3423
                    ],
                    [
                        1673,
                        3419
                    ],
                    [
                        1757,
                        3410
                    ],
                    [
                        1816,
                        3399
                    ],
                    [
                        1851,
                        3394
                    ],
                    [
                        1883,
                        3389
                    ],
                    [
                        1881,
                        3337
                    ],
                    [
                        1874,
                        3236
                    ]
                ],
                "interior": []
            }
        }
    ]
}