{
    "description": "",
    "tags": [],
    "size": {
        "height": 1920,
        "width": 3121
    },
    "objects": [
        {
            "id": 972019099,
            "classId": 10214732,
            "description": "",
            "geometryType": "rectangle",
            "labelerLogin": "Yalda2HITL",
            "createdAt": "2022-07-18T14:26:03.776Z",
            "updatedAt": "2022-07-18T14:26:03.776Z",
            "tags": [],
            "classTitle": "Body text",
            "points": {
                "exterior": [
                    [
                        909,
                        117
                    ],
                    [
                        1444,
                        209
                    ]
                ],
                "interior": []
            }
        },
        {
            "id": 972019185,
            "classId": 10214731,
            "description": "",
            "geometryType": "rectangle",
            "labelerLogin": "Yalda2HITL",
            "createdAt": "2022-07-18T14:26:03.776Z",
            "updatedAt": "2022-07-18T14:26:03.776Z",
            "tags": [
                {
                    "id": 151023524,
                    "tagId": 30308107,
                    "name": "Transcription",
                    "value": "\u0645\u062f\u064a\u0646\u0629 \u0645\u0646 \u0628\u062e\u0627\u0631",
                    "labelerLogin": "Yalda2HITL",
                    "createdAt": "2022-07-18T14:26:03.776Z",
                    "updatedAt": "2022-07-18T14:26:03.776Z"
                }
            ],
            "classTitle": "Title",
            "points": {
                "exterior": [
                    [
                        790,
                        352
                    ],
                    [
                        1572,
                        532
                    ]
                ],
                "interior": []
            }
        },
        {
            "id": 972019097,
            "classId": 10214732,
            "description": "",
            "geometryType": "rectangle",
            "labelerLogin": "Yalda2HITL",
            "createdAt": "2022-07-18T14:26:03.776Z",
            "updatedAt": "2022-07-18T14:26:03.776Z",
            "tags": [],
            "classTitle": "Body text",
            "points": {
                "exterior": [
                    [
                        898,
                        558
                    ],
                    [
                        1462,
                        628
                    ]
                ],
                "interior": []
            }
        },
        {
            "id": 972019096,
            "classId": 10214732,
            "description": "",
            "geometryType": "rectangle",
            "labelerLogin": "Yalda2HITL",
            "createdAt": "2022-07-18T14:26:03.776Z",
            "updatedAt": "2022-07-18T14:26:03.776Z",
            "tags": [],
            "classTitle": "Body text",
            "points": {
                "exterior": [
                    [
                        925,
                        1298
                    ],
                    [
                        1422,
                        1360
                    ]
                ],
                "interior": []
            }
        },
        {
            "id": 972019100,
            "classId": 10214732,
            "description": "",
            "geometryType": "rectangle",
            "labelerLogin": "Yalda2HITL",
            "createdAt": "2022-07-18T14:26:03.776Z",
            "updatedAt": "2022-07-18T14:26:03.776Z",
            "tags": [],
            "classTitle": "Body text",
            "points": {
                "exterior": [
                    [
                        1069,
                        1492
                    ],
                    [
                        1267,
                        1534
                    ]
                ],
                "interior": []
            }
        },
        {
            "id": 972019183,
            "classId": 10214732,
            "description": "",
            "geometryType": "rectangle",
            "labelerLogin": "Yalda2HITL",
            "createdAt": "2022-07-18T14:26:03.776Z",
            "updatedAt": "2022-07-18T14:26:03.776Z",
            "tags": [
                {
                    "id": 151023522,
                    "tagId": 30308107,
                    "name": "Transcription",
                    "value": "\u0642\u0635\u0635",
                    "labelerLogin": "Yalda2HITL",
                    "createdAt": "2022-07-18T14:26:03.776Z",
                    "updatedAt": "2022-07-18T14:26:03.776Z"
                }
            ],
            "classTitle": "Body text",
            "points": {
                "exterior": [
                    [
                        1111,
                        1559
                    ],
                    [
                        1224,
                        1608
                    ]
                ],
                "interior": []
            }
        },
        {
            "id": 972019103,
            "classId": 10214730,
            "description": "",
            "geometryType": "polygon",
            "labelerLogin": "Yalda2HITL",
            "createdAt": "2022-07-18T14:26:03.776Z",
            "updatedAt": "2022-07-18T14:26:03.776Z",
            "tags": [],
            "classTitle": "Page",
            "points": {
                "exterior": [
                    [
                        670,
                        1586
                    ],
                    [
                        671,
                        1555
                    ],
                    [
                        671,
                        1526
                    ],
                    [
                        671,
                        1492
                    ],
                    [
                        671,
                        1472
                    ],
                    [
                        672,
                        1446
                    ],
                    [
                        672,
                        1420
                    ],
                    [
                        674,
                        1402
                    ],
                    [
                        674,
                        1378
                    ],
                    [
                        675,
                        1357
                    ],
                    [
                        674,
                        1333
                    ],
                    [
                        674,
                        1312
                    ],
                    [
                        674,
                        1288
                    ],
                    [
                        677,
                        1261
                    ],
                    [
                        677,
                        1236
                    ],
                    [
                        678,
                        1204
                    ],
                    [
                        678,
                        1190
                    ],
                    [
                        679,
                        1167
                    ],
                    [
                        679,
                        1138
                    ],
                    [
                        680,
                        1112
                    ],
                    [
                        681,
                        1081
                    ],
                    [
                        681,
                        1049
                    ],
                    [
                        681,
                        1027
                    ],
                    [
                        680,
                        1006
                    ],
                    [
                        682,
                        979
                    ],
                    [
                        682,
                        968
                    ],
                    [
                        682,
                        949
                    ],
                    [
                        682,
                        926
                    ],
                    [
                        682,
                        907
                    ],
                    [
                        682,
                        873
                    ],
                    [
                        683,
                        835
                    ],
                    [
                        685,
                        806
                    ],
                    [
                        685,
                        777
                    ],
                    [
                        685,
                        747
                    ],
                    [
                        687,
                        715
                    ],
                    [
                        686,
                        699
                    ],
                    [
                        688,
                        671
                    ],
                    [
                        688,
                        648
                    ],
                    [
                        689,
                        621
                    ],
                    [
                        691,
                        594
                    ],
                    [
                        690,
                        567
                    ],
                    [
                        690,
                        550
                    ],
                    [
                        690,
                        528
                    ],
                    [
                        691,
                        512
                    ],
                    [
                        692,
                        495
                    ],
                    [
                        691,
                        481
                    ],
                    [
                        692,
                        458
                    ],
                    [
                        693,
                        439
                    ],
                    [
                        693,
                        423
                    ],
                    [
                        693,
                        404
                    ],
                    [
                        694,
                        368
                    ],
                    [
                        693,
                        350
                    ],
                    [
                        694,
                        325
                    ],
                    [
                        695,
                        296
                    ],
                    [
                        695,
                        276
                    ],
                    [
                        695,
                        260
                    ],
                    [
                        695,
                        230
                    ],
                    [
                        696,
                        204
                    ],
                    [
                        698,
                        173
                    ],
                    [
                        699,
                        138
                    ],
                    [
                        700,
                        107
                    ],
                    [
                        701,
                        82
                    ],
                    [
                        702,
                        51
                    ],
                    [
                        702,
                        31
                    ],
                    [
                        705,
                        22
                    ],
                    [
                        713,
                        24
                    ],
                    [
                        735,
                        29
                    ],
                    [
                        765,
                        33
                    ],
                    [
                        820,
                        35
                    ],
                    [
                        885,
                        40
                    ],
                    [
                        927,
                        41
                    ],
                    [
                        964,
                        41
                    ],
                    [
                        1011,
                        45
                    ],
                    [
                        1043,
                        45
                    ],
                    [
                        1068,
                        45
                    ],
                    [
                        1130,
                        49
                    ],
                    [
                        1183,
                        55
                    ],
                    [
                        1240,
                        58
                    ],
                    [
                        1285,
                        58
                    ],
                    [
                        1311,
                        60
                    ],
                    [
                        1341,
                        60
                    ],
                    [
                        1375,
                        63
                    ],
                    [
                        1399,
                        63
                    ],
                    [
                        1427,
                        63
                    ],
                    [
                        1460,
                        63
                    ],
                    [
                        1496,
                        63
                    ],
                    [
                        1536,
                        68
                    ],
                    [
                        1577,
                        70
                    ],
                    [
                        1619,
                        70
                    ],
                    [
                        1656,
                        70
                    ],
                    [
                        1689,
                        70
                    ],
                    [
                        1724,
                        71
                    ],
                    [
                        1736,
                        71
                    ],
                    [
                        1740,
                        135
                    ],
                    [
                        1739,
                        199
                    ],
                    [
                        1741,
                        259
                    ],
                    [
                        1739,
                        310
                    ],
                    [
                        1734,
                        422
                    ],
                    [
                        1737,
                        523
                    ],
                    [
                        1737,
                        594
                    ],
                    [
                        1733,
                        641
                    ],
                    [
                        1734,
                        707
                    ],
                    [
                        1734,
                        756
                    ],
                    [
                        1734,
                        811
                    ],
                    [
                        1734,
                        858
                    ],
                    [
                        1733,
                        903
                    ],
                    [
                        1731,
                        961
                    ],
                    [
                        1732,
                        1005
                    ],
                    [
                        1735,
                        1058
                    ],
                    [
                        1731,
                        1109
                    ],
                    [
                        1731,
                        1197
                    ],
                    [
                        1730,
                        1255
                    ],
                    [
                        1734,
                        1317
                    ],
                    [
                        1736,
                        1387
                    ],
                    [
                        1734,
                        1441
                    ],
                    [
                        1731,
                        1483
                    ],
                    [
                        1731,
                        1512
                    ],
                    [
                        1732,
                        1539
                    ],
                    [
                        1736,
                        1571
                    ],
                    [
                        1736,
                        1596
                    ],
                    [
                        1738,
                        1614
                    ],
                    [
                        1633,
                        1615
                    ],
                    [
                        1504,
                        1618
                    ],
                    [
                        1410,
                        1615
                    ],
                    [
                        1289,
                        1619
                    ],
                    [
                        1245,
                        1621
                    ],
                    [
                        1159,
                        1623
                    ],
                    [
                        1083,
                        1628
                    ],
                    [
                        1036,
                        1627
                    ],
                    [
                        978,
                        1632
                    ],
                    [
                        918,
                        1634
                    ],
                    [
                        855,
                        1636
                    ],
                    [
                        810,
                        1638
                    ],
                    [
                        764,
                        1639
                    ],
                    [
                        735,
                        1641
                    ],
                    [
                        696,
                        1641
                    ],
                    [
                        677,
                        1643
                    ],
                    [
                        671,
                        1635
                    ],
                    [
                        670,
                        1614
                    ]
                ],
                "interior": []
            }
        }
    ]
}