{
    "description": "",
    "tags": [],
    "size": {
        "height": 960,
        "width": 791
    },
    "objects": [
        {
            "id": 972019690,
            "classId": 10214730,
            "description": "",
            "geometryType": "polygon",
            "labelerLogin": "Yalda2HITL",
            "createdAt": "2022-07-18T14:26:27.964Z",
            "updatedAt": "2022-07-18T14:26:27.964Z",
            "tags": [],
            "classTitle": "Page",
            "points": {
                "exterior": [
                    [
                        83,
                        83
                    ],
                    [
                        758,
                        83
                    ],
                    [
                        694,
                        882
                    ],
                    [
                        154,
                        899
                    ]
                ],
                "interior": []
            }
        },
        {
            "id": 972019646,
            "classId": 10214731,
            "description": "",
            "geometryType": "rectangle",
            "labelerLogin": "Yalda2HITL",
            "createdAt": "2022-07-18T14:26:27.964Z",
            "updatedAt": "2022-07-18T14:26:27.964Z",
            "tags": [
                {
                    "id": 151023569,
                    "tagId": 30308107,
                    "name": "Transcription",
                    "value": "\u0643\u062a\u0627\u0628",
                    "labelerLogin": "Yalda2HITL",
                    "createdAt": "2022-07-18T14:26:27.964Z",
                    "updatedAt": "2022-07-18T14:26:27.964Z"
                }
            ],
            "classTitle": "Title",
            "points": {
                "exterior": [
                    [
                        332,
                        175
                    ],
                    [
                        554,
                        246
                    ]
                ],
                "interior": []
            }
        },
        {
            "id": 972019657,
            "classId": 10214732,
            "description": "",
            "geometryType": "rectangle",
            "labelerLogin": "Yalda2HITL",
            "createdAt": "2022-07-18T14:26:27.964Z",
            "updatedAt": "2022-07-18T14:26:27.964Z",
            "tags": [],
            "classTitle": "Body text",
            "points": {
                "exterior": [
                    [
                        238,
                        245
                    ],
                    [
                        677,
                        303
                    ]
                ],
                "interior": []
            }
        },
        {
            "id": 972019689,
            "classId": 10214732,
            "description": "",
            "geometryType": "rectangle",
            "labelerLogin": "Yalda2HITL",
            "createdAt": "2022-07-18T14:26:27.964Z",
            "updatedAt": "2022-07-18T14:26:27.964Z",
            "tags": [],
            "classTitle": "Body text",
            "points": {
                "exterior": [
                    [
                        352,
                        319
                    ],
                    [
                        529,
                        376
                    ]
                ],
                "interior": []
            }
        },
        {
            "id": 972019688,
            "classId": 10214732,
            "description": "",
            "geometryType": "rectangle",
            "labelerLogin": "Yalda2HITL",
            "createdAt": "2022-07-18T14:26:27.964Z",
            "updatedAt": "2022-07-18T14:26:27.964Z",
            "tags": [],
            "classTitle": "Body text",
            "points": {
                "exterior": [
                    [
                        411,
                        412
                    ],
                    [
                        465,
                        452
                    ]
                ],
                "interior": []
            }
        },
        {
            "id": 972019687,
            "classId": 10214732,
            "description": "",
            "geometryType": "rectangle",
            "labelerLogin": "Yalda2HITL",
            "createdAt": "2022-07-18T14:26:27.964Z",
            "updatedAt": "2022-07-18T14:26:27.964Z",
            "tags": [],
            "classTitle": "Body text",
            "points": {
                "exterior": [
                    [
                        219,
                        464
                    ],
                    [
                        652,
                        496
                    ]
                ],
                "interior": []
            }
        },
        {
            "id": 972019686,
            "classId": 10214732,
            "description": "",
            "geometryType": "rectangle",
            "labelerLogin": "Yalda2HITL",
            "createdAt": "2022-07-18T14:26:27.964Z",
            "updatedAt": "2022-07-18T14:26:27.964Z",
            "tags": [],
            "classTitle": "Body text",
            "points": {
                "exterior": [
                    [
                        314,
                        497
                    ],
                    [
                        560,
                        531
                    ]
                ],
                "interior": []
            }
        },
        {
            "id": 972019685,
            "classId": 10214732,
            "description": "",
            "geometryType": "rectangle",
            "labelerLogin": "Yalda2HITL",
            "createdAt": "2022-07-18T14:26:27.964Z",
            "updatedAt": "2022-07-18T14:26:27.964Z",
            "tags": [],
            "classTitle": "Body text",
            "points": {
                "exterior": [
                    [
                        226,
                        565
                    ],
                    [
                        611,
                        605
                    ]
                ],
                "interior": []
            }
        },
        {
            "id": 972019711,
            "classId": 10214732,
            "description": "",
            "geometryType": "rectangle",
            "labelerLogin": "Yalda2HITL",
            "createdAt": "2022-07-18T14:26:27.964Z",
            "updatedAt": "2022-07-18T14:26:27.964Z",
            "tags": [],
            "classTitle": "Body text",
            "points": {
                "exterior": [
                    [
                        213,
                        598
                    ],
                    [
                        625,
                        640
                    ]
                ],
                "interior": []
            }
        },
        {
            "id": 972019684,
            "classId": 10214732,
            "description": "",
            "geometryType": "rectangle",
            "labelerLogin": "Yalda2HITL",
            "createdAt": "2022-07-18T14:26:27.964Z",
            "updatedAt": "2022-07-18T14:26:27.964Z",
            "tags": [],
            "classTitle": "Body text",
            "points": {
                "exterior": [
                    [
                        295,
                        636
                    ],
                    [
                        540,
                        683
                    ]
                ],
                "interior": []
            }
        },
        {
            "id": 972019603,
            "classId": 10214732,
            "description": "",
            "geometryType": "rectangle",
            "labelerLogin": "Yalda2HITL",
            "createdAt": "2022-07-18T14:26:27.964Z",
            "updatedAt": "2022-07-18T14:26:27.964Z",
            "tags": [],
            "classTitle": "Body text",
            "points": {
                "exterior": [
                    [
                        254,
                        694
                    ],
                    [
                        317,
                        718
                    ]
                ],
                "interior": []
            }
        },
        {
            "id": 972019602,
            "classId": 10214732,
            "description": "",
            "geometryType": "rectangle",
            "labelerLogin": "Yalda2HITL",
            "createdAt": "2022-07-18T14:26:27.964Z",
            "updatedAt": "2022-07-18T14:26:27.964Z",
            "tags": [],
            "classTitle": "Body text",
            "points": {
                "exterior": [
                    [
                        207,
                        712
                    ],
                    [
                        373,
                        753
                    ]
                ],
                "interior": []
            }
        },
        {
            "id": 972019661,
            "classId": 10214732,
            "description": "",
            "geometryType": "rectangle",
            "labelerLogin": "Yalda2HITL",
            "createdAt": "2022-07-18T14:26:27.964Z",
            "updatedAt": "2022-07-18T14:26:27.964Z",
            "tags": [],
            "classTitle": "Body text",
            "points": {
                "exterior": [
                    [
                        239,
                        816
                    ],
                    [
                        313,
                        862
                    ]
                ],
                "interior": []
            }
        },
        {
            "id": 972019694,
            "classId": 10214732,
            "description": "",
            "geometryType": "rectangle",
            "labelerLogin": "Yalda2HITL",
            "createdAt": "2022-07-18T14:26:27.964Z",
            "updatedAt": "2022-07-18T14:26:27.964Z",
            "tags": [],
            "classTitle": "Body text",
            "points": {
                "exterior": [
                    [
                        241,
                        746
                    ],
                    [
                        331,
                        770
                    ]
                ],
                "interior": []
            }
        }
    ]
}