{
    "description": "",
    "tags": [],
    "size": {
        "height": 600,
        "width": 450
    },
    "objects": [
        {
            "id": 972019641,
            "classId": 10214731,
            "description": "",
            "geometryType": "rectangle",
            "labelerLogin": "Yalda2HITL",
            "createdAt": "2022-07-18T14:26:27.964Z",
            "updatedAt": "2022-07-18T14:26:27.964Z",
            "tags": [
                {
                    "id": 151023568,
                    "tagId": 30308107,
                    "name": "Transcription",
                    "value": "\u0641\u0627\u0633 \u0639\u0627\u0635\u0645\u0629 \u0627\u0644\u0623\u062f\u0627\u0631\u0633\u0629",
                    "labelerLogin": "Yalda2HITL",
                    "createdAt": "2022-07-18T14:26:27.964Z",
                    "updatedAt": "2022-07-18T14:26:27.964Z"
                }
            ],
            "classTitle": "Title",
            "points": {
                "exterior": [
                    [
                        117,
                        179
                    ],
                    [
                        361,
                        217
                    ]
                ],
                "interior": []
            }
        },
        {
            "id": 972019640,
            "classId": 10214732,
            "description": "",
            "geometryType": "rectangle",
            "labelerLogin": "Yalda2HITL",
            "createdAt": "2022-07-18T14:26:27.964Z",
            "updatedAt": "2022-07-18T14:26:27.964Z",
            "tags": [],
            "classTitle": "Body text",
            "points": {
                "exterior": [
                    [
                        304,
                        78
                    ],
                    [
                        396,
                        103
                    ]
                ],
                "interior": []
            }
        },
        {
            "id": 972019637,
            "classId": 10214732,
            "description": "",
            "geometryType": "rectangle",
            "labelerLogin": "Yalda2HITL",
            "createdAt": "2022-07-18T14:26:27.964Z",
            "updatedAt": "2022-07-18T14:26:27.964Z",
            "tags": [],
            "classTitle": "Body text",
            "points": {
                "exterior": [
                    [
                        182,
                        231
                    ],
                    [
                        286,
                        250
                    ]
                ],
                "interior": []
            }
        },
        {
            "id": 972019635,
            "classId": 10214732,
            "description": "",
            "geometryType": "rectangle",
            "labelerLogin": "Yalda2HITL",
            "createdAt": "2022-07-18T14:26:27.964Z",
            "updatedAt": "2022-07-18T14:26:27.964Z",
            "tags": [],
            "classTitle": "Body text",
            "points": {
                "exterior": [
                    [
                        343,
                        95
                    ],
                    [
                        360,
                        115
                    ]
                ],
                "interior": []
            }
        },
        {
            "id": 972019639,
            "classId": 10214732,
            "description": "",
            "geometryType": "rectangle",
            "labelerLogin": "Yalda2HITL",
            "createdAt": "2022-07-18T14:26:27.964Z",
            "updatedAt": "2022-07-18T14:26:27.964Z",
            "tags": [],
            "classTitle": "Body text",
            "points": {
                "exterior": [
                    [
                        222,
                        301
                    ],
                    [
                        266,
                        318
                    ]
                ],
                "interior": []
            }
        },
        {
            "id": 972019638,
            "classId": 10214732,
            "description": "",
            "geometryType": "rectangle",
            "labelerLogin": "Yalda2HITL",
            "createdAt": "2022-07-18T14:26:27.964Z",
            "updatedAt": "2022-07-18T14:26:27.964Z",
            "tags": [],
            "classTitle": "Body text",
            "points": {
                "exterior": [
                    [
                        139,
                        320
                    ],
                    [
                        349,
                        338
                    ]
                ],
                "interior": []
            }
        },
        {
            "id": 972019634,
            "classId": 10214732,
            "description": "",
            "geometryType": "rectangle",
            "labelerLogin": "Yalda2HITL",
            "createdAt": "2022-07-18T14:26:27.964Z",
            "updatedAt": "2022-07-18T14:26:27.964Z",
            "tags": [],
            "classTitle": "Body text",
            "points": {
                "exterior": [
                    [
                        200,
                        337
                    ],
                    [
                        279,
                        359
                    ]
                ],
                "interior": []
            }
        },
        {
            "id": 972019632,
            "classId": 10214732,
            "description": "",
            "geometryType": "rectangle",
            "labelerLogin": "Yalda2HITL",
            "createdAt": "2022-07-18T14:26:27.964Z",
            "updatedAt": "2022-07-18T14:26:27.964Z",
            "tags": [],
            "classTitle": "Body text",
            "points": {
                "exterior": [
                    [
                        189,
                        376
                    ],
                    [
                        291,
                        393
                    ]
                ],
                "interior": []
            }
        },
        {
            "id": 972019636,
            "classId": 10214732,
            "description": "",
            "geometryType": "rectangle",
            "labelerLogin": "Yalda2HITL",
            "createdAt": "2022-07-18T14:26:27.964Z",
            "updatedAt": "2022-07-18T14:26:27.964Z",
            "tags": [],
            "classTitle": "Body text",
            "points": {
                "exterior": [
                    [
                        170,
                        389
                    ],
                    [
                        309,
                        414
                    ]
                ],
                "interior": []
            }
        },
        {
            "id": 972019633,
            "classId": 10214732,
            "description": "",
            "geometryType": "rectangle",
            "labelerLogin": "Yalda2HITL",
            "createdAt": "2022-07-18T14:26:27.964Z",
            "updatedAt": "2022-07-18T14:26:27.964Z",
            "tags": [],
            "classTitle": "Body text",
            "points": {
                "exterior": [
                    [
                        194,
                        409
                    ],
                    [
                        283,
                        462
                    ]
                ],
                "interior": []
            }
        },
        {
            "id": 972019642,
            "classId": 10214732,
            "description": "",
            "geometryType": "rectangle",
            "labelerLogin": "Yalda2HITL",
            "createdAt": "2022-07-18T14:26:27.964Z",
            "updatedAt": "2022-07-18T14:26:27.964Z",
            "tags": [],
            "classTitle": "Body text",
            "points": {
                "exterior": [
                    [
                        208,
                        459
                    ],
                    [
                        274,
                        479
                    ]
                ],
                "interior": []
            }
        },
        {
            "id": 972019643,
            "classId": 10214730,
            "description": "",
            "geometryType": "polygon",
            "labelerLogin": "Yalda2HITL",
            "createdAt": "2022-07-18T14:26:27.964Z",
            "updatedAt": "2022-07-18T14:26:27.964Z",
            "tags": [],
            "classTitle": "Page",
            "points": {
                "exterior": [
                    [
                        85,
                        67
                    ],
                    [
                        400,
                        70
                    ],
                    [
                        390,
                        504
                    ],
                    [
                        86,
                        507
                    ]
                ],
                "interior": []
            }
        }
    ]
}