{
    "description": "",
    "tags": [],
    "size": {
        "height": 960,
        "width": 720
    },
    "objects": [
        {
            "id": 972019739,
            "classId": 10214731,
            "description": "",
            "geometryType": "rectangle",
            "labelerLogin": "Yalda2HITL",
            "createdAt": "2022-07-18T14:26:27.964Z",
            "updatedAt": "2022-07-18T14:26:27.964Z",
            "tags": [
                {
                    "id": 151023580,
                    "tagId": 30308107,
                    "name": "Transcription",
                    "value": "\u0645\u062f\u062e\u0644 \u0639\u0627\u0645 \u0641\u064a \u0627\u0644\u0627\u0646\u062b\u0631\u0648\u0628\u0648\u0644\u0648\u062c\u064a\u0627",
                    "labelerLogin": "Yalda2HITL",
                    "createdAt": "2022-07-18T14:26:27.964Z",
                    "updatedAt": "2022-07-18T14:26:27.964Z"
                }
            ],
            "classTitle": "Title",
            "points": {
                "exterior": [
                    [
                        283,
                        497
                    ],
                    [
                        506,
                        640
                    ]
                ],
                "interior": []
            }
        },
        {
            "id": 972019741,
            "classId": 10214732,
            "description": "",
            "geometryType": "rectangle",
            "labelerLogin": "Yalda2HITL",
            "createdAt": "2022-07-18T14:26:27.964Z",
            "updatedAt": "2022-07-18T14:26:27.964Z",
            "tags": [],
            "classTitle": "Body text",
            "points": {
                "exterior": [
                    [
                        230,
                        199
                    ],
                    [
                        358,
                        231
                    ]
                ],
                "interior": []
            }
        },
        {
            "id": 972019730,
            "classId": 10214732,
            "description": "",
            "geometryType": "rectangle",
            "labelerLogin": "Yalda2HITL",
            "createdAt": "2022-07-18T14:26:27.964Z",
            "updatedAt": "2022-07-18T14:26:27.964Z",
            "tags": [],
            "classTitle": "Body text",
            "points": {
                "exterior": [
                    [
                        246,
                        758
                    ],
                    [
                        381,
                        856
                    ]
                ],
                "interior": []
            }
        },
        {
            "id": 972019734,
            "classId": 10214730,
            "description": "",
            "geometryType": "polygon",
            "labelerLogin": "Yalda2HITL",
            "createdAt": "2022-07-18T14:26:27.964Z",
            "updatedAt": "2022-07-18T14:26:27.964Z",
            "tags": [],
            "classTitle": "Page",
            "points": {
                "exterior": [
                    [
                        41,
                        105
                    ],
                    [
                        226,
                        933
                    ],
                    [
                        633,
                        739
                    ],
                    [
                        444,
                        166
                    ]
                ],
                "interior": []
            }
        }
    ]
}