{
    "description": "",
    "tags": [],
    "size": {
        "height": 3265,
        "width": 1920
    },
    "objects": [
        {
            "id": 972019126,
            "classId": 10214732,
            "description": "",
            "geometryType": "rectangle",
            "labelerLogin": "Yalda2HITL",
            "createdAt": "2022-07-18T14:26:03.776Z",
            "updatedAt": "2022-07-18T14:26:03.776Z",
            "tags": [],
            "classTitle": "Body text",
            "points": {
                "exterior": [
                    [
                        485,
                        658
                    ],
                    [
                        1539,
                        866
                    ]
                ],
                "interior": []
            }
        },
        {
            "id": 972019105,
            "classId": 10214732,
            "description": "",
            "geometryType": "rectangle",
            "labelerLogin": "Yalda2HITL",
            "createdAt": "2022-07-18T14:26:03.776Z",
            "updatedAt": "2022-07-18T14:26:03.776Z",
            "tags": [],
            "classTitle": "Body text",
            "points": {
                "exterior": [
                    [
                        1145,
                        841
                    ],
                    [
                        1439,
                        1125
                    ]
                ],
                "interior": []
            }
        },
        {
            "id": 972019168,
            "classId": 10214731,
            "description": "",
            "geometryType": "rectangle",
            "labelerLogin": "Yalda2HITL",
            "createdAt": "2022-07-18T14:26:03.776Z",
            "updatedAt": "2022-07-18T14:26:03.776Z",
            "tags": [
                {
                    "id": 151023510,
                    "tagId": 30308107,
                    "name": "Transcription",
                    "value": "\u062d\u0636\u0631\u0629 \u0627\u0644\u063a\u064a\u0627\u0628",
                    "labelerLogin": "Yalda2HITL",
                    "createdAt": "2022-07-18T14:26:03.776Z",
                    "updatedAt": "2022-07-18T14:26:03.776Z"
                }
            ],
            "classTitle": "Title",
            "points": {
                "exterior": [
                    [
                        409,
                        1066
                    ],
                    [
                        1649,
                        1341
                    ]
                ],
                "interior": []
            }
        },
        {
            "id": 972019127,
            "classId": 10214732,
            "description": "",
            "geometryType": "rectangle",
            "labelerLogin": "Yalda2HITL",
            "createdAt": "2022-07-18T14:26:03.776Z",
            "updatedAt": "2022-07-18T14:26:03.776Z",
            "tags": [],
            "classTitle": "Body text",
            "points": {
                "exterior": [
                    [
                        358,
                        2302
                    ],
                    [
                        705,
                        2457
                    ]
                ],
                "interior": []
            }
        },
        {
            "id": 972019125,
            "classId": 10214732,
            "description": "",
            "geometryType": "rectangle",
            "labelerLogin": "Yalda2HITL",
            "createdAt": "2022-07-18T14:26:03.776Z",
            "updatedAt": "2022-07-18T14:26:03.776Z",
            "tags": [],
            "classTitle": "Body text",
            "points": {
                "exterior": [
                    [
                        444,
                        2778
                    ],
                    [
                        636,
                        2824
                    ]
                ],
                "interior": []
            }
        },
        {
            "id": 972019124,
            "classId": 10214732,
            "description": "",
            "geometryType": "rectangle",
            "labelerLogin": "Yalda2HITL",
            "createdAt": "2022-07-18T14:26:03.776Z",
            "updatedAt": "2022-07-18T14:26:03.776Z",
            "tags": [],
            "classTitle": "Body text",
            "points": {
                "exterior": [
                    [
                        432,
                        2823
                    ],
                    [
                        660,
                        2854
                    ]
                ],
                "interior": []
            }
        },
        {
            "id": 972019175,
            "classId": 10214732,
            "description": "",
            "geometryType": "rectangle",
            "labelerLogin": "Yalda2HITL",
            "createdAt": "2022-07-18T14:26:03.776Z",
            "updatedAt": "2022-07-18T14:26:03.776Z",
            "tags": [
                {
                    "id": 151023516,
                    "tagId": 30308107,
                    "name": "Transcription",
                    "value": "\u0646\u0635",
                    "labelerLogin": "Yalda2HITL",
                    "createdAt": "2022-07-18T14:26:03.776Z",
                    "updatedAt": "2022-07-18T14:26:03.776Z"
                }
            ],
            "classTitle": "Body text",
            "points": {
                "exterior": [
                    [
                        920,
                        1388
                    ],
                    [
                        1135,
                        1518
                    ]
                ],
                "interior": []
            }
        },
        {
            "id": 972019128,
            "classId": 10214730,
            "description": "",
            "geometryType": "polygon",
            "labelerLogin": "Yalda2HITL",
            "createdAt": "2022-07-18T14:26:03.776Z",
            "updatedAt": "2022-07-18T14:26:03.776Z",
            "tags": [],
            "classTitle": "Page",
            "points": {
                "exterior": [
                    [
                        295,
                        2937
                    ],
                    [
                        293,
                        2892
                    ],
                    [
                        293,
                        2864
                    ],
                    [
                        295,
                        2822
                    ],
                    [
                        292,
                        2800
                    ],
                    [
                        297,
                        2784
                    ],
                    [
                        297,
                        2751
                    ],
                    [
                        295,
                        2709
                    ],
                    [
                        297,
                        2678
                    ],
                    [
                        295,
                        2658
                    ],
                    [
                        295,
                        2621
                    ],
                    [
                        296,
                        2592
                    ],
                    [
                        296,
                        2563
                    ],
                    [
                        298,
                        2525
                    ],
                    [
                        296,
                        2499
                    ],
                    [
                        295,
                        2478
                    ],
                    [
                        296,
                        2462
                    ],
                    [
                        298,
                        2432
                    ],
                    [
                        297,
                        2413
                    ],
                    [
                        296,
                        2386
                    ],
                    [
                        295,
                        2362
                    ],
                    [
                        297,
                        2339
                    ],
                    [
                        296,
                        2315
                    ],
                    [
                        296,
                        2279
                    ],
                    [
                        294,
                        2253
                    ],
                    [
                        296,
                        2217
                    ],
                    [
                        291,
                        2151
                    ],
                    [
                        291,
                        2090
                    ],
                    [
                        293,
                        2029
                    ],
                    [
                        293,
                        1970
                    ],
                    [
                        294,
                        1924
                    ],
                    [
                        290,
                        1865
                    ],
                    [
                        294,
                        1818
                    ],
                    [
                        286,
                        1765
                    ],
                    [
                        288,
                        1718
                    ],
                    [
                        288,
                        1636
                    ],
                    [
                        288,
                        1552
                    ],
                    [
                        278,
                        1470
                    ],
                    [
                        281,
                        1375
                    ],
                    [
                        276,
                        1306
                    ],
                    [
                        272,
                        1247
                    ],
                    [
                        267,
                        1198
                    ],
                    [
                        263,
                        1122
                    ],
                    [
                        267,
                        1054
                    ],
                    [
                        256,
                        976
                    ],
                    [
                        254,
                        909
                    ],
                    [
                        250,
                        825
                    ],
                    [
                        252,
                        751
                    ],
                    [
                        244,
                        667
                    ],
                    [
                        240,
                        598
                    ],
                    [
                        240,
                        553
                    ],
                    [
                        234,
                        531
                    ],
                    [
                        240,
                        514
                    ],
                    [
                        317,
                        505
                    ],
                    [
                        392,
                        507
                    ],
                    [
                        483,
                        503
                    ],
                    [
                        568,
                        495
                    ],
                    [
                        634,
                        498
                    ],
                    [
                        677,
                        496
                    ],
                    [
                        732,
                        493
                    ],
                    [
                        780,
                        488
                    ],
                    [
                        837,
                        489
                    ],
                    [
                        880,
                        486
                    ],
                    [
                        934,
                        484
                    ],
                    [
                        988,
                        483
                    ],
                    [
                        1050,
                        479
                    ],
                    [
                        1100,
                        479
                    ],
                    [
                        1149,
                        477
                    ],
                    [
                        1185,
                        474
                    ],
                    [
                        1237,
                        472
                    ],
                    [
                        1274,
                        471
                    ],
                    [
                        1307,
                        468
                    ],
                    [
                        1332,
                        468
                    ],
                    [
                        1357,
                        468
                    ],
                    [
                        1388,
                        467
                    ],
                    [
                        1431,
                        465
                    ],
                    [
                        1470,
                        462
                    ],
                    [
                        1519,
                        462
                    ],
                    [
                        1568,
                        460
                    ],
                    [
                        1623,
                        458
                    ],
                    [
                        1664,
                        453
                    ],
                    [
                        1689,
                        451
                    ],
                    [
                        1734,
                        450
                    ],
                    [
                        1762,
                        450
                    ],
                    [
                        1784,
                        450
                    ],
                    [
                        1807,
                        451
                    ],
                    [
                        1816,
                        461
                    ],
                    [
                        1818,
                        492
                    ],
                    [
                        1818,
                        524
                    ],
                    [
                        1819,
                        578
                    ],
                    [
                        1814,
                        634
                    ],
                    [
                        1819,
                        697
                    ],
                    [
                        1819,
                        764
                    ],
                    [
                        1819,
                        838
                    ],
                    [
                        1817,
                        916
                    ],
                    [
                        1822,
                        990
                    ],
                    [
                        1824,
                        1037
                    ],
                    [
                        1825,
                        1116
                    ],
                    [
                        1818,
                        1185
                    ],
                    [
                        1820,
                        1273
                    ],
                    [
                        1826,
                        1343
                    ],
                    [
                        1820,
                        1406
                    ],
                    [
                        1823,
                        1491
                    ],
                    [
                        1823,
                        1570
                    ],
                    [
                        1823,
                        1633
                    ],
                    [
                        1820,
                        1721
                    ],
                    [
                        1820,
                        1792
                    ],
                    [
                        1818,
                        1861
                    ],
                    [
                        1820,
                        1937
                    ],
                    [
                        1818,
                        2027
                    ],
                    [
                        1822,
                        2112
                    ],
                    [
                        1824,
                        2177
                    ],
                    [
                        1824,
                        2237
                    ],
                    [
                        1824,
                        2283
                    ],
                    [
                        1824,
                        2341
                    ],
                    [
                        1822,
                        2393
                    ],
                    [
                        1819,
                        2437
                    ],
                    [
                        1826,
                        2518
                    ],
                    [
                        1822,
                        2586
                    ],
                    [
                        1826,
                        2658
                    ],
                    [
                        1826,
                        2713
                    ],
                    [
                        1819,
                        2773
                    ],
                    [
                        1831,
                        2840
                    ],
                    [
                        1823,
                        2906
                    ],
                    [
                        1825,
                        2964
                    ],
                    [
                        1828,
                        2991
                    ],
                    [
                        1799,
                        3013
                    ],
                    [
                        1668,
                        3013
                    ],
                    [
                        1507,
                        3013
                    ],
                    [
                        1381,
                        3013
                    ],
                    [
                        1309,
                        3018
                    ],
                    [
                        1215,
                        3018
                    ],
                    [
                        1132,
                        3018
                    ],
                    [
                        1081,
                        3022
                    ],
                    [
                        1048,
                        3023
                    ],
                    [
                        988,
                        3025
                    ],
                    [
                        936,
                        3028
                    ],
                    [
                        885,
                        3025
                    ],
                    [
                        839,
                        3028
                    ],
                    [
                        796,
                        3032
                    ],
                    [
                        739,
                        3031
                    ],
                    [
                        697,
                        3031
                    ],
                    [
                        639,
                        3031
                    ],
                    [
                        598,
                        3032
                    ],
                    [
                        556,
                        3032
                    ],
                    [
                        520,
                        3032
                    ],
                    [
                        481,
                        3035
                    ],
                    [
                        431,
                        3034
                    ],
                    [
                        378,
                        3034
                    ],
                    [
                        352,
                        3041
                    ],
                    [
                        316,
                        3041
                    ],
                    [
                        295,
                        3032
                    ],
                    [
                        289,
                        2983
                    ]
                ],
                "interior": []
            }
        }
    ]
}