{
    "description": "",
    "tags": [],
    "size": {
        "height": 960,
        "width": 720
    },
    "objects": [
        {
            "id": 972019788,
            "classId": 10214732,
            "description": "",
            "geometryType": "rectangle",
            "labelerLogin": "Yalda2HITL",
            "createdAt": "2022-07-18T14:26:27.964Z",
            "updatedAt": "2022-07-18T14:26:27.964Z",
            "tags": [],
            "classTitle": "Body text",
            "points": {
                "exterior": [
                    [
                        295,
                        261
                    ],
                    [
                        393,
                        356
                    ]
                ],
                "interior": []
            }
        },
        {
            "id": 972019787,
            "classId": 10214732,
            "description": "",
            "geometryType": "rectangle",
            "labelerLogin": "Yalda2HITL",
            "createdAt": "2022-07-18T14:26:27.964Z",
            "updatedAt": "2022-07-18T14:26:27.964Z",
            "tags": [],
            "classTitle": "Body text",
            "points": {
                "exterior": [
                    [
                        283,
                        551
                    ],
                    [
                        393,
                        668
                    ]
                ],
                "interior": []
            }
        },
        {
            "id": 972019786,
            "classId": 10214731,
            "description": "",
            "geometryType": "rectangle",
            "labelerLogin": "Yalda2HITL",
            "createdAt": "2022-07-18T14:26:27.964Z",
            "updatedAt": "2022-07-18T14:26:27.964Z",
            "tags": [
                {
                    "id": 151023588,
                    "tagId": 30308107,
                    "name": "Transcription",
                    "value": "\u0645\u0646\u0647\u062c \u0627\u0644\u062f\u0639\u0648\u0629 \u0627\u0644\u0646\u0628\u0648\u064a\u0629 \u0641\u064a \u0627\u0644\u0645\u0631\u062d\u0644\u0629 \u0627\u0644\u0645\u0643\u064a\u0629",
                    "labelerLogin": "Yalda2HITL",
                    "createdAt": "2022-07-18T14:26:27.964Z",
                    "updatedAt": "2022-07-18T14:26:27.964Z"
                }
            ],
            "classTitle": "Title",
            "points": {
                "exterior": [
                    [
                        171,
                        382
                    ],
                    [
                        512,
                        512
                    ]
                ],
                "interior": []
            }
        },
        {
            "id": 972019789,
            "classId": 10214730,
            "description": "",
            "geometryType": "polygon",
            "labelerLogin": "Yalda2HITL",
            "createdAt": "2022-07-18T14:26:27.964Z",
            "updatedAt": "2022-07-18T14:26:27.964Z",
            "tags": [],
            "classTitle": "Page",
            "points": {
                "exterior": [
                    [
                        104,
                        125
                    ],
                    [
                        571,
                        134
                    ],
                    [
                        638,
                        859
                    ],
                    [
                        10,
                        861
                    ]
                ],
                "interior": []
            }
        }
    ]
}