{
    "description": "",
    "tags": [],
    "size": {
        "height": 960,
        "width": 720
    },
    "objects": [
        {
            "id": 972019738,
            "classId": 10214732,
            "description": "",
            "geometryType": "rectangle",
            "labelerLogin": "Yalda2HITL",
            "createdAt": "2022-07-18T14:26:27.964Z",
            "updatedAt": "2022-07-18T14:26:27.964Z",
            "tags": [],
            "classTitle": "Body text",
            "points": {
                "exterior": [
                    [
                        489,
                        243
                    ],
                    [
                        570,
                        267
                    ]
                ],
                "interior": []
            }
        },
        {
            "id": 972019737,
            "classId": 10214732,
            "description": "",
            "geometryType": "rectangle",
            "labelerLogin": "Yalda2HITL",
            "createdAt": "2022-07-18T14:26:27.964Z",
            "updatedAt": "2022-07-18T14:26:27.964Z",
            "tags": [],
            "classTitle": "Body text",
            "points": {
                "exterior": [
                    [
                        148,
                        248
                    ],
                    [
                        441,
                        281
                    ]
                ],
                "interior": []
            }
        },
        {
            "id": 972019736,
            "classId": 10214732,
            "description": "",
            "geometryType": "rectangle",
            "labelerLogin": "Yalda2HITL",
            "createdAt": "2022-07-18T14:26:27.964Z",
            "updatedAt": "2022-07-18T14:26:27.964Z",
            "tags": [],
            "classTitle": "Body text",
            "points": {
                "exterior": [
                    [
                        209,
                        744
                    ],
                    [
                        512,
                        792
                    ]
                ],
                "interior": []
            }
        },
        {
            "id": 972019735,
            "classId": 10214731,
            "description": "",
            "geometryType": "rectangle",
            "labelerLogin": "Yalda2HITL",
            "createdAt": "2022-07-18T14:26:27.964Z",
            "updatedAt": "2022-07-18T14:26:27.964Z",
            "tags": [
                {
                    "id": 151023579,
                    "tagId": 30308107,
                    "name": "Transcription",
                    "value": "\u062c\u0647\u0646\u0645 \u0627\u0644\u0635\u063a\u0631\u0649",
                    "labelerLogin": "Yalda2HITL",
                    "createdAt": "2022-07-18T14:26:27.964Z",
                    "updatedAt": "2022-07-18T14:26:27.964Z"
                }
            ],
            "classTitle": "Title",
            "points": {
                "exterior": [
                    [
                        152,
                        323
                    ],
                    [
                        558,
                        410
                    ]
                ],
                "interior": []
            }
        },
        {
            "id": 972019753,
            "classId": 10214730,
            "description": "",
            "geometryType": "polygon",
            "labelerLogin": "Yalda2HITL",
            "createdAt": "2022-07-18T14:26:27.964Z",
            "updatedAt": "2022-07-18T14:26:27.964Z",
            "tags": [],
            "classTitle": "Page",
            "points": {
                "exterior": [
                    [
                        114,
                        147
                    ],
                    [
                        596,
                        141
                    ],
                    [
                        620,
                        849
                    ],
                    [
                        91,
                        848
                    ]
                ],
                "interior": []
            }
        }
    ]
}