{
    "description": "",
    "tags": [],
    "size": {
        "height": 1072,
        "width": 897
    },
    "objects": [
        {
            "id": 972021228,
            "classId": 10214730,
            "description": "",
            "geometryType": "polygon",
            "labelerLogin": "Yalda2HITL",
            "createdAt": "2022-07-18T14:27:43.798Z",
            "updatedAt": "2022-07-18T14:27:43.798Z",
            "tags": [],
            "classTitle": "Page",
            "points": {
                "exterior": [
                    [
                        664,
                        129
                    ],
                    [
                        671,
                        239
                    ],
                    [
                        676,
                        324
                    ],
                    [
                        682,
                        474
                    ],
                    [
                        694,
                        677
                    ],
                    [
                        701,
                        812
                    ],
                    [
                        711,
                        981
                    ],
                    [
                        528,
                        979
                    ],
                    [
                        440,
                        978
                    ],
                    [
                        364,
                        977
                    ],
                    [
                        291,
                        977
                    ],
                    [
                        208,
                        977
                    ],
                    [
                        96,
                        977
                    ],
                    [
                        82,
                        977
                    ],
                    [
                        87,
                        880
                    ],
                    [
                        95,
                        761
                    ],
                    [
                        103,
                        617
                    ],
                    [
                        107,
                        561
                    ],
                    [
                        108,
                        513
                    ],
                    [
                        111,
                        429
                    ],
                    [
                        111,
                        389
                    ],
                    [
                        114,
                        332
                    ],
                    [
                        116,
                        314
                    ],
                    [
                        116,
                        273
                    ],
                    [
                        116,
                        253
                    ],
                    [
                        118,
                        241
                    ],
                    [
                        118,
                        229
                    ],
                    [
                        117,
                        219
                    ],
                    [
                        119,
                        157
                    ],
                    [
                        120,
                        107
                    ],
                    [
                        124,
                        105
                    ],
                    [
                        134,
                        105
                    ],
                    [
                        147,
                        107
                    ],
                    [
                        181,
                        112
                    ],
                    [
                        222,
                        117
                    ],
                    [
                        306,
                        125
                    ],
                    [
                        348,
                        127
                    ],
                    [
                        474,
                        132
                    ],
                    [
                        583,
                        130
                    ]
                ],
                "interior": []
            }
        },
        {
            "id": 972021224,
            "classId": 10214731,
            "description": "",
            "geometryType": "rectangle",
            "labelerLogin": "Yalda2HITL",
            "createdAt": "2022-07-18T14:27:43.798Z",
            "updatedAt": "2022-07-18T14:27:43.798Z",
            "tags": [
                {
                    "id": 151023793,
                    "tagId": 30308107,
                    "name": "Transcription",
                    "value": "\u0627\u0644\u0633\u0651\u064e\u0628\u0628\u064a\u0651\u064e\u0629",
                    "labelerLogin": "Yalda2HITL",
                    "createdAt": "2022-07-18T14:27:43.798Z",
                    "updatedAt": "2022-07-18T14:27:43.798Z"
                }
            ],
            "classTitle": "Title",
            "points": {
                "exterior": [
                    [
                        190,
                        159
                    ],
                    [
                        603,
                        292
                    ]
                ],
                "interior": []
            }
        },
        {
            "id": 972021227,
            "classId": 10214732,
            "description": "",
            "geometryType": "rectangle",
            "labelerLogin": "Yalda2HITL",
            "createdAt": "2022-07-18T14:27:43.798Z",
            "updatedAt": "2022-07-18T14:27:43.798Z",
            "tags": [],
            "classTitle": "Body text",
            "points": {
                "exterior": [
                    [
                        269,
                        333
                    ],
                    [
                        518,
                        360
                    ]
                ],
                "interior": []
            }
        },
        {
            "id": 972021226,
            "classId": 10214732,
            "description": "",
            "geometryType": "rectangle",
            "labelerLogin": "Yalda2HITL",
            "createdAt": "2022-07-18T14:27:43.798Z",
            "updatedAt": "2022-07-18T14:27:43.798Z",
            "tags": [],
            "classTitle": "Body text",
            "points": {
                "exterior": [
                    [
                        171,
                        402
                    ],
                    [
                        634,
                        423
                    ]
                ],
                "interior": []
            }
        },
        {
            "id": 972021230,
            "classId": 10214732,
            "description": "",
            "geometryType": "rectangle",
            "labelerLogin": "Yalda2HITL",
            "createdAt": "2022-07-18T14:27:43.798Z",
            "updatedAt": "2022-07-18T14:27:43.798Z",
            "tags": [],
            "classTitle": "Body text",
            "points": {
                "exterior": [
                    [
                        141,
                        432
                    ],
                    [
                        636,
                        456
                    ]
                ],
                "interior": []
            }
        },
        {
            "id": 972021229,
            "classId": 10214732,
            "description": "",
            "geometryType": "rectangle",
            "labelerLogin": "Yalda2HITL",
            "createdAt": "2022-07-18T14:27:43.798Z",
            "updatedAt": "2022-07-18T14:27:43.798Z",
            "tags": [],
            "classTitle": "Body text",
            "points": {
                "exterior": [
                    [
                        339,
                        886
                    ],
                    [
                        455,
                        920
                    ]
                ],
                "interior": []
            }
        },
        {
            "id": 972021222,
            "classId": 10214732,
            "description": "",
            "geometryType": "rectangle",
            "labelerLogin": "Yalda2HITL",
            "createdAt": "2022-07-18T14:27:43.798Z",
            "updatedAt": "2022-07-18T14:27:43.798Z",
            "tags": [],
            "classTitle": "Body text",
            "points": {
                "exterior": [
                    [
                        334,
                        915
                    ],
                    [
                        453,
                        940
                    ]
                ],
                "interior": []
            }
        }
    ]
}