{
    "description": "",
    "tags": [],
    "size": {
        "height": 1080,
        "width": 810
    },
    "objects": [
        {
            "id": 972019727,
            "classId": 10214732,
            "description": "",
            "geometryType": "rectangle",
            "labelerLogin": "Yalda2HITL",
            "createdAt": "2022-07-18T14:26:27.964Z",
            "updatedAt": "2022-07-18T14:26:27.964Z",
            "tags": [],
            "classTitle": "Body text",
            "points": {
                "exterior": [
                    [
                        219,
                        308
                    ],
                    [
                        637,
                        393
                    ]
                ],
                "interior": []
            }
        },
        {
            "id": 972019728,
            "classId": 10214732,
            "description": "",
            "geometryType": "rectangle",
            "labelerLogin": "Yalda2HITL",
            "createdAt": "2022-07-18T14:26:27.964Z",
            "updatedAt": "2022-07-18T14:26:27.964Z",
            "tags": [],
            "classTitle": "Body text",
            "points": {
                "exterior": [
                    [
                        347,
                        414
                    ],
                    [
                        515,
                        457
                    ]
                ],
                "interior": []
            }
        },
        {
            "id": 972019726,
            "classId": 10214732,
            "description": "",
            "geometryType": "rectangle",
            "labelerLogin": "Yalda2HITL",
            "createdAt": "2022-07-18T14:26:27.964Z",
            "updatedAt": "2022-07-18T14:26:27.964Z",
            "tags": [],
            "classTitle": "Body text",
            "points": {
                "exterior": [
                    [
                        277,
                        455
                    ],
                    [
                        581,
                        501
                    ]
                ],
                "interior": []
            }
        },
        {
            "id": 972019695,
            "classId": 10214732,
            "description": "",
            "geometryType": "rectangle",
            "labelerLogin": "Yalda2HITL",
            "createdAt": "2022-07-18T14:26:27.964Z",
            "updatedAt": "2022-07-18T14:26:27.964Z",
            "tags": [],
            "classTitle": "Body text",
            "points": {
                "exterior": [
                    [
                        139,
                        922
                    ],
                    [
                        340,
                        970
                    ]
                ],
                "interior": []
            }
        },
        {
            "id": 972019715,
            "classId": 10214732,
            "description": "",
            "geometryType": "rectangle",
            "labelerLogin": "Yalda2HITL",
            "createdAt": "2022-07-18T14:26:27.964Z",
            "updatedAt": "2022-07-18T14:26:27.964Z",
            "tags": [],
            "classTitle": "Body text",
            "points": {
                "exterior": [
                    [
                        592,
                        902
                    ],
                    [
                        663,
                        937
                    ]
                ],
                "interior": []
            }
        },
        {
            "id": 972019725,
            "classId": 10214732,
            "description": "",
            "geometryType": "rectangle",
            "labelerLogin": "Yalda2HITL",
            "createdAt": "2022-07-18T14:26:27.964Z",
            "updatedAt": "2022-07-18T14:26:27.964Z",
            "tags": [],
            "classTitle": "Body text",
            "points": {
                "exterior": [
                    [
                        542,
                        940
                    ],
                    [
                        708,
                        990
                    ]
                ],
                "interior": []
            }
        },
        {
            "id": 972019717,
            "classId": 10214731,
            "description": "",
            "geometryType": "rectangle",
            "labelerLogin": "Yalda2HITL",
            "createdAt": "2022-07-18T14:26:27.964Z",
            "updatedAt": "2022-07-18T14:26:27.964Z",
            "tags": [
                {
                    "id": 151023576,
                    "tagId": 30308107,
                    "name": "Transcription",
                    "value": "\u0623\u062e\u0637\u0627\u0621 \u0627\u0644\u0645\u0635\u0644\u064a\u0646",
                    "labelerLogin": "Yalda2HITL",
                    "createdAt": "2022-07-18T14:26:27.964Z",
                    "updatedAt": "2022-07-18T14:26:27.964Z"
                }
            ],
            "classTitle": "Title",
            "points": {
                "exterior": [
                    [
                        155,
                        134
                    ],
                    [
                        709,
                        303
                    ]
                ],
                "interior": []
            }
        },
        {
            "id": 972019663,
            "classId": 10214730,
            "description": "",
            "geometryType": "polygon",
            "labelerLogin": "Yalda2HITL",
            "createdAt": "2022-07-18T14:26:27.964Z",
            "updatedAt": "2022-07-18T14:26:27.964Z",
            "tags": [],
            "classTitle": "Page",
            "points": {
                "exterior": [
                    [
                        60,
                        69
                    ],
                    [
                        148,
                        70
                    ],
                    [
                        268,
                        76
                    ],
                    [
                        343,
                        79
                    ],
                    [
                        448,
                        83
                    ],
                    [
                        543,
                        85
                    ],
                    [
                        671,
                        81
                    ],
                    [
                        731,
                        85
                    ],
                    [
                        759,
                        94
                    ],
                    [
                        740,
                        1027
                    ],
                    [
                        730,
                        1037
                    ],
                    [
                        678,
                        1040
                    ],
                    [
                        547,
                        1047
                    ],
                    [
                        422,
                        1055
                    ],
                    [
                        321,
                        1060
                    ],
                    [
                        252,
                        1079
                    ],
                    [
                        231,
                        1075
                    ],
                    [
                        92,
                        1074
                    ],
                    [
                        72,
                        1074
                    ],
                    [
                        64,
                        1054
                    ]
                ],
                "interior": []
            }
        },
        {
            "id": 972019650,
            "classId": 10214732,
            "description": "",
            "geometryType": "rectangle",
            "labelerLogin": "Yalda2HITL",
            "createdAt": "2022-07-18T14:26:27.964Z",
            "updatedAt": "2022-07-18T14:26:27.964Z",
            "tags": [],
            "classTitle": "Body text",
            "points": {
                "exterior": [
                    [
                        151,
                        961
                    ],
                    [
                        331,
                        991
                    ]
                ],
                "interior": []
            }
        },
        {
            "id": 972019651,
            "classId": 10214732,
            "description": "",
            "geometryType": "rectangle",
            "labelerLogin": "Yalda2HITL",
            "createdAt": "2022-07-18T14:26:27.964Z",
            "updatedAt": "2022-07-18T14:26:27.964Z",
            "tags": [],
            "classTitle": "Body text",
            "points": {
                "exterior": [
                    [
                        149,
                        979
                    ],
                    [
                        332,
                        1012
                    ]
                ],
                "interior": []
            }
        }
    ]
}