{
    "description": "",
    "tags": [],
    "size": {
        "height": 3315,
        "width": 2448
    },
    "objects": [
        {
            "id": 972022806,
            "classId": 10214732,
            "description": "",
            "geometryType": "rectangle",
            "labelerLogin": "Yalda2HITL",
            "createdAt": "2022-07-18T14:29:56.253Z",
            "updatedAt": "2022-07-18T14:29:56.253Z",
            "tags": [],
            "classTitle": "Body text",
            "points": {
                "exterior": [
                    [
                        1532,
                        1473
                    ],
                    [
                        1712,
                        1498
                    ]
                ],
                "interior": []
            }
        },
        {
            "id": 972022816,
            "classId": 10214732,
            "description": "",
            "geometryType": "rectangle",
            "labelerLogin": "Yalda2HITL",
            "createdAt": "2022-07-18T14:29:56.253Z",
            "updatedAt": "2022-07-18T14:29:56.253Z",
            "tags": [],
            "classTitle": "Body text",
            "points": {
                "exterior": [
                    [
                        1562,
                        1494
                    ],
                    [
                        1680,
                        1517
                    ]
                ],
                "interior": []
            }
        },
        {
            "id": 972022825,
            "classId": 10214732,
            "description": "",
            "geometryType": "rectangle",
            "labelerLogin": "Yalda2HITL",
            "createdAt": "2022-07-18T14:29:56.253Z",
            "updatedAt": "2022-07-18T14:29:56.253Z",
            "tags": [],
            "classTitle": "Body text",
            "points": {
                "exterior": [
                    [
                        968,
                        2302
                    ],
                    [
                        1506,
                        2394
                    ]
                ],
                "interior": []
            }
        },
        {
            "id": 972022824,
            "classId": 10214732,
            "description": "",
            "geometryType": "rectangle",
            "labelerLogin": "Yalda2HITL",
            "createdAt": "2022-07-18T14:29:56.253Z",
            "updatedAt": "2022-07-18T14:29:56.253Z",
            "tags": [],
            "classTitle": "Body text",
            "points": {
                "exterior": [
                    [
                        663,
                        2855
                    ],
                    [
                        1102,
                        2903
                    ]
                ],
                "interior": []
            }
        },
        {
            "id": 972023129,
            "classId": 10214731,
            "description": "",
            "geometryType": "rectangle",
            "labelerLogin": "Yalda2HITL",
            "createdAt": "2022-07-18T14:29:56.254Z",
            "updatedAt": "2022-07-18T14:29:56.254Z",
            "tags": [
                {
                    "id": 151024141,
                    "tagId": 30308107,
                    "name": "Transcription",
                    "value": "\u0627\u0644\u062a\u0639\u0644\u064a\u0645",
                    "labelerLogin": "Yalda2HITL",
                    "createdAt": "2022-07-18T14:29:56.254Z",
                    "updatedAt": "2022-07-18T14:29:56.254Z"
                }
            ],
            "classTitle": "Title",
            "points": {
                "exterior": [
                    [
                        1292,
                        1636
                    ],
                    [
                        1763,
                        1846
                    ]
                ],
                "interior": []
            }
        },
        {
            "id": 972023120,
            "classId": 10214731,
            "description": "",
            "geometryType": "rectangle",
            "labelerLogin": "Yalda2HITL",
            "createdAt": "2022-07-18T14:29:56.254Z",
            "updatedAt": "2022-07-18T14:29:56.254Z",
            "tags": [],
            "classTitle": "Title",
            "points": {
                "exterior": [
                    [
                        881,
                        1874
                    ],
                    [
                        1642,
                        2075
                    ]
                ],
                "interior": []
            }
        },
        {
            "id": 972022805,
            "classId": 10214731,
            "description": "",
            "geometryType": "rectangle",
            "labelerLogin": "Yalda2HITL",
            "createdAt": "2022-07-18T14:29:56.253Z",
            "updatedAt": "2022-07-18T14:29:56.253Z",
            "tags": [
                {
                    "id": 151024082,
                    "tagId": 30308107,
                    "name": "Transcription",
                    "value": "\u0646\u0642\u0636 \u0627\ufef7\u0633\u0637\u0648\u0631\u0629",
                    "labelerLogin": "Yalda2HITL",
                    "createdAt": "2022-07-18T14:29:56.254Z",
                    "updatedAt": "2022-07-18T14:29:56.254Z"
                }
            ],
            "classTitle": "Title",
            "points": {
                "exterior": [
                    [
                        968,
                        2111
                    ],
                    [
                        1513,
                        2215
                    ]
                ],
                "interior": []
            }
        },
        {
            "id": 972022795,
            "classId": 10214730,
            "description": "",
            "geometryType": "polygon",
            "labelerLogin": "Yalda2HITL",
            "createdAt": "2022-07-18T14:29:56.253Z",
            "updatedAt": "2022-07-18T14:29:56.253Z",
            "tags": [],
            "classTitle": "Page",
            "points": {
                "exterior": [
                    [
                        663,
                        1622
                    ],
                    [
                        673,
                        1609
                    ],
                    [
                        683,
                        1603
                    ],
                    [
                        699,
                        1598
                    ],
                    [
                        718,
                        1616
                    ],
                    [
                        726,
                        1620
                    ],
                    [
                        858,
                        1573
                    ],
                    [
                        860,
                        1549
                    ],
                    [
                        858,
                        1536
                    ],
                    [
                        1056,
                        1456
                    ],
                    [
                        1066,
                        1455
                    ],
                    [
                        1076,
                        1449
                    ],
                    [
                        1084,
                        1441
                    ],
                    [
                        1081,
                        1427
                    ],
                    [
                        1077,
                        1413
                    ],
                    [
                        1077,
                        1407
                    ],
                    [
                        1074,
                        1398
                    ],
                    [
                        1067,
                        1392
                    ],
                    [
                        1061,
                        1389
                    ],
                    [
                        1048,
                        1394
                    ],
                    [
                        1031,
                        1400
                    ],
                    [
                        1018,
                        1409
                    ],
                    [
                        1020,
                        1402
                    ],
                    [
                        1062,
                        1357
                    ],
                    [
                        1093,
                        1309
                    ],
                    [
                        1126,
                        1249
                    ],
                    [
                        1133,
                        1228
                    ],
                    [
                        1142,
                        1195
                    ],
                    [
                        1391,
                        1206
                    ],
                    [
                        1827,
                        1235
                    ],
                    [
                        1822,
                        1673
                    ],
                    [
                        1834,
                        2910
                    ],
                    [
                        1829,
                        2927
                    ],
                    [
                        1814,
                        2931
                    ],
                    [
                        1791,
                        2940
                    ],
                    [
                        1771,
                        2940
                    ],
                    [
                        577,
                        2935
                    ]
                ],
                "interior": []
            }
        }
    ]
}