{
    "description": "",
    "tags": [],
    "size": {
        "height": 3315,
        "width": 2448
    },
    "objects": [
        {
            "id": 972022966,
            "classId": 10214731,
            "description": "",
            "geometryType": "rectangle",
            "labelerLogin": "Yalda2HITL",
            "createdAt": "2022-07-18T14:29:56.254Z",
            "updatedAt": "2022-07-18T14:29:56.254Z",
            "tags": [
                {
                    "id": 151024104,
                    "tagId": 30308107,
                    "name": "Transcription",
                    "value": "\u0641\u064a \u0646\u0638\u0631\u064a\u0629 \u0627\ufef7\u062f\u0628 ",
                    "labelerLogin": "Yalda2HITL",
                    "createdAt": "2022-07-18T14:29:56.254Z",
                    "updatedAt": "2022-07-18T14:29:56.254Z"
                }
            ],
            "classTitle": "Title",
            "points": {
                "exterior": [
                    [
                        616,
                        989
                    ],
                    [
                        1525,
                        1314
                    ]
                ],
                "interior": []
            }
        },
        {
            "id": 972022965,
            "classId": 10214732,
            "description": "",
            "geometryType": "rectangle",
            "labelerLogin": "Yalda2HITL",
            "createdAt": "2022-07-18T14:29:56.254Z",
            "updatedAt": "2022-07-18T14:29:56.254Z",
            "tags": [],
            "classTitle": "Body text",
            "points": {
                "exterior": [
                    [
                        763,
                        828
                    ],
                    [
                        1311,
                        994
                    ]
                ],
                "interior": []
            }
        },
        {
            "id": 972022964,
            "classId": 10214732,
            "description": "",
            "geometryType": "rectangle",
            "labelerLogin": "Yalda2HITL",
            "createdAt": "2022-07-18T14:29:56.254Z",
            "updatedAt": "2022-07-18T14:29:56.254Z",
            "tags": [],
            "classTitle": "Body text",
            "points": {
                "exterior": [
                    [
                        1102,
                        654
                    ],
                    [
                        1423,
                        741
                    ]
                ],
                "interior": []
            }
        },
        {
            "id": 972022963,
            "classId": 10214732,
            "description": "",
            "geometryType": "rectangle",
            "labelerLogin": "Yalda2HITL",
            "createdAt": "2022-07-18T14:29:56.254Z",
            "updatedAt": "2022-07-18T14:29:56.254Z",
            "tags": [],
            "classTitle": "Body text",
            "points": {
                "exterior": [
                    [
                        1109,
                        690
                    ],
                    [
                        1426,
                        762
                    ]
                ],
                "interior": []
            }
        },
        {
            "id": 972022962,
            "classId": 10214732,
            "description": "",
            "geometryType": "rectangle",
            "labelerLogin": "Yalda2HITL",
            "createdAt": "2022-07-18T14:29:56.254Z",
            "updatedAt": "2022-07-18T14:29:56.254Z",
            "tags": [],
            "classTitle": "Body text",
            "points": {
                "exterior": [
                    [
                        490,
                        758
                    ],
                    [
                        735,
                        823
                    ]
                ],
                "interior": []
            }
        },
        {
            "id": 972022961,
            "classId": 10214732,
            "description": "",
            "geometryType": "rectangle",
            "labelerLogin": "Yalda2HITL",
            "createdAt": "2022-07-18T14:29:56.254Z",
            "updatedAt": "2022-07-18T14:29:56.254Z",
            "tags": [],
            "classTitle": "Body text",
            "points": {
                "exterior": [
                    [
                        494,
                        793
                    ],
                    [
                        746,
                        848
                    ]
                ],
                "interior": []
            }
        },
        {
            "id": 972023126,
            "classId": 10214731,
            "description": "",
            "geometryType": "rectangle",
            "labelerLogin": "Yalda2HITL",
            "createdAt": "2022-07-18T14:29:56.254Z",
            "updatedAt": "2022-07-18T14:29:56.254Z",
            "tags": [
                {
                    "id": 151024138,
                    "tagId": 30308107,
                    "name": "Transcription",
                    "value": "\u0648 \u0639\u0644\u0645 \u0627\u0644\u0646\u0635",
                    "labelerLogin": "Yalda2HITL",
                    "createdAt": "2022-07-18T14:29:56.254Z",
                    "updatedAt": "2022-07-18T14:29:56.254Z"
                }
            ],
            "classTitle": "Title",
            "points": {
                "exterior": [
                    [
                        797,
                        1237
                    ],
                    [
                        1445,
                        1509
                    ]
                ],
                "interior": []
            }
        },
        {
            "id": 972022960,
            "classId": 10214732,
            "description": "",
            "geometryType": "rectangle",
            "labelerLogin": "Yalda2HITL",
            "createdAt": "2022-07-18T14:29:56.254Z",
            "updatedAt": "2022-07-18T14:29:56.254Z",
            "tags": [],
            "classTitle": "Body text",
            "points": {
                "exterior": [
                    [
                        905,
                        1466
                    ],
                    [
                        1397,
                        1600
                    ]
                ],
                "interior": []
            }
        },
        {
            "id": 972022959,
            "classId": 10214732,
            "description": "",
            "geometryType": "rectangle",
            "labelerLogin": "Yalda2HITL",
            "createdAt": "2022-07-18T14:29:56.254Z",
            "updatedAt": "2022-07-18T14:29:56.254Z",
            "tags": [],
            "classTitle": "Body text",
            "points": {
                "exterior": [
                    [
                        1286,
                        1637
                    ],
                    [
                        1508,
                        1693
                    ]
                ],
                "interior": []
            }
        },
        {
            "id": 972022958,
            "classId": 10214732,
            "description": "",
            "geometryType": "rectangle",
            "labelerLogin": "Yalda2HITL",
            "createdAt": "2022-07-18T14:29:56.254Z",
            "updatedAt": "2022-07-18T14:29:56.254Z",
            "tags": [],
            "classTitle": "Body text",
            "points": {
                "exterior": [
                    [
                        1339,
                        1677
                    ],
                    [
                        1469,
                        1713
                    ]
                ],
                "interior": []
            }
        },
        {
            "id": 972022957,
            "classId": 10214732,
            "description": "",
            "geometryType": "rectangle",
            "labelerLogin": "Yalda2HITL",
            "createdAt": "2022-07-18T14:29:56.254Z",
            "updatedAt": "2022-07-18T14:29:56.254Z",
            "tags": [],
            "classTitle": "Body text",
            "points": {
                "exterior": [
                    [
                        1367,
                        1701
                    ],
                    [
                        1483,
                        1758
                    ]
                ],
                "interior": []
            }
        },
        {
            "id": 972022956,
            "classId": 10214732,
            "description": "",
            "geometryType": "rectangle",
            "labelerLogin": "Yalda2HITL",
            "createdAt": "2022-07-18T14:29:56.254Z",
            "updatedAt": "2022-07-18T14:29:56.254Z",
            "tags": [],
            "classTitle": "Body text",
            "points": {
                "exterior": [
                    [
                        1477,
                        1684
                    ],
                    [
                        1677,
                        1837
                    ]
                ],
                "interior": []
            }
        },
        {
            "id": 972022944,
            "classId": 10214732,
            "description": "",
            "geometryType": "rectangle",
            "labelerLogin": "Yalda2HITL",
            "createdAt": "2022-07-18T14:29:56.254Z",
            "updatedAt": "2022-07-18T14:29:56.254Z",
            "tags": [],
            "classTitle": "Body text",
            "points": {
                "exterior": [
                    [
                        1314,
                        1799
                    ],
                    [
                        1453,
                        1881
                    ]
                ],
                "interior": []
            }
        },
        {
            "id": 972022950,
            "classId": 10214732,
            "description": "",
            "geometryType": "rectangle",
            "labelerLogin": "Yalda2HITL",
            "createdAt": "2022-07-18T14:29:56.254Z",
            "updatedAt": "2022-07-18T14:29:56.254Z",
            "tags": [],
            "classTitle": "Body text",
            "points": {
                "exterior": [
                    [
                        1026,
                        1803
                    ],
                    [
                        1304,
                        1885
                    ]
                ],
                "interior": []
            }
        },
        {
            "id": 972022949,
            "classId": 10214732,
            "description": "",
            "geometryType": "rectangle",
            "labelerLogin": "Yalda2HITL",
            "createdAt": "2022-07-18T14:29:56.254Z",
            "updatedAt": "2022-07-18T14:29:56.254Z",
            "tags": [],
            "classTitle": "Body text",
            "points": {
                "exterior": [
                    [
                        1003,
                        1817
                    ],
                    [
                        1310,
                        1942
                    ]
                ],
                "interior": []
            }
        },
        {
            "id": 972022948,
            "classId": 10214732,
            "description": "",
            "geometryType": "rectangle",
            "labelerLogin": "Yalda2HITL",
            "createdAt": "2022-07-18T14:29:56.254Z",
            "updatedAt": "2022-07-18T14:29:56.254Z",
            "tags": [],
            "classTitle": "Body text",
            "points": {
                "exterior": [
                    [
                        1107,
                        1862
                    ],
                    [
                        1313,
                        1918
                    ]
                ],
                "interior": []
            }
        },
        {
            "id": 972022939,
            "classId": 10214732,
            "description": "",
            "geometryType": "rectangle",
            "labelerLogin": "Yalda2HITL",
            "createdAt": "2022-07-18T14:29:56.254Z",
            "updatedAt": "2022-07-18T14:29:56.254Z",
            "tags": [],
            "classTitle": "Body text",
            "points": {
                "exterior": [
                    [
                        1044,
                        1885
                    ],
                    [
                        1320,
                        1995
                    ]
                ],
                "interior": []
            }
        },
        {
            "id": 972022938,
            "classId": 10214732,
            "description": "",
            "geometryType": "rectangle",
            "labelerLogin": "Yalda2HITL",
            "createdAt": "2022-07-18T14:29:56.254Z",
            "updatedAt": "2022-07-18T14:29:56.254Z",
            "tags": [],
            "classTitle": "Body text",
            "points": {
                "exterior": [
                    [
                        1112,
                        1926
                    ],
                    [
                        1336,
                        1999
                    ]
                ],
                "interior": []
            }
        },
        {
            "id": 972022943,
            "classId": 10214732,
            "description": "",
            "geometryType": "rectangle",
            "labelerLogin": "Yalda2HITL",
            "createdAt": "2022-07-18T14:29:56.254Z",
            "updatedAt": "2022-07-18T14:29:56.254Z",
            "tags": [],
            "classTitle": "Body text",
            "points": {
                "exterior": [
                    [
                        1078,
                        1963
                    ],
                    [
                        1337,
                        2047
                    ]
                ],
                "interior": []
            }
        },
        {
            "id": 972022937,
            "classId": 10214732,
            "description": "",
            "geometryType": "rectangle",
            "labelerLogin": "Yalda2HITL",
            "createdAt": "2022-07-18T14:29:56.254Z",
            "updatedAt": "2022-07-18T14:29:56.254Z",
            "tags": [],
            "classTitle": "Body text",
            "points": {
                "exterior": [
                    [
                        1176,
                        2005
                    ],
                    [
                        1346,
                        2065
                    ]
                ],
                "interior": []
            }
        },
        {
            "id": 972022945,
            "classId": 10214732,
            "description": "",
            "geometryType": "rectangle",
            "labelerLogin": "Yalda2HITL",
            "createdAt": "2022-07-18T14:29:56.254Z",
            "updatedAt": "2022-07-18T14:29:56.254Z",
            "tags": [],
            "classTitle": "Body text",
            "points": {
                "exterior": [
                    [
                        864,
                        1925
                    ],
                    [
                        936,
                        1964
                    ]
                ],
                "interior": []
            }
        },
        {
            "id": 972022936,
            "classId": 10214732,
            "description": "",
            "geometryType": "rectangle",
            "labelerLogin": "Yalda2HITL",
            "createdAt": "2022-07-18T14:29:56.254Z",
            "updatedAt": "2022-07-18T14:29:56.254Z",
            "tags": [],
            "classTitle": "Body text",
            "points": {
                "exterior": [
                    [
                        880,
                        1964
                    ],
                    [
                        951,
                        1995
                    ]
                ],
                "interior": []
            }
        },
        {
            "id": 972022935,
            "classId": 10214732,
            "description": "",
            "geometryType": "rectangle",
            "labelerLogin": "Yalda2HITL",
            "createdAt": "2022-07-18T14:29:56.254Z",
            "updatedAt": "2022-07-18T14:29:56.254Z",
            "tags": [],
            "classTitle": "Body text",
            "points": {
                "exterior": [
                    [
                        869,
                        2031
                    ],
                    [
                        964,
                        2060
                    ]
                ],
                "interior": []
            }
        },
        {
            "id": 972022934,
            "classId": 10214732,
            "description": "",
            "geometryType": "rectangle",
            "labelerLogin": "Yalda2HITL",
            "createdAt": "2022-07-18T14:29:56.254Z",
            "updatedAt": "2022-07-18T14:29:56.254Z",
            "tags": [],
            "classTitle": "Body text",
            "points": {
                "exterior": [
                    [
                        885,
                        2064
                    ],
                    [
                        969,
                        2100
                    ]
                ],
                "interior": []
            }
        },
        {
            "id": 972022954,
            "classId": 10214732,
            "description": "",
            "geometryType": "rectangle",
            "labelerLogin": "Yalda2HITL",
            "createdAt": "2022-07-18T14:29:56.254Z",
            "updatedAt": "2022-07-18T14:29:56.254Z",
            "tags": [],
            "classTitle": "Body text",
            "points": {
                "exterior": [
                    [
                        1358,
                        1929
                    ],
                    [
                        1590,
                        2143
                    ]
                ],
                "interior": []
            }
        },
        {
            "id": 972022953,
            "classId": 10214732,
            "description": "",
            "geometryType": "rectangle",
            "labelerLogin": "Yalda2HITL",
            "createdAt": "2022-07-18T14:29:56.254Z",
            "updatedAt": "2022-07-18T14:29:56.254Z",
            "tags": [],
            "classTitle": "Body text",
            "points": {
                "exterior": [
                    [
                        1361,
                        1924
                    ],
                    [
                        1467,
                        2119
                    ]
                ],
                "interior": []
            }
        },
        {
            "id": 972022952,
            "classId": 10214732,
            "description": "",
            "geometryType": "rectangle",
            "labelerLogin": "Yalda2HITL",
            "createdAt": "2022-07-18T14:29:56.254Z",
            "updatedAt": "2022-07-18T14:29:56.254Z",
            "tags": [],
            "classTitle": "Body text",
            "points": {
                "exterior": [
                    [
                        1030,
                        2327
                    ],
                    [
                        1178,
                        2429
                    ]
                ],
                "interior": []
            }
        },
        {
            "id": 972022940,
            "classId": 10214730,
            "description": "",
            "geometryType": "polygon",
            "labelerLogin": "Yalda2HITL",
            "createdAt": "2022-07-18T14:29:56.254Z",
            "updatedAt": "2022-07-18T14:29:56.254Z",
            "tags": [],
            "classTitle": "Page",
            "points": {
                "exterior": [
                    [
                        695,
                        2665
                    ],
                    [
                        1945,
                        2411
                    ],
                    [
                        1998,
                        2401
                    ],
                    [
                        1822,
                        1644
                    ],
                    [
                        1608,
                        561
                    ],
                    [
                        1564,
                        561
                    ],
                    [
                        842,
                        677
                    ],
                    [
                        334,
                        735
                    ],
                    [
                        382,
                        1002
                    ],
                    [
                        494,
                        1536
                    ]
                ],
                "interior": []
            }
        }
    ]
}