{
    "description": "",
    "tags": [],
    "size": {
        "height": 8000,
        "width": 6000
    },
    "objects": [
        {
            "id": 972021396,
            "classId": 10214730,
            "description": "",
            "geometryType": "polygon",
            "labelerLogin": "Yalda2HITL",
            "createdAt": "2022-07-18T14:28:49.817Z",
            "updatedAt": "2022-07-18T14:28:49.817Z",
            "tags": [],
            "classTitle": "Page",
            "points": {
                "exterior": [
                    [
                        4619,
                        1837
                    ],
                    [
                        3363,
                        1828
                    ],
                    [
                        2018,
                        1786
                    ],
                    [
                        1643,
                        1770
                    ],
                    [
                        1514,
                        1758
                    ],
                    [
                        1416,
                        1755
                    ],
                    [
                        1411,
                        1818
                    ],
                    [
                        1416,
                        1960
                    ],
                    [
                        1451,
                        3542
                    ],
                    [
                        1424,
                        4923
                    ],
                    [
                        1379,
                        6298
                    ],
                    [
                        1363,
                        6403
                    ],
                    [
                        1502,
                        6413
                    ],
                    [
                        2002,
                        6388
                    ],
                    [
                        3152,
                        6361
                    ],
                    [
                        4002,
                        6351
                    ],
                    [
                        4582,
                        6372
                    ],
                    [
                        4667,
                        6361
                    ],
                    [
                        4655,
                        5870
                    ],
                    [
                        4646,
                        3224
                    ],
                    [
                        4652,
                        2526
                    ],
                    [
                        4667,
                        2129
                    ],
                    [
                        4661,
                        1955
                    ],
                    [
                        4661,
                        1881
                    ]
                ],
                "interior": []
            }
        },
        {
            "id": 972021718,
            "classId": 10214731,
            "description": "",
            "geometryType": "rectangle",
            "labelerLogin": "Yalda2HITL",
            "createdAt": "2022-07-18T14:28:49.818Z",
            "updatedAt": "2022-07-18T14:28:49.818Z",
            "tags": [
                {
                    "id": 151023879,
                    "tagId": 30308107,
                    "name": "Transcription",
                    "value": "\u0637\u0631\u064a\u0642 \u0627\u0644\u0643\u0641\u0627\u062d \u0641\u064a \u0641\u0644\u0633\u0637\u064a\u0646 \u0648\u0627\u0644\u0634\u0631\u0642 \u0627\u0644\u0639\u0631\u0628\u064a ",
                    "labelerLogin": "Yalda2HITL",
                    "createdAt": "2022-07-18T14:28:49.818Z",
                    "updatedAt": "2022-07-18T14:28:49.818Z"
                }
            ],
            "classTitle": "Title",
            "points": {
                "exterior": [
                    [
                        2128,
                        2065
                    ],
                    [
                        3989,
                        2354
                    ]
                ],
                "interior": []
            }
        },
        {
            "id": 972021395,
            "classId": 10214731,
            "description": "",
            "geometryType": "rectangle",
            "labelerLogin": "Yalda2HITL",
            "createdAt": "2022-07-18T14:28:49.817Z",
            "updatedAt": "2022-07-18T14:28:49.817Z",
            "tags": [
                {
                    "id": 151023880,
                    "tagId": 30308107,
                    "name": "Transcription",
                    "value": "\u0645\u0630\u0643\u0631\u0627\u062a \u0627\u0644\u0642\u0627\u0626\u062f \u0627\u0644\u0634\u064a\u0648\u0639\u064a ",
                    "labelerLogin": "Yalda2HITL",
                    "createdAt": "2022-07-18T14:28:49.818Z",
                    "updatedAt": "2022-07-18T14:28:49.818Z"
                }
            ],
            "classTitle": "Title",
            "points": {
                "exterior": [
                    [
                        2389,
                        2375
                    ],
                    [
                        3732,
                        2653
                    ]
                ],
                "interior": []
            }
        },
        {
            "id": 972021717,
            "classId": 10214731,
            "description": "",
            "geometryType": "rectangle",
            "labelerLogin": "Yalda2HITL",
            "createdAt": "2022-07-18T14:28:49.818Z",
            "updatedAt": "2022-07-18T14:28:49.818Z",
            "tags": [
                {
                    "id": 151023878,
                    "tagId": 30308107,
                    "name": "Transcription",
                    "value": "\u0645\u062d\u0645\u0648\u062f \u0627\u0644\u0623\u0637\u0631\u0634 \u0627\u0644\u0645\u063a\u0631\u0628\u064a",
                    "labelerLogin": "Yalda2HITL",
                    "createdAt": "2022-07-18T14:28:49.818Z",
                    "updatedAt": "2022-07-18T14:28:49.818Z"
                }
            ],
            "classTitle": "Title",
            "points": {
                "exterior": [
                    [
                        2212,
                        2692
                    ],
                    [
                        3901,
                        3047
                    ]
                ],
                "interior": []
            }
        },
        {
            "id": 972021397,
            "classId": 10214731,
            "description": "",
            "geometryType": "rectangle",
            "labelerLogin": "Yalda2HITL",
            "createdAt": "2022-07-18T14:28:49.817Z",
            "updatedAt": "2022-07-18T14:28:49.817Z",
            "tags": [
                {
                    "id": 151023881,
                    "tagId": 30308107,
                    "name": "Transcription",
                    "value": "(1939-1903)",
                    "labelerLogin": "Yalda2HITL",
                    "createdAt": "2022-07-18T14:28:49.818Z",
                    "updatedAt": "2022-07-18T14:28:49.818Z"
                }
            ],
            "classTitle": "Title",
            "points": {
                "exterior": [
                    [
                        2636,
                        3077
                    ],
                    [
                        3457,
                        3247
                    ]
                ],
                "interior": []
            }
        },
        {
            "id": 972021716,
            "classId": 10214732,
            "description": "",
            "geometryType": "rectangle",
            "labelerLogin": "Yalda2HITL",
            "createdAt": "2022-07-18T14:28:49.818Z",
            "updatedAt": "2022-07-18T14:28:49.818Z",
            "tags": [],
            "classTitle": "Body text",
            "points": {
                "exterior": [
                    [
                        2771,
                        3308
                    ],
                    [
                        3354,
                        3446
                    ]
                ],
                "interior": []
            }
        },
        {
            "id": 972021715,
            "classId": 10214732,
            "description": "",
            "geometryType": "rectangle",
            "labelerLogin": "Yalda2HITL",
            "createdAt": "2022-07-18T14:28:49.818Z",
            "updatedAt": "2022-07-18T14:28:49.818Z",
            "tags": [],
            "classTitle": "Body text",
            "points": {
                "exterior": [
                    [
                        2744,
                        3446
                    ],
                    [
                        3357,
                        3651
                    ]
                ],
                "interior": []
            }
        },
        {
            "id": 972021394,
            "classId": 10214732,
            "description": "",
            "geometryType": "rectangle",
            "labelerLogin": "Yalda2HITL",
            "createdAt": "2022-07-18T14:28:49.817Z",
            "updatedAt": "2022-07-18T14:28:49.817Z",
            "tags": [],
            "classTitle": "Body text",
            "points": {
                "exterior": [
                    [
                        2592,
                        5987
                    ],
                    [
                        3669,
                        6074
                    ]
                ],
                "interior": []
            }
        },
        {
            "id": 972021398,
            "classId": 10214732,
            "description": "",
            "geometryType": "rectangle",
            "labelerLogin": "Yalda2HITL",
            "createdAt": "2022-07-18T14:28:49.817Z",
            "updatedAt": "2022-07-18T14:28:49.817Z",
            "tags": [],
            "classTitle": "Body text",
            "points": {
                "exterior": [
                    [
                        2602,
                        6067
                    ],
                    [
                        3671,
                        6152
                    ]
                ],
                "interior": []
            }
        }
    ]
}