{
    "description": "",
    "tags": [],
    "size": {
        "height": 3315,
        "width": 2448
    },
    "objects": [
        {
            "id": 972022889,
            "classId": 10214730,
            "description": "",
            "geometryType": "polygon",
            "labelerLogin": "Yalda2HITL",
            "createdAt": "2022-07-18T14:29:56.254Z",
            "updatedAt": "2022-07-18T14:29:56.254Z",
            "tags": [],
            "classTitle": "Page",
            "points": {
                "exterior": [
                    [
                        441,
                        2714
                    ],
                    [
                        1895,
                        2634
                    ],
                    [
                        1983,
                        2623
                    ],
                    [
                        1837,
                        1706
                    ],
                    [
                        1800,
                        1291
                    ],
                    [
                        1732,
                        681
                    ],
                    [
                        1675,
                        688
                    ],
                    [
                        858,
                        774
                    ],
                    [
                        474,
                        811
                    ],
                    [
                        457,
                        817
                    ],
                    [
                        455,
                        825
                    ],
                    [
                        450,
                        1569
                    ]
                ],
                "interior": []
            }
        },
        {
            "id": 972022931,
            "classId": 10214732,
            "description": "",
            "geometryType": "rectangle",
            "labelerLogin": "Yalda2HITL",
            "createdAt": "2022-07-18T14:29:56.254Z",
            "updatedAt": "2022-07-18T14:29:56.254Z",
            "tags": [],
            "classTitle": "Body text",
            "points": {
                "exterior": [
                    [
                        559,
                        1652
                    ],
                    [
                        967,
                        1714
                    ]
                ],
                "interior": []
            }
        },
        {
            "id": 972022924,
            "classId": 10214732,
            "description": "",
            "geometryType": "rectangle",
            "labelerLogin": "Yalda2HITL",
            "createdAt": "2022-07-18T14:29:56.254Z",
            "updatedAt": "2022-07-18T14:29:56.254Z",
            "tags": [],
            "classTitle": "Body text",
            "points": {
                "exterior": [
                    [
                        557,
                        1613
                    ],
                    [
                        968,
                        1682
                    ]
                ],
                "interior": []
            }
        },
        {
            "id": 972022915,
            "classId": 10214732,
            "description": "",
            "geometryType": "rectangle",
            "labelerLogin": "Yalda2HITL",
            "createdAt": "2022-07-18T14:29:56.254Z",
            "updatedAt": "2022-07-18T14:29:56.254Z",
            "tags": [],
            "classTitle": "Body text",
            "points": {
                "exterior": [
                    [
                        652,
                        1564
                    ],
                    [
                        871,
                        1624
                    ]
                ],
                "interior": []
            }
        },
        {
            "id": 972023124,
            "classId": 10214731,
            "description": "",
            "geometryType": "rectangle",
            "labelerLogin": "Yalda2HITL",
            "createdAt": "2022-07-18T14:29:56.254Z",
            "updatedAt": "2022-07-18T14:29:56.254Z",
            "tags": [
                {
                    "id": 151024136,
                    "tagId": 30308107,
                    "name": "Transcription",
                    "value": "\u0623\u0645\u0631\u0627\u0636\u0647\u0627 \u0648 \u0639\u0644\u0627\u062c\u0647\u0627",
                    "labelerLogin": "Yalda2HITL",
                    "createdAt": "2022-07-18T14:29:56.254Z",
                    "updatedAt": "2022-07-18T14:29:56.254Z"
                }
            ],
            "classTitle": "Title",
            "points": {
                "exterior": [
                    [
                        905,
                        1243
                    ],
                    [
                        1325,
                        1342
                    ]
                ],
                "interior": []
            }
        },
        {
            "id": 972022933,
            "classId": 10214731,
            "description": "",
            "geometryType": "rectangle",
            "labelerLogin": "Yalda2HITL",
            "createdAt": "2022-07-18T14:29:56.254Z",
            "updatedAt": "2022-07-18T14:29:56.254Z",
            "tags": [
                {
                    "id": 151024101,
                    "tagId": 30308107,
                    "name": "Transcription",
                    "value": "\u0645\u0634\u0643\u0644\u0627\u062a \u0627\u0644\u0635\u062d\u0629 \u0627\u0644\u0646\u0641\u0633\u064a\u0629",
                    "labelerLogin": "Yalda2HITL",
                    "createdAt": "2022-07-18T14:29:56.254Z",
                    "updatedAt": "2022-07-18T14:29:56.254Z"
                }
            ],
            "classTitle": "Title",
            "points": {
                "exterior": [
                    [
                        598,
                        1097
                    ],
                    [
                        1622,
                        1293
                    ]
                ],
                "interior": []
            }
        }
    ]
}