{
    "description": "",
    "tags": [],
    "size": {
        "height": 3315,
        "width": 2448
    },
    "objects": [
        {
            "id": 972022902,
            "classId": 10214732,
            "description": "",
            "geometryType": "rectangle",
            "labelerLogin": "Yalda2HITL",
            "createdAt": "2022-07-18T14:29:56.254Z",
            "updatedAt": "2022-07-18T14:29:56.254Z",
            "tags": [],
            "classTitle": "Body text",
            "points": {
                "exterior": [
                    [
                        1563,
                        2490
                    ],
                    [
                        1940,
                        2539
                    ]
                ],
                "interior": []
            }
        },
        {
            "id": 972022923,
            "classId": 10214732,
            "description": "",
            "geometryType": "rectangle",
            "labelerLogin": "Yalda2HITL",
            "createdAt": "2022-07-18T14:29:56.254Z",
            "updatedAt": "2022-07-18T14:29:56.254Z",
            "tags": [],
            "classTitle": "Body text",
            "points": {
                "exterior": [
                    [
                        1335,
                        2429
                    ],
                    [
                        1443,
                        2475
                    ]
                ],
                "interior": []
            }
        },
        {
            "id": 972022888,
            "classId": 10214732,
            "description": "",
            "geometryType": "rectangle",
            "labelerLogin": "Yalda2HITL",
            "createdAt": "2022-07-18T14:29:56.254Z",
            "updatedAt": "2022-07-18T14:29:56.254Z",
            "tags": [],
            "classTitle": "Body text",
            "points": {
                "exterior": [
                    [
                        950,
                        1935
                    ],
                    [
                        1621,
                        2110
                    ]
                ],
                "interior": []
            }
        },
        {
            "id": 972022922,
            "classId": 10214732,
            "description": "",
            "geometryType": "rectangle",
            "labelerLogin": "Yalda2HITL",
            "createdAt": "2022-07-18T14:29:56.254Z",
            "updatedAt": "2022-07-18T14:29:56.254Z",
            "tags": [],
            "classTitle": "Body text",
            "points": {
                "exterior": [
                    [
                        1179,
                        1835
                    ],
                    [
                        1376,
                        1913
                    ]
                ],
                "interior": []
            }
        },
        {
            "id": 972022927,
            "classId": 10214731,
            "description": "",
            "geometryType": "rectangle",
            "labelerLogin": "Yalda2HITL",
            "createdAt": "2022-07-18T14:29:56.254Z",
            "updatedAt": "2022-07-18T14:29:56.254Z",
            "tags": [
                {
                    "id": 151024098,
                    "tagId": 30308107,
                    "name": "Transcription",
                    "value": "\u0630\u0643\u0627\u0621 \u0648 \u0625\u0628\u062f\u0627\u0639 \u0627\ufef7\u0637\u0641\u0627\u0644 ",
                    "labelerLogin": "Yalda2HITL",
                    "createdAt": "2022-07-18T14:29:56.254Z",
                    "updatedAt": "2022-07-18T14:29:56.254Z"
                }
            ],
            "classTitle": "Title",
            "points": {
                "exterior": [
                    [
                        805,
                        1258
                    ],
                    [
                        1760,
                        1430
                    ]
                ],
                "interior": []
            }
        },
        {
            "id": 972022926,
            "classId": 10214731,
            "description": "",
            "geometryType": "rectangle",
            "labelerLogin": "Yalda2HITL",
            "createdAt": "2022-07-18T14:29:56.254Z",
            "updatedAt": "2022-07-18T14:29:56.254Z",
            "tags": [
                {
                    "id": 151024097,
                    "tagId": 30308107,
                    "name": "Transcription",
                    "value": "\u0639\u0644\u0649 ",
                    "labelerLogin": "Yalda2HITL",
                    "createdAt": "2022-07-18T14:29:56.254Z",
                    "updatedAt": "2022-07-18T14:29:56.254Z"
                }
            ],
            "classTitle": "Title",
            "points": {
                "exterior": [
                    [
                        1191,
                        1162
                    ],
                    [
                        1346,
                        1276
                    ]
                ],
                "interior": []
            }
        },
        {
            "id": 972022928,
            "classId": 10214732,
            "description": "",
            "geometryType": "rectangle",
            "labelerLogin": "Yalda2HITL",
            "createdAt": "2022-07-18T14:29:56.254Z",
            "updatedAt": "2022-07-18T14:29:56.254Z",
            "tags": [],
            "classTitle": "Body text",
            "points": {
                "exterior": [
                    [
                        672,
                        872
                    ],
                    [
                        905,
                        1005
                    ]
                ],
                "interior": []
            }
        },
        {
            "id": 972022914,
            "classId": 10214732,
            "description": "",
            "geometryType": "rectangle",
            "labelerLogin": "Yalda2HITL",
            "createdAt": "2022-07-18T14:29:56.254Z",
            "updatedAt": "2022-07-18T14:29:56.254Z",
            "tags": [],
            "classTitle": "Body text",
            "points": {
                "exterior": [
                    [
                        707,
                        921
                    ],
                    [
                        894,
                        1028
                    ]
                ],
                "interior": []
            }
        },
        {
            "id": 972022929,
            "classId": 10214731,
            "description": "",
            "geometryType": "rectangle",
            "labelerLogin": "Yalda2HITL",
            "createdAt": "2022-07-18T14:29:56.254Z",
            "updatedAt": "2022-07-18T14:29:56.254Z",
            "tags": [
                {
                    "id": 151024099,
                    "tagId": 30308107,
                    "name": "Transcription",
                    "value": "\u0623\u062b\u0631 \u0627\u0644\u0628\u064a\u0626\u0629 \u0648 \u0627\u0644\u062a\u0644\u0648\u062b ",
                    "labelerLogin": "Yalda2HITL",
                    "createdAt": "2022-07-18T14:29:56.254Z",
                    "updatedAt": "2022-07-18T14:29:56.254Z"
                }
            ],
            "classTitle": "Title",
            "points": {
                "exterior": [
                    [
                        906,
                        977
                    ],
                    [
                        1629,
                        1159
                    ]
                ],
                "interior": []
            }
        },
        {
            "id": 972022930,
            "classId": 10214730,
            "description": "",
            "geometryType": "polygon",
            "labelerLogin": "Yalda2HITL",
            "createdAt": "2022-07-18T14:29:56.254Z",
            "updatedAt": "2022-07-18T14:29:56.254Z",
            "tags": [],
            "classTitle": "Page",
            "points": {
                "exterior": [
                    [
                        649,
                        825
                    ],
                    [
                        663,
                        815
                    ],
                    [
                        1135,
                        781
                    ],
                    [
                        1816,
                        730
                    ],
                    [
                        1846,
                        729
                    ],
                    [
                        1944,
                        723
                    ],
                    [
                        1974,
                        1362
                    ],
                    [
                        2061,
                        2566
                    ],
                    [
                        2061,
                        2576
                    ],
                    [
                        2050,
                        2580
                    ],
                    [
                        2043,
                        2582
                    ],
                    [
                        1972,
                        2589
                    ],
                    [
                        1703,
                        2589
                    ],
                    [
                        1410,
                        2594
                    ],
                    [
                        1185,
                        2617
                    ],
                    [
                        1051,
                        2634
                    ],
                    [
                        860,
                        2657
                    ],
                    [
                        756,
                        2673
                    ],
                    [
                        730,
                        2669
                    ],
                    [
                        721,
                        2669
                    ],
                    [
                        715,
                        2651
                    ],
                    [
                        709,
                        2624
                    ],
                    [
                        702,
                        2151
                    ],
                    [
                        678,
                        1528
                    ],
                    [
                        663,
                        1125
                    ]
                ],
                "interior": []
            }
        }
    ]
}