{
    "description": "",
    "tags": [],
    "size": {
        "height": 3264,
        "width": 2499
    },
    "objects": [
        {
            "id": 972023028,
            "classId": 10214730,
            "description": "",
            "geometryType": "polygon",
            "labelerLogin": "Yalda2HITL",
            "createdAt": "2022-07-18T14:29:56.254Z",
            "updatedAt": "2022-07-18T14:29:56.254Z",
            "tags": [],
            "classTitle": "Page",
            "points": {
                "exterior": [
                    [
                        1656,
                        2299
                    ],
                    [
                        1701,
                        2294
                    ],
                    [
                        1781,
                        1568
                    ],
                    [
                        1881,
                        884
                    ],
                    [
                        1876,
                        870
                    ],
                    [
                        1862,
                        868
                    ],
                    [
                        1835,
                        875
                    ],
                    [
                        1828,
                        859
                    ],
                    [
                        952,
                        750
                    ],
                    [
                        703,
                        718
                    ],
                    [
                        606,
                        1358
                    ],
                    [
                        462,
                        2246
                    ],
                    [
                        443,
                        2399
                    ],
                    [
                        738,
                        2442
                    ],
                    [
                        1140,
                        2501
                    ],
                    [
                        1108,
                        2397
                    ],
                    [
                        1008,
                        2391
                    ],
                    [
                        985,
                        2388
                    ],
                    [
                        945,
                        2382
                    ],
                    [
                        944,
                        2369
                    ],
                    [
                        944,
                        2351
                    ],
                    [
                        953,
                        2335
                    ],
                    [
                        972,
                        2329
                    ],
                    [
                        1014,
                        2329
                    ],
                    [
                        1060,
                        2327
                    ],
                    [
                        1086,
                        2320
                    ],
                    [
                        1067,
                        2265
                    ],
                    [
                        1578,
                        2079
                    ]
                ],
                "interior": []
            }
        },
        {
            "id": 972023033,
            "classId": 10214732,
            "description": "",
            "geometryType": "rectangle",
            "labelerLogin": "Yalda2HITL",
            "createdAt": "2022-07-18T14:29:56.254Z",
            "updatedAt": "2022-07-18T14:29:56.254Z",
            "tags": [],
            "classTitle": "Body text",
            "points": {
                "exterior": [
                    [
                        621,
                        2027
                    ],
                    [
                        1089,
                        2128
                    ]
                ],
                "interior": []
            }
        },
        {
            "id": 972023029,
            "classId": 10214732,
            "description": "",
            "geometryType": "rectangle",
            "labelerLogin": "Yalda2HITL",
            "createdAt": "2022-07-18T14:29:56.254Z",
            "updatedAt": "2022-07-18T14:29:56.254Z",
            "tags": [],
            "classTitle": "Body text",
            "points": {
                "exterior": [
                    [
                        740,
                        1958
                    ],
                    [
                        988,
                        2034
                    ]
                ],
                "interior": []
            }
        },
        {
            "id": 972023030,
            "classId": 10214732,
            "description": "",
            "geometryType": "rectangle",
            "labelerLogin": "Yalda2HITL",
            "createdAt": "2022-07-18T14:29:56.254Z",
            "updatedAt": "2022-07-18T14:29:56.254Z",
            "tags": [],
            "classTitle": "Body text",
            "points": {
                "exterior": [
                    [
                        1098,
                        1881
                    ],
                    [
                        1627,
                        1993
                    ]
                ],
                "interior": []
            }
        },
        {
            "id": 972023032,
            "classId": 10214732,
            "description": "",
            "geometryType": "rectangle",
            "labelerLogin": "Yalda2HITL",
            "createdAt": "2022-07-18T14:29:56.254Z",
            "updatedAt": "2022-07-18T14:29:56.254Z",
            "tags": [],
            "classTitle": "Body text",
            "points": {
                "exterior": [
                    [
                        1205,
                        1811
                    ],
                    [
                        1530,
                        1907
                    ]
                ],
                "interior": []
            }
        },
        {
            "id": 972023031,
            "classId": 10214731,
            "description": "",
            "geometryType": "rectangle",
            "labelerLogin": "Yalda2HITL",
            "createdAt": "2022-07-18T14:29:56.254Z",
            "updatedAt": "2022-07-18T14:29:56.254Z",
            "tags": [
                {
                    "id": 151024115,
                    "tagId": 30308107,
                    "name": "Transcription",
                    "value": "\u0628\u064a\u0646 \u0627\u0644\u0648\u0627\u0642\u0639 \u0648 \u0627\u0644\u0645\u0623\u0645\u0648\u0644 ",
                    "labelerLogin": "Yalda2HITL",
                    "createdAt": "2022-07-18T14:29:56.254Z",
                    "updatedAt": "2022-07-18T14:29:56.254Z"
                }
            ],
            "classTitle": "Title",
            "points": {
                "exterior": [
                    [
                        911,
                        1514
                    ],
                    [
                        1488,
                        1709
                    ]
                ],
                "interior": []
            }
        },
        {
            "id": 972023034,
            "classId": 10214732,
            "description": "",
            "geometryType": "rectangle",
            "labelerLogin": "Yalda2HITL",
            "createdAt": "2022-07-18T14:29:56.254Z",
            "updatedAt": "2022-07-18T14:29:56.254Z",
            "tags": [],
            "classTitle": "Body text",
            "points": {
                "exterior": [
                    [
                        840,
                        1024
                    ],
                    [
                        1083,
                        1098
                    ]
                ],
                "interior": []
            }
        },
        {
            "id": 972023036,
            "classId": 10214732,
            "description": "",
            "geometryType": "rectangle",
            "labelerLogin": "Yalda2HITL",
            "createdAt": "2022-07-18T14:29:56.254Z",
            "updatedAt": "2022-07-18T14:29:56.254Z",
            "tags": [],
            "classTitle": "Body text",
            "points": {
                "exterior": [
                    [
                        814,
                        965
                    ],
                    [
                        1125,
                        1048
                    ]
                ],
                "interior": []
            }
        },
        {
            "id": 972023035,
            "classId": 10214732,
            "description": "",
            "geometryType": "rectangle",
            "labelerLogin": "Yalda2HITL",
            "createdAt": "2022-07-18T14:29:56.254Z",
            "updatedAt": "2022-07-18T14:29:56.254Z",
            "tags": [],
            "classTitle": "Body text",
            "points": {
                "exterior": [
                    [
                        795,
                        908
                    ],
                    [
                        1153,
                        1000
                    ]
                ],
                "interior": []
            }
        },
        {
            "id": 972023037,
            "classId": 10214731,
            "description": "",
            "geometryType": "rectangle",
            "labelerLogin": "Yalda2HITL",
            "createdAt": "2022-07-18T14:29:56.254Z",
            "updatedAt": "2022-07-18T14:29:56.254Z",
            "tags": [
                {
                    "id": 151024116,
                    "tagId": 30308107,
                    "name": "Transcription",
                    "value": "\u0645\u0646\u0627\u0647\u062c \u0627\u0644\u0645\u0648\u0627\u062f \u0648 \u0627\u0644\u0645\u062c\u0627\u0644\u0627\u062a \u0627\u0644\u0639\u0644\u0645\u064a\u0629 ",
                    "labelerLogin": "Yalda2HITL",
                    "createdAt": "2022-07-18T14:29:56.254Z",
                    "updatedAt": "2022-07-18T14:29:56.254Z"
                }
            ],
            "classTitle": "Title",
            "points": {
                "exterior": [
                    [
                        774,
                        1332
                    ],
                    [
                        1685,
                        1556
                    ]
                ],
                "interior": []
            }
        }
    ]
}