{
    "description": "",
    "tags": [],
    "size": {
        "height": 3315,
        "width": 2448
    },
    "objects": [
        {
            "id": 972022932,
            "classId": 10214731,
            "description": "",
            "geometryType": "rectangle",
            "labelerLogin": "Yalda2HITL",
            "createdAt": "2022-07-18T14:29:56.254Z",
            "updatedAt": "2022-07-18T14:29:56.254Z",
            "tags": [
                {
                    "id": 151024100,
                    "tagId": 30308107,
                    "name": "Transcription",
                    "value": "\u0645\u064e\u0633\u064b\u064a\u0631\u0629 \u0627\u0644\u062a\u064e\u0639\u0644\u064f\u0645 ",
                    "labelerLogin": "Yalda2HITL",
                    "createdAt": "2022-07-18T14:29:56.254Z",
                    "updatedAt": "2022-07-18T14:29:56.254Z"
                }
            ],
            "classTitle": "Title",
            "points": {
                "exterior": [
                    [
                        754,
                        950
                    ],
                    [
                        1516,
                        1216
                    ]
                ],
                "interior": []
            }
        },
        {
            "id": 972022988,
            "classId": 10214731,
            "description": "",
            "geometryType": "rectangle",
            "labelerLogin": "Yalda2HITL",
            "createdAt": "2022-07-18T14:29:56.254Z",
            "updatedAt": "2022-07-18T14:29:56.254Z",
            "tags": [
                {
                    "id": 151024108,
                    "tagId": 30308107,
                    "name": "Transcription",
                    "value": "\u0639\u0646\u064b\u062f \u0627\u0644\u0639\u064e\u0631\u0628",
                    "labelerLogin": "Yalda2HITL",
                    "createdAt": "2022-07-18T14:29:56.254Z",
                    "updatedAt": "2022-07-18T14:29:56.254Z"
                }
            ],
            "classTitle": "Title",
            "points": {
                "exterior": [
                    [
                        840,
                        1118
                    ],
                    [
                        1425,
                        1394
                    ]
                ],
                "interior": []
            }
        },
        {
            "id": 972022987,
            "classId": 10214732,
            "description": "",
            "geometryType": "rectangle",
            "labelerLogin": "Yalda2HITL",
            "createdAt": "2022-07-18T14:29:56.254Z",
            "updatedAt": "2022-07-18T14:29:56.254Z",
            "tags": [],
            "classTitle": "Body text",
            "points": {
                "exterior": [
                    [
                        1008,
                        1430
                    ],
                    [
                        1550,
                        1548
                    ]
                ],
                "interior": []
            }
        },
        {
            "id": 972022989,
            "classId": 10214732,
            "description": "",
            "geometryType": "rectangle",
            "labelerLogin": "Yalda2HITL",
            "createdAt": "2022-07-18T14:29:56.254Z",
            "updatedAt": "2022-07-18T14:29:56.254Z",
            "tags": [],
            "classTitle": "Body text",
            "points": {
                "exterior": [
                    [
                        802,
                        1514
                    ],
                    [
                        1368,
                        1627
                    ]
                ],
                "interior": []
            }
        },
        {
            "id": 972022971,
            "classId": 10214732,
            "description": "",
            "geometryType": "rectangle",
            "labelerLogin": "Yalda2HITL",
            "createdAt": "2022-07-18T14:29:56.254Z",
            "updatedAt": "2022-07-18T14:29:56.254Z",
            "tags": [],
            "classTitle": "Body text",
            "points": {
                "exterior": [
                    [
                        666,
                        1611
                    ],
                    [
                        1177,
                        1721
                    ]
                ],
                "interior": []
            }
        },
        {
            "id": 972022991,
            "classId": 10214732,
            "description": "",
            "geometryType": "rectangle",
            "labelerLogin": "Yalda2HITL",
            "createdAt": "2022-07-18T14:29:56.254Z",
            "updatedAt": "2022-07-18T14:29:56.254Z",
            "tags": [],
            "classTitle": "Body text",
            "points": {
                "exterior": [
                    [
                        844,
                        2200
                    ],
                    [
                        1331,
                        2326
                    ]
                ],
                "interior": []
            }
        },
        {
            "id": 972022990,
            "classId": 10214732,
            "description": "",
            "geometryType": "rectangle",
            "labelerLogin": "Yalda2HITL",
            "createdAt": "2022-07-18T14:29:56.254Z",
            "updatedAt": "2022-07-18T14:29:56.254Z",
            "tags": [],
            "classTitle": "Body text",
            "points": {
                "exterior": [
                    [
                        1312,
                        776
                    ],
                    [
                        1591,
                        852
                    ]
                ],
                "interior": []
            }
        },
        {
            "id": 972022925,
            "classId": 10214732,
            "description": "",
            "geometryType": "rectangle",
            "labelerLogin": "Yalda2HITL",
            "createdAt": "2022-07-18T14:29:56.254Z",
            "updatedAt": "2022-07-18T14:29:56.254Z",
            "tags": [],
            "classTitle": "Body text",
            "points": {
                "exterior": [
                    [
                        1307,
                        806
                    ],
                    [
                        1584,
                        881
                    ]
                ],
                "interior": []
            }
        },
        {
            "id": 972022992,
            "classId": 10214730,
            "description": "",
            "geometryType": "polygon",
            "labelerLogin": "Yalda2HITL",
            "createdAt": "2022-07-18T14:29:56.254Z",
            "updatedAt": "2022-07-18T14:29:56.254Z",
            "tags": [],
            "classTitle": "Page",
            "points": {
                "exterior": [
                    [
                        1754,
                        793
                    ],
                    [
                        1733,
                        1579
                    ],
                    [
                        1720,
                        2508
                    ],
                    [
                        1672,
                        2512
                    ],
                    [
                        1660,
                        2511
                    ],
                    [
                        1099,
                        2516
                    ],
                    [
                        326,
                        2532
                    ],
                    [
                        398,
                        1932
                    ],
                    [
                        498,
                        985
                    ],
                    [
                        538,
                        542
                    ]
                ],
                "interior": []
            }
        }
    ]
}