{
    "description": "",
    "tags": [],
    "size": {
        "height": 3315,
        "width": 2448
    },
    "objects": [
        {
            "id": 972023074,
            "classId": 10214730,
            "description": "",
            "geometryType": "polygon",
            "labelerLogin": "Yalda2HITL",
            "createdAt": "2022-07-18T14:29:56.254Z",
            "updatedAt": "2022-07-18T14:29:56.254Z",
            "tags": [],
            "classTitle": "Page",
            "points": {
                "exterior": [
                    [
                        480,
                        3076
                    ],
                    [
                        1919,
                        2818
                    ],
                    [
                        1987,
                        2795
                    ],
                    [
                        1759,
                        1925
                    ],
                    [
                        1580,
                        1136
                    ],
                    [
                        1352,
                        1049
                    ],
                    [
                        384,
                        1141
                    ],
                    [
                        407,
                        1529
                    ],
                    [
                        438,
                        2067
                    ]
                ],
                "interior": []
            }
        },
        {
            "id": 972023073,
            "classId": 10214732,
            "description": "",
            "geometryType": "rectangle",
            "labelerLogin": "Yalda2HITL",
            "createdAt": "2022-07-18T14:29:56.254Z",
            "updatedAt": "2022-07-18T14:29:56.254Z",
            "tags": [],
            "classTitle": "Body text",
            "points": {
                "exterior": [
                    [
                        765,
                        2675
                    ],
                    [
                        1015,
                        2767
                    ]
                ],
                "interior": []
            }
        },
        {
            "id": 972023072,
            "classId": 10214732,
            "description": "",
            "geometryType": "rectangle",
            "labelerLogin": "Yalda2HITL",
            "createdAt": "2022-07-18T14:29:56.254Z",
            "updatedAt": "2022-07-18T14:29:56.254Z",
            "tags": [],
            "classTitle": "Body text",
            "points": {
                "exterior": [
                    [
                        768,
                        2739
                    ],
                    [
                        1030,
                        2803
                    ]
                ],
                "interior": []
            }
        },
        {
            "id": 972023071,
            "classId": 10214732,
            "description": "",
            "geometryType": "rectangle",
            "labelerLogin": "Yalda2HITL",
            "createdAt": "2022-07-18T14:29:56.254Z",
            "updatedAt": "2022-07-18T14:29:56.254Z",
            "tags": [],
            "classTitle": "Body text",
            "points": {
                "exterior": [
                    [
                        842,
                        2782
                    ],
                    [
                        959,
                        2822
                    ]
                ],
                "interior": []
            }
        },
        {
            "id": 972023070,
            "classId": 10214732,
            "description": "",
            "geometryType": "rectangle",
            "labelerLogin": "Yalda2HITL",
            "createdAt": "2022-07-18T14:29:56.254Z",
            "updatedAt": "2022-07-18T14:29:56.254Z",
            "tags": [],
            "classTitle": "Body text",
            "points": {
                "exterior": [
                    [
                        1177,
                        2580
                    ],
                    [
                        1607,
                        2690
                    ]
                ],
                "interior": []
            }
        },
        {
            "id": 972023069,
            "classId": 10214732,
            "description": "",
            "geometryType": "rectangle",
            "labelerLogin": "Yalda2HITL",
            "createdAt": "2022-07-18T14:29:56.254Z",
            "updatedAt": "2022-07-18T14:29:56.254Z",
            "tags": [],
            "classTitle": "Body text",
            "points": {
                "exterior": [
                    [
                        1093,
                        2524
                    ],
                    [
                        1668,
                        2660
                    ]
                ],
                "interior": []
            }
        },
        {
            "id": 972023068,
            "classId": 10214732,
            "description": "",
            "geometryType": "rectangle",
            "labelerLogin": "Yalda2HITL",
            "createdAt": "2022-07-18T14:29:56.254Z",
            "updatedAt": "2022-07-18T14:29:56.254Z",
            "tags": [],
            "classTitle": "Body text",
            "points": {
                "exterior": [
                    [
                        1132,
                        2487
                    ],
                    [
                        1619,
                        2602
                    ]
                ],
                "interior": []
            }
        },
        {
            "id": 972023067,
            "classId": 10214732,
            "description": "",
            "geometryType": "rectangle",
            "labelerLogin": "Yalda2HITL",
            "createdAt": "2022-07-18T14:29:56.254Z",
            "updatedAt": "2022-07-18T14:29:56.254Z",
            "tags": [],
            "classTitle": "Body text",
            "points": {
                "exterior": [
                    [
                        1277,
                        2452
                    ],
                    [
                        1441,
                        2521
                    ]
                ],
                "interior": []
            }
        },
        {
            "id": 972023066,
            "classId": 10214732,
            "description": "",
            "geometryType": "rectangle",
            "labelerLogin": "Yalda2HITL",
            "createdAt": "2022-07-18T14:29:56.254Z",
            "updatedAt": "2022-07-18T14:29:56.254Z",
            "tags": [],
            "classTitle": "Body text",
            "points": {
                "exterior": [
                    [
                        1165,
                        2329
                    ],
                    [
                        1528,
                        2443
                    ]
                ],
                "interior": []
            }
        },
        {
            "id": 972023065,
            "classId": 10214732,
            "description": "",
            "geometryType": "rectangle",
            "labelerLogin": "Yalda2HITL",
            "createdAt": "2022-07-18T14:29:56.254Z",
            "updatedAt": "2022-07-18T14:29:56.254Z",
            "tags": [],
            "classTitle": "Body text",
            "points": {
                "exterior": [
                    [
                        1280,
                        2307
                    ],
                    [
                        1401,
                        2368
                    ]
                ],
                "interior": []
            }
        },
        {
            "id": 972023064,
            "classId": 10214732,
            "description": "",
            "geometryType": "rectangle",
            "labelerLogin": "Yalda2HITL",
            "createdAt": "2022-07-18T14:29:56.254Z",
            "updatedAt": "2022-07-18T14:29:56.254Z",
            "tags": [],
            "classTitle": "Body text",
            "points": {
                "exterior": [
                    [
                        1224,
                        2214
                    ],
                    [
                        1413,
                        2281
                    ]
                ],
                "interior": []
            }
        },
        {
            "id": 972023063,
            "classId": 10214732,
            "description": "",
            "geometryType": "rectangle",
            "labelerLogin": "Yalda2HITL",
            "createdAt": "2022-07-18T14:29:56.254Z",
            "updatedAt": "2022-07-18T14:29:56.254Z",
            "tags": [],
            "classTitle": "Body text",
            "points": {
                "exterior": [
                    [
                        1068,
                        2146
                    ],
                    [
                        1563,
                        2250
                    ]
                ],
                "interior": []
            }
        },
        {
            "id": 972023062,
            "classId": 10214732,
            "description": "",
            "geometryType": "rectangle",
            "labelerLogin": "Yalda2HITL",
            "createdAt": "2022-07-18T14:29:56.254Z",
            "updatedAt": "2022-07-18T14:29:56.254Z",
            "tags": [],
            "classTitle": "Body text",
            "points": {
                "exterior": [
                    [
                        1056,
                        2047
                    ],
                    [
                        1543,
                        2191
                    ]
                ],
                "interior": []
            }
        },
        {
            "id": 972023080,
            "classId": 10214732,
            "description": "",
            "geometryType": "rectangle",
            "labelerLogin": "Yalda2HITL",
            "createdAt": "2022-07-18T14:29:56.254Z",
            "updatedAt": "2022-07-18T14:29:56.254Z",
            "tags": [],
            "classTitle": "Body text",
            "points": {
                "exterior": [
                    [
                        1140,
                        1994
                    ],
                    [
                        1440,
                        2097
                    ]
                ],
                "interior": []
            }
        },
        {
            "id": 972023079,
            "classId": 10214732,
            "description": "",
            "geometryType": "rectangle",
            "labelerLogin": "Yalda2HITL",
            "createdAt": "2022-07-18T14:29:56.254Z",
            "updatedAt": "2022-07-18T14:29:56.254Z",
            "tags": [],
            "classTitle": "Body text",
            "points": {
                "exterior": [
                    [
                        1186,
                        1944
                    ],
                    [
                        1367,
                        1990
                    ]
                ],
                "interior": []
            }
        },
        {
            "id": 972023078,
            "classId": 10214732,
            "description": "",
            "geometryType": "rectangle",
            "labelerLogin": "Yalda2HITL",
            "createdAt": "2022-07-18T14:29:56.254Z",
            "updatedAt": "2022-07-18T14:29:56.254Z",
            "tags": [],
            "classTitle": "Body text",
            "points": {
                "exterior": [
                    [
                        1026,
                        1874
                    ],
                    [
                        1505,
                        1985
                    ]
                ],
                "interior": []
            }
        },
        {
            "id": 972023077,
            "classId": 10214732,
            "description": "",
            "geometryType": "rectangle",
            "labelerLogin": "Yalda2HITL",
            "createdAt": "2022-07-18T14:29:56.254Z",
            "updatedAt": "2022-07-18T14:29:56.254Z",
            "tags": [],
            "classTitle": "Body text",
            "points": {
                "exterior": [
                    [
                        1198,
                        1758
                    ],
                    [
                        1296,
                        1806
                    ]
                ],
                "interior": []
            }
        },
        {
            "id": 972023076,
            "classId": 10214732,
            "description": "",
            "geometryType": "rectangle",
            "labelerLogin": "Yalda2HITL",
            "createdAt": "2022-07-18T14:29:56.254Z",
            "updatedAt": "2022-07-18T14:29:56.254Z",
            "tags": [],
            "classTitle": "Body text",
            "points": {
                "exterior": [
                    [
                        930,
                        1776
                    ],
                    [
                        1572,
                        1929
                    ]
                ],
                "interior": []
            }
        },
        {
            "id": 972023060,
            "classId": 10214732,
            "description": "",
            "geometryType": "rectangle",
            "labelerLogin": "Yalda2HITL",
            "createdAt": "2022-07-18T14:29:56.254Z",
            "updatedAt": "2022-07-18T14:29:56.254Z",
            "tags": [],
            "classTitle": "Body text",
            "points": {
                "exterior": [
                    [
                        956,
                        1698
                    ],
                    [
                        1190,
                        1772
                    ]
                ],
                "interior": []
            }
        },
        {
            "id": 972023075,
            "classId": 10214732,
            "description": "",
            "geometryType": "rectangle",
            "labelerLogin": "Yalda2HITL",
            "createdAt": "2022-07-18T14:29:56.254Z",
            "updatedAt": "2022-07-18T14:29:56.254Z",
            "tags": [],
            "classTitle": "Body text",
            "points": {
                "exterior": [
                    [
                        728,
                        1611
                    ],
                    [
                        1395,
                        1754
                    ]
                ],
                "interior": []
            }
        },
        {
            "id": 972023117,
            "classId": 10214731,
            "description": "",
            "geometryType": "rectangle",
            "labelerLogin": "Yalda2HITL",
            "createdAt": "2022-07-18T14:29:56.254Z",
            "updatedAt": "2022-07-18T14:29:56.254Z",
            "tags": [
                {
                    "id": 151024130,
                    "tagId": 30308107,
                    "name": "Transcription",
                    "value": "\u0625\u0644\u0649 \u0634\u0631\u062d \u0642\u0637\u0631 \u0627\u0644\u0646\u064b\u062f\u0649",
                    "labelerLogin": "Yalda2HITL",
                    "createdAt": "2022-07-18T14:29:56.254Z",
                    "updatedAt": "2022-07-18T14:29:56.254Z"
                }
            ],
            "classTitle": "Title",
            "points": {
                "exterior": [
                    [
                        616,
                        1342
                    ],
                    [
                        1473,
                        1587
                    ]
                ],
                "interior": []
            }
        },
        {
            "id": 972023081,
            "classId": 10214731,
            "description": "",
            "geometryType": "rectangle",
            "labelerLogin": "Yalda2HITL",
            "createdAt": "2022-07-18T14:29:56.254Z",
            "updatedAt": "2022-07-18T14:29:56.254Z",
            "tags": [
                {
                    "id": 151024121,
                    "tagId": 30308107,
                    "name": "Transcription",
                    "value": "\u0645\u062c\u064a\u0628 \u0627\u0644\u0646\u064b\u062f\u0627",
                    "labelerLogin": "Yalda2HITL",
                    "createdAt": "2022-07-18T14:29:56.254Z",
                    "updatedAt": "2022-07-18T14:29:56.254Z"
                }
            ],
            "classTitle": "Title",
            "points": {
                "exterior": [
                    [
                        771,
                        1207
                    ],
                    [
                        1261,
                        1354
                    ]
                ],
                "interior": []
            }
        }
    ]
}