{
    "description": "",
    "tags": [],
    "size": {
        "height": 4624,
        "width": 2608
    },
    "objects": [
        {
            "id": 972019887,
            "classId": 10214730,
            "description": "",
            "geometryType": "polygon",
            "labelerLogin": "Yalda2HITL",
            "createdAt": "2022-07-18T14:26:46.767Z",
            "updatedAt": "2022-07-18T14:26:46.767Z",
            "tags": [],
            "classTitle": "Page",
            "points": {
                "exterior": [
                    [
                        2383,
                        3863
                    ],
                    [
                        2395,
                        3857
                    ],
                    [
                        2404,
                        3850
                    ],
                    [
                        2402,
                        3720
                    ],
                    [
                        2399,
                        3431
                    ],
                    [
                        2390,
                        2683
                    ],
                    [
                        2381,
                        1986
                    ],
                    [
                        2379,
                        1492
                    ],
                    [
                        2372,
                        840
                    ],
                    [
                        2375,
                        814
                    ],
                    [
                        2371,
                        802
                    ],
                    [
                        2359,
                        796
                    ],
                    [
                        2320,
                        797
                    ],
                    [
                        2006,
                        803
                    ],
                    [
                        1743,
                        809
                    ],
                    [
                        1373,
                        815
                    ],
                    [
                        907,
                        827
                    ],
                    [
                        514,
                        834
                    ],
                    [
                        293,
                        838
                    ],
                    [
                        199,
                        840
                    ],
                    [
                        206,
                        1245
                    ],
                    [
                        225,
                        1848
                    ],
                    [
                        245,
                        2490
                    ],
                    [
                        257,
                        2871
                    ],
                    [
                        263,
                        3124
                    ],
                    [
                        271,
                        3287
                    ],
                    [
                        275,
                        3528
                    ],
                    [
                        287,
                        3848
                    ],
                    [
                        288,
                        3883
                    ],
                    [
                        289,
                        3894
                    ],
                    [
                        297,
                        3899
                    ],
                    [
                        328,
                        3897
                    ],
                    [
                        368,
                        3897
                    ],
                    [
                        707,
                        3895
                    ],
                    [
                        1151,
                        3891
                    ]
                ],
                "interior": []
            }
        },
        {
            "id": 972019886,
            "classId": 10214731,
            "description": "",
            "geometryType": "rectangle",
            "labelerLogin": "Yalda2HITL",
            "createdAt": "2022-07-18T14:26:46.767Z",
            "updatedAt": "2022-07-18T14:26:46.767Z",
            "tags": [
                {
                    "id": 151023604,
                    "tagId": 30308107,
                    "name": "Transcription",
                    "value": "\u0627\u0646\u062a\u0643\u0627\u0633\u0629 \u0627\u0644\u0627\u0646\u062a\u0641\u0627\u0636\u0629 \u0627\u0644\u0639\u0631\u0628\u064a\u0651\u0629",
                    "labelerLogin": "Yalda2HITL",
                    "createdAt": "2022-07-18T14:26:46.767Z",
                    "updatedAt": "2022-07-18T14:26:46.767Z"
                }
            ],
            "classTitle": "Title",
            "points": {
                "exterior": [
                    [
                        539,
                        1419
                    ],
                    [
                        2029,
                        1710
                    ]
                ],
                "interior": []
            }
        },
        {
            "id": 972019885,
            "classId": 10214732,
            "description": "",
            "geometryType": "rectangle",
            "labelerLogin": "Yalda2HITL",
            "createdAt": "2022-07-18T14:26:46.767Z",
            "updatedAt": "2022-07-18T14:26:46.767Z",
            "tags": [],
            "classTitle": "Body text",
            "points": {
                "exterior": [
                    [
                        909,
                        994
                    ],
                    [
                        1679,
                        1245
                    ]
                ],
                "interior": []
            }
        },
        {
            "id": 972019884,
            "classId": 10214732,
            "description": "",
            "geometryType": "rectangle",
            "labelerLogin": "Yalda2HITL",
            "createdAt": "2022-07-18T14:26:46.767Z",
            "updatedAt": "2022-07-18T14:26:46.767Z",
            "tags": [],
            "classTitle": "Body text",
            "points": {
                "exterior": [
                    [
                        872,
                        1723
                    ],
                    [
                        1709,
                        1984
                    ]
                ],
                "interior": []
            }
        },
        {
            "id": 972019883,
            "classId": 10214732,
            "description": "",
            "geometryType": "rectangle",
            "labelerLogin": "Yalda2HITL",
            "createdAt": "2022-07-18T14:26:46.767Z",
            "updatedAt": "2022-07-18T14:26:46.767Z",
            "tags": [],
            "classTitle": "Body text",
            "points": {
                "exterior": [
                    [
                        1670,
                        3613
                    ],
                    [
                        2233,
                        3709
                    ]
                ],
                "interior": []
            }
        },
        {
            "id": 972019882,
            "classId": 10214732,
            "description": "",
            "geometryType": "rectangle",
            "labelerLogin": "Yalda2HITL",
            "createdAt": "2022-07-18T14:26:46.767Z",
            "updatedAt": "2022-07-18T14:26:46.767Z",
            "tags": [],
            "classTitle": "Body text",
            "points": {
                "exterior": [
                    [
                        1838,
                        3704
                    ],
                    [
                        2048,
                        3757
                    ]
                ],
                "interior": []
            }
        },
        {
            "id": 972019879,
            "classId": 10214732,
            "description": "",
            "geometryType": "rectangle",
            "labelerLogin": "Yalda2HITL",
            "createdAt": "2022-07-18T14:26:46.767Z",
            "updatedAt": "2022-07-18T14:26:46.767Z",
            "tags": [],
            "classTitle": "Body text",
            "points": {
                "exterior": [
                    [
                        768,
                        3451
                    ],
                    [
                        1087,
                        3549
                    ]
                ],
                "interior": []
            }
        },
        {
            "id": 972019881,
            "classId": 10214732,
            "description": "",
            "geometryType": "rectangle",
            "labelerLogin": "Yalda2HITL",
            "createdAt": "2022-07-18T14:26:46.767Z",
            "updatedAt": "2022-07-18T14:26:46.767Z",
            "tags": [],
            "classTitle": "Body text",
            "points": {
                "exterior": [
                    [
                        337,
                        3495
                    ],
                    [
                        708,
                        3612
                    ]
                ],
                "interior": []
            }
        },
        {
            "id": 972019880,
            "classId": 10214732,
            "description": "",
            "geometryType": "rectangle",
            "labelerLogin": "Yalda2HITL",
            "createdAt": "2022-07-18T14:26:46.767Z",
            "updatedAt": "2022-07-18T14:26:46.767Z",
            "tags": [],
            "classTitle": "Body text",
            "points": {
                "exterior": [
                    [
                        385,
                        3653
                    ],
                    [
                        660,
                        3804
                    ]
                ],
                "interior": []
            }
        }
    ]
}