{
    "description": "",
    "tags": [],
    "size": {
        "height": 4624,
        "width": 2608
    },
    "objects": [
        {
            "id": 972019895,
            "classId": 10214730,
            "description": "",
            "geometryType": "polygon",
            "labelerLogin": "Yalda2HITL",
            "createdAt": "2022-07-18T14:26:46.767Z",
            "updatedAt": "2022-07-18T14:26:46.767Z",
            "tags": [],
            "classTitle": "Page",
            "points": {
                "exterior": [
                    [
                        2238,
                        3613
                    ],
                    [
                        2251,
                        3609
                    ],
                    [
                        2266,
                        3605
                    ],
                    [
                        2277,
                        3604
                    ],
                    [
                        2283,
                        3326
                    ],
                    [
                        2308,
                        2484
                    ],
                    [
                        2343,
                        1573
                    ],
                    [
                        2371,
                        833
                    ],
                    [
                        2378,
                        615
                    ],
                    [
                        2381,
                        575
                    ],
                    [
                        2379,
                        560
                    ],
                    [
                        2367,
                        560
                    ],
                    [
                        2265,
                        555
                    ],
                    [
                        1864,
                        548
                    ],
                    [
                        1304,
                        533
                    ],
                    [
                        862,
                        527
                    ],
                    [
                        342,
                        515
                    ],
                    [
                        165,
                        508
                    ],
                    [
                        165,
                        512
                    ],
                    [
                        162,
                        518
                    ],
                    [
                        160,
                        524
                    ],
                    [
                        158,
                        528
                    ],
                    [
                        156,
                        620
                    ],
                    [
                        154,
                        832
                    ],
                    [
                        156,
                        956
                    ],
                    [
                        157,
                        1148
                    ],
                    [
                        161,
                        1398
                    ],
                    [
                        161,
                        1692
                    ],
                    [
                        169,
                        1913
                    ],
                    [
                        170,
                        2253
                    ],
                    [
                        174,
                        2584
                    ],
                    [
                        175,
                        2868
                    ],
                    [
                        169,
                        3339
                    ],
                    [
                        171,
                        3497
                    ],
                    [
                        170,
                        3546
                    ],
                    [
                        171,
                        3567
                    ],
                    [
                        172,
                        3585
                    ],
                    [
                        183,
                        3589
                    ],
                    [
                        209,
                        3587
                    ],
                    [
                        449,
                        3587
                    ],
                    [
                        1464,
                        3596
                    ]
                ],
                "interior": []
            }
        },
        {
            "id": 972019889,
            "classId": 10214731,
            "description": "",
            "geometryType": "rectangle",
            "labelerLogin": "Yalda2HITL",
            "createdAt": "2022-07-18T14:26:46.767Z",
            "updatedAt": "2022-07-18T14:26:46.767Z",
            "tags": [
                {
                    "id": 151023605,
                    "tagId": 30308107,
                    "name": "Transcription",
                    "value": "\u0627\u0644\u0639\u0645\u0642 \u0627\u0644\u0627\u0633\u062a\u0631\u0627\u062a\u064a\u062c\u064a",
                    "labelerLogin": "Yalda2HITL",
                    "createdAt": "2022-07-18T14:26:46.767Z",
                    "updatedAt": "2022-07-18T14:26:46.767Z"
                }
            ],
            "classTitle": "Title",
            "points": {
                "exterior": [
                    [
                        586,
                        2376
                    ],
                    [
                        1864,
                        2543
                    ]
                ],
                "interior": []
            }
        },
        {
            "id": 972019899,
            "classId": 10214732,
            "description": "",
            "geometryType": "rectangle",
            "labelerLogin": "Yalda2HITL",
            "createdAt": "2022-07-18T14:26:46.767Z",
            "updatedAt": "2022-07-18T14:26:46.767Z",
            "tags": [],
            "classTitle": "Body text",
            "points": {
                "exterior": [
                    [
                        1604,
                        751
                    ],
                    [
                        2185,
                        823
                    ]
                ],
                "interior": []
            }
        },
        {
            "id": 972019894,
            "classId": 10214732,
            "description": "",
            "geometryType": "rectangle",
            "labelerLogin": "Yalda2HITL",
            "createdAt": "2022-07-18T14:26:46.767Z",
            "updatedAt": "2022-07-18T14:26:46.767Z",
            "tags": [],
            "classTitle": "Body text",
            "points": {
                "exterior": [
                    [
                        1606,
                        811
                    ],
                    [
                        2184,
                        865
                    ]
                ],
                "interior": []
            }
        },
        {
            "id": 972019888,
            "classId": 10214732,
            "description": "",
            "geometryType": "rectangle",
            "labelerLogin": "Yalda2HITL",
            "createdAt": "2022-07-18T14:26:46.767Z",
            "updatedAt": "2022-07-18T14:26:46.767Z",
            "tags": [],
            "classTitle": "Body text",
            "points": {
                "exterior": [
                    [
                        331,
                        728
                    ],
                    [
                        910,
                        793
                    ]
                ],
                "interior": []
            }
        },
        {
            "id": 972019893,
            "classId": 10214732,
            "description": "",
            "geometryType": "rectangle",
            "labelerLogin": "Yalda2HITL",
            "createdAt": "2022-07-18T14:26:46.767Z",
            "updatedAt": "2022-07-18T14:26:46.767Z",
            "tags": [],
            "classTitle": "Body text",
            "points": {
                "exterior": [
                    [
                        334,
                        784
                    ],
                    [
                        915,
                        849
                    ]
                ],
                "interior": []
            }
        },
        {
            "id": 972019898,
            "classId": 10214732,
            "description": "",
            "geometryType": "rectangle",
            "labelerLogin": "Yalda2HITL",
            "createdAt": "2022-07-18T14:26:46.767Z",
            "updatedAt": "2022-07-18T14:26:46.767Z",
            "tags": [],
            "classTitle": "Body text",
            "points": {
                "exterior": [
                    [
                        252,
                        2171
                    ],
                    [
                        458,
                        2255
                    ]
                ],
                "interior": []
            }
        },
        {
            "id": 972019892,
            "classId": 10214732,
            "description": "",
            "geometryType": "rectangle",
            "labelerLogin": "Yalda2HITL",
            "createdAt": "2022-07-18T14:26:46.767Z",
            "updatedAt": "2022-07-18T14:26:46.767Z",
            "tags": [],
            "classTitle": "Body text",
            "points": {
                "exterior": [
                    [
                        254,
                        2262
                    ],
                    [
                        455,
                        2335
                    ]
                ],
                "interior": []
            }
        },
        {
            "id": 972019890,
            "classId": 10214732,
            "description": "",
            "geometryType": "rectangle",
            "labelerLogin": "Yalda2HITL",
            "createdAt": "2022-07-18T14:26:46.767Z",
            "updatedAt": "2022-07-18T14:26:46.767Z",
            "tags": [],
            "classTitle": "Body text",
            "points": {
                "exterior": [
                    [
                        589,
                        2581
                    ],
                    [
                        1860,
                        2704
                    ]
                ],
                "interior": []
            }
        },
        {
            "id": 972019896,
            "classId": 10214732,
            "description": "",
            "geometryType": "rectangle",
            "labelerLogin": "Yalda2HITL",
            "createdAt": "2022-07-18T14:26:46.767Z",
            "updatedAt": "2022-07-18T14:26:46.767Z",
            "tags": [],
            "classTitle": "Body text",
            "points": {
                "exterior": [
                    [
                        1126,
                        2936
                    ],
                    [
                        1328,
                        3018
                    ]
                ],
                "interior": []
            }
        },
        {
            "id": 972019891,
            "classId": 10214732,
            "description": "",
            "geometryType": "rectangle",
            "labelerLogin": "Yalda2HITL",
            "createdAt": "2022-07-18T14:26:46.767Z",
            "updatedAt": "2022-07-18T14:26:46.767Z",
            "tags": [],
            "classTitle": "Body text",
            "points": {
                "exterior": [
                    [
                        972,
                        3036
                    ],
                    [
                        1475,
                        3110
                    ]
                ],
                "interior": []
            }
        },
        {
            "id": 972019901,
            "classId": 10214732,
            "description": "",
            "geometryType": "rectangle",
            "labelerLogin": "Yalda2HITL",
            "createdAt": "2022-07-18T14:26:46.767Z",
            "updatedAt": "2022-07-18T14:26:46.767Z",
            "tags": [],
            "classTitle": "Body text",
            "points": {
                "exterior": [
                    [
                        604,
                        3300
                    ],
                    [
                        1787,
                        3363
                    ]
                ],
                "interior": []
            }
        },
        {
            "id": 972019900,
            "classId": 10214732,
            "description": "",
            "geometryType": "rectangle",
            "labelerLogin": "Yalda2HITL",
            "createdAt": "2022-07-18T14:26:46.767Z",
            "updatedAt": "2022-07-18T14:26:46.767Z",
            "tags": [],
            "classTitle": "Body text",
            "points": {
                "exterior": [
                    [
                        403,
                        3353
                    ],
                    [
                        2087,
                        3430
                    ]
                ],
                "interior": []
            }
        }
    ]
}