{
    "description": "",
    "tags": [],
    "size": {
        "height": 4624,
        "width": 2608
    },
    "objects": [
        {
            "id": 972019957,
            "classId": 10214730,
            "description": "",
            "geometryType": "polygon",
            "labelerLogin": "Yalda2HITL",
            "createdAt": "2022-07-18T14:26:46.767Z",
            "updatedAt": "2022-07-18T14:26:46.767Z",
            "tags": [],
            "classTitle": "Page",
            "points": {
                "exterior": [
                    [
                        2198,
                        3841
                    ],
                    [
                        2215,
                        3842
                    ],
                    [
                        2227,
                        3841
                    ],
                    [
                        2235,
                        3847
                    ],
                    [
                        2274,
                        3804
                    ],
                    [
                        2282,
                        3752
                    ],
                    [
                        2286,
                        3697
                    ],
                    [
                        2286,
                        3650
                    ],
                    [
                        2287,
                        3572
                    ],
                    [
                        2293,
                        3491
                    ],
                    [
                        2296,
                        3364
                    ],
                    [
                        2302,
                        3191
                    ],
                    [
                        2309,
                        2929
                    ],
                    [
                        2313,
                        2735
                    ],
                    [
                        2318,
                        2607
                    ],
                    [
                        2318,
                        2536
                    ],
                    [
                        2320,
                        2476
                    ],
                    [
                        2317,
                        2428
                    ],
                    [
                        2324,
                        2379
                    ],
                    [
                        2323,
                        2317
                    ],
                    [
                        2330,
                        2157
                    ],
                    [
                        2340,
                        1968
                    ],
                    [
                        2345,
                        1829
                    ],
                    [
                        2354,
                        1567
                    ],
                    [
                        2367,
                        1225
                    ],
                    [
                        2371,
                        1072
                    ],
                    [
                        2370,
                        990
                    ],
                    [
                        2372,
                        974
                    ],
                    [
                        2376,
                        958
                    ],
                    [
                        2377,
                        948
                    ],
                    [
                        2375,
                        941
                    ],
                    [
                        2375,
                        931
                    ],
                    [
                        2380,
                        914
                    ],
                    [
                        2380,
                        894
                    ],
                    [
                        2380,
                        869
                    ],
                    [
                        2377,
                        854
                    ],
                    [
                        2372,
                        837
                    ],
                    [
                        2368,
                        823
                    ],
                    [
                        2359,
                        814
                    ],
                    [
                        2345,
                        805
                    ],
                    [
                        2328,
                        805
                    ],
                    [
                        2312,
                        798
                    ],
                    [
                        2294,
                        799
                    ],
                    [
                        2281,
                        807
                    ],
                    [
                        2253,
                        811
                    ],
                    [
                        2112,
                        814
                    ],
                    [
                        1991,
                        822
                    ],
                    [
                        1917,
                        823
                    ],
                    [
                        1742,
                        836
                    ],
                    [
                        1576,
                        843
                    ],
                    [
                        1332,
                        861
                    ],
                    [
                        1166,
                        873
                    ],
                    [
                        829,
                        886
                    ],
                    [
                        803,
                        891
                    ],
                    [
                        763,
                        885
                    ],
                    [
                        706,
                        885
                    ],
                    [
                        631,
                        884
                    ],
                    [
                        566,
                        884
                    ],
                    [
                        507,
                        882
                    ],
                    [
                        487,
                        881
                    ],
                    [
                        459,
                        880
                    ],
                    [
                        443,
                        878
                    ],
                    [
                        440,
                        874
                    ],
                    [
                        423,
                        873
                    ],
                    [
                        416,
                        912
                    ],
                    [
                        401,
                        913
                    ],
                    [
                        336,
                        917
                    ],
                    [
                        309,
                        916
                    ],
                    [
                        247,
                        922
                    ],
                    [
                        217,
                        925
                    ],
                    [
                        183,
                        930
                    ],
                    [
                        153,
                        933
                    ],
                    [
                        154,
                        957
                    ],
                    [
                        158,
                        971
                    ],
                    [
                        161,
                        983
                    ],
                    [
                        165,
                        1155
                    ],
                    [
                        175,
                        1325
                    ],
                    [
                        183,
                        1450
                    ],
                    [
                        193,
                        1610
                    ],
                    [
                        203,
                        1754
                    ],
                    [
                        215,
                        1915
                    ],
                    [
                        233,
                        2184
                    ],
                    [
                        247,
                        2396
                    ],
                    [
                        256,
                        2537
                    ],
                    [
                        268,
                        2761
                    ],
                    [
                        278,
                        2964
                    ],
                    [
                        286,
                        3111
                    ],
                    [
                        291,
                        3223
                    ],
                    [
                        293,
                        3243
                    ],
                    [
                        298,
                        3315
                    ],
                    [
                        299,
                        3336
                    ],
                    [
                        307,
                        3530
                    ],
                    [
                        316,
                        3682
                    ],
                    [
                        325,
                        3764
                    ],
                    [
                        327,
                        3775
                    ],
                    [
                        330,
                        3784
                    ],
                    [
                        334,
                        3792
                    ],
                    [
                        336,
                        3798
                    ],
                    [
                        342,
                        3802
                    ],
                    [
                        351,
                        3804
                    ],
                    [
                        358,
                        3802
                    ],
                    [
                        1467,
                        3827
                    ],
                    [
                        1789,
                        3835
                    ]
                ],
                "interior": []
            }
        },
        {
            "id": 972019958,
            "classId": 10214731,
            "description": "",
            "geometryType": "rectangle",
            "labelerLogin": "Yalda2HITL",
            "createdAt": "2022-07-18T14:26:46.767Z",
            "updatedAt": "2022-07-18T14:26:46.767Z",
            "tags": [
                {
                    "id": 151023613,
                    "tagId": 30308107,
                    "name": "Transcription",
                    "value": "\u0627\u0644\u0639\u064f\u0642\u064f\u0648\u062f \u0627\u0644\u0645\u064f\u0633\u064e\u0645\u0651\u064e\u0627\u0629",
                    "labelerLogin": "Yalda2HITL",
                    "createdAt": "2022-07-18T14:26:46.767Z",
                    "updatedAt": "2022-07-18T14:26:46.767Z"
                }
            ],
            "classTitle": "Title",
            "points": {
                "exterior": [
                    [
                        921,
                        2066
                    ],
                    [
                        1701,
                        2275
                    ]
                ],
                "interior": []
            }
        },
        {
            "id": 972019952,
            "classId": 10214732,
            "description": "",
            "geometryType": "rectangle",
            "labelerLogin": "Yalda2HITL",
            "createdAt": "2022-07-18T14:26:46.767Z",
            "updatedAt": "2022-07-18T14:26:46.767Z",
            "tags": [],
            "classTitle": "Body text",
            "points": {
                "exterior": [
                    [
                        836,
                        2277
                    ],
                    [
                        1773,
                        2411
                    ]
                ],
                "interior": []
            }
        },
        {
            "id": 972019961,
            "classId": 10214732,
            "description": "",
            "geometryType": "rectangle",
            "labelerLogin": "Yalda2HITL",
            "createdAt": "2022-07-18T14:26:46.767Z",
            "updatedAt": "2022-07-18T14:26:46.767Z",
            "tags": [],
            "classTitle": "Body text",
            "points": {
                "exterior": [
                    [
                        1094,
                        2418
                    ],
                    [
                        1531,
                        2506
                    ]
                ],
                "interior": []
            }
        },
        {
            "id": 972019960,
            "classId": 10214732,
            "description": "",
            "geometryType": "rectangle",
            "labelerLogin": "Yalda2HITL",
            "createdAt": "2022-07-18T14:26:46.767Z",
            "updatedAt": "2022-07-18T14:26:46.767Z",
            "tags": [],
            "classTitle": "Body text",
            "points": {
                "exterior": [
                    [
                        965,
                        2527
                    ],
                    [
                        1658,
                        2622
                    ]
                ],
                "interior": []
            }
        },
        {
            "id": 972019966,
            "classId": 10214732,
            "description": "",
            "geometryType": "rectangle",
            "labelerLogin": "Yalda2HITL",
            "createdAt": "2022-07-18T14:26:46.767Z",
            "updatedAt": "2022-07-18T14:26:46.767Z",
            "tags": [],
            "classTitle": "Body text",
            "points": {
                "exterior": [
                    [
                        1256,
                        2897
                    ],
                    [
                        1434,
                        2963
                    ]
                ],
                "interior": []
            }
        },
        {
            "id": 972019959,
            "classId": 10214732,
            "description": "",
            "geometryType": "rectangle",
            "labelerLogin": "Yalda2HITL",
            "createdAt": "2022-07-18T14:26:46.767Z",
            "updatedAt": "2022-07-18T14:26:46.767Z",
            "tags": [],
            "classTitle": "Body text",
            "points": {
                "exterior": [
                    [
                        1093,
                        2985
                    ],
                    [
                        1564,
                        3081
                    ]
                ],
                "interior": []
            }
        },
        {
            "id": 972019965,
            "classId": 10214732,
            "description": "",
            "geometryType": "rectangle",
            "labelerLogin": "Yalda2HITL",
            "createdAt": "2022-07-18T14:26:46.767Z",
            "updatedAt": "2022-07-18T14:26:46.767Z",
            "tags": [],
            "classTitle": "Body text",
            "points": {
                "exterior": [
                    [
                        1197,
                        3075
                    ],
                    [
                        1477,
                        3169
                    ]
                ],
                "interior": []
            }
        },
        {
            "id": 972019964,
            "classId": 10214732,
            "description": "",
            "geometryType": "rectangle",
            "labelerLogin": "Yalda2HITL",
            "createdAt": "2022-07-18T14:26:46.767Z",
            "updatedAt": "2022-07-18T14:26:46.767Z",
            "tags": [],
            "classTitle": "Body text",
            "points": {
                "exterior": [
                    [
                        1145,
                        3375
                    ],
                    [
                        1511,
                        3492
                    ]
                ],
                "interior": []
            }
        },
        {
            "id": 972019963,
            "classId": 10214732,
            "description": "",
            "geometryType": "rectangle",
            "labelerLogin": "Yalda2HITL",
            "createdAt": "2022-07-18T14:26:46.767Z",
            "updatedAt": "2022-07-18T14:26:46.767Z",
            "tags": [],
            "classTitle": "Body text",
            "points": {
                "exterior": [
                    [
                        1113,
                        3476
                    ],
                    [
                        1514,
                        3604
                    ]
                ],
                "interior": []
            }
        },
        {
            "id": 972019969,
            "classId": 10214732,
            "description": "",
            "geometryType": "rectangle",
            "labelerLogin": "Yalda2HITL",
            "createdAt": "2022-07-18T14:26:46.767Z",
            "updatedAt": "2022-07-18T14:26:46.767Z",
            "tags": [],
            "classTitle": "Body text",
            "points": {
                "exterior": [
                    [
                        1506,
                        1198
                    ],
                    [
                        2155,
                        1387
                    ]
                ],
                "interior": []
            }
        },
        {
            "id": 972019967,
            "classId": 10214732,
            "description": "",
            "geometryType": "rectangle",
            "labelerLogin": "Yalda2HITL",
            "createdAt": "2022-07-18T14:26:46.767Z",
            "updatedAt": "2022-07-18T14:26:46.767Z",
            "tags": [],
            "classTitle": "Body text",
            "points": {
                "exterior": [
                    [
                        1494,
                        1336
                    ],
                    [
                        2153,
                        1471
                    ]
                ],
                "interior": []
            }
        },
        {
            "id": 972019962,
            "classId": 10214732,
            "description": "",
            "geometryType": "rectangle",
            "labelerLogin": "Yalda2HITL",
            "createdAt": "2022-07-18T14:26:46.767Z",
            "updatedAt": "2022-07-18T14:26:46.767Z",
            "tags": [],
            "classTitle": "Body text",
            "points": {
                "exterior": [
                    [
                        1496,
                        1423
                    ],
                    [
                        2159,
                        1560
                    ]
                ],
                "interior": []
            }
        },
        {
            "id": 972019968,
            "classId": 10214732,
            "description": "",
            "geometryType": "rectangle",
            "labelerLogin": "Yalda2HITL",
            "createdAt": "2022-07-18T14:26:46.767Z",
            "updatedAt": "2022-07-18T14:26:46.767Z",
            "tags": [],
            "classTitle": "Body text",
            "points": {
                "exterior": [
                    [
                        1666,
                        1530
                    ],
                    [
                        1983,
                        1626
                    ]
                ],
                "interior": []
            }
        }
    ]
}