{
    "description": "",
    "tags": [],
    "size": {
        "height": 4624,
        "width": 2608
    },
    "objects": [
        {
            "id": 972020090,
            "classId": 10214730,
            "description": "",
            "geometryType": "polygon",
            "labelerLogin": "Yalda2HITL",
            "createdAt": "2022-07-18T14:26:46.767Z",
            "updatedAt": "2022-07-18T14:26:46.767Z",
            "tags": [],
            "classTitle": "Page",
            "points": {
                "exterior": [
                    [
                        2199,
                        3967
                    ],
                    [
                        2234,
                        3959
                    ],
                    [
                        2254,
                        3953
                    ],
                    [
                        2252,
                        3849
                    ],
                    [
                        2267,
                        3254
                    ],
                    [
                        2268,
                        2675
                    ],
                    [
                        2291,
                        1574
                    ],
                    [
                        2298,
                        1016
                    ],
                    [
                        2299,
                        971
                    ],
                    [
                        2299,
                        952
                    ],
                    [
                        2300,
                        937
                    ],
                    [
                        2288,
                        930
                    ],
                    [
                        2267,
                        927
                    ],
                    [
                        2086,
                        914
                    ],
                    [
                        1779,
                        901
                    ],
                    [
                        1080,
                        901
                    ],
                    [
                        465,
                        880
                    ],
                    [
                        318,
                        872
                    ],
                    [
                        268,
                        870
                    ],
                    [
                        233,
                        869
                    ],
                    [
                        223,
                        877
                    ],
                    [
                        219,
                        1003
                    ],
                    [
                        226,
                        1341
                    ],
                    [
                        239,
                        1797
                    ],
                    [
                        250,
                        2307
                    ],
                    [
                        251,
                        2605
                    ],
                    [
                        253,
                        2932
                    ],
                    [
                        259,
                        3519
                    ],
                    [
                        260,
                        3781
                    ],
                    [
                        260,
                        3850
                    ],
                    [
                        258,
                        3870
                    ],
                    [
                        261,
                        3880
                    ],
                    [
                        263,
                        3897
                    ],
                    [
                        262,
                        3908
                    ],
                    [
                        265,
                        3919
                    ],
                    [
                        275,
                        3923
                    ],
                    [
                        302,
                        3925
                    ],
                    [
                        319,
                        3925
                    ],
                    [
                        460,
                        3930
                    ],
                    [
                        583,
                        3937
                    ],
                    [
                        764,
                        3953
                    ],
                    [
                        897,
                        3972
                    ],
                    [
                        942,
                        3980
                    ],
                    [
                        962,
                        3980
                    ],
                    [
                        974,
                        3983
                    ],
                    [
                        988,
                        3985
                    ],
                    [
                        1002,
                        3984
                    ],
                    [
                        1011,
                        3985
                    ],
                    [
                        1016,
                        3988
                    ],
                    [
                        1034,
                        3990
                    ],
                    [
                        1126,
                        3987
                    ],
                    [
                        1304,
                        3980
                    ]
                ],
                "interior": []
            }
        },
        {
            "id": 972020089,
            "classId": 10214732,
            "description": "",
            "geometryType": "rectangle",
            "labelerLogin": "Yalda2HITL",
            "createdAt": "2022-07-18T14:26:46.767Z",
            "updatedAt": "2022-07-18T14:26:46.767Z",
            "tags": [],
            "classTitle": "Body text",
            "points": {
                "exterior": [
                    [
                        596,
                        2590
                    ],
                    [
                        1220,
                        2706
                    ]
                ],
                "interior": []
            }
        },
        {
            "id": 972020088,
            "classId": 10214732,
            "description": "",
            "geometryType": "rectangle",
            "labelerLogin": "Yalda2HITL",
            "createdAt": "2022-07-18T14:26:46.767Z",
            "updatedAt": "2022-07-18T14:26:46.767Z",
            "tags": [],
            "classTitle": "Body text",
            "points": {
                "exterior": [
                    [
                        595,
                        3547
                    ],
                    [
                        960,
                        3744
                    ]
                ],
                "interior": []
            }
        },
        {
            "id": 972020087,
            "classId": 10214731,
            "description": "",
            "geometryType": "rectangle",
            "labelerLogin": "Yalda2HITL",
            "createdAt": "2022-07-18T14:26:46.767Z",
            "updatedAt": "2022-07-18T14:26:46.767Z",
            "tags": [
                {
                    "id": 151023642,
                    "tagId": 30308107,
                    "name": "Transcription",
                    "value": "\u0645\u0646 \u0647\u0646\u0627",
                    "labelerLogin": "Yalda2HITL",
                    "createdAt": "2022-07-18T14:26:46.767Z",
                    "updatedAt": "2022-07-18T14:26:46.767Z"
                }
            ],
            "classTitle": "Title",
            "points": {
                "exterior": [
                    [
                        725,
                        1437
                    ],
                    [
                        1280,
                        1667
                    ]
                ],
                "interior": []
            }
        },
        {
            "id": 972020086,
            "classId": 10214731,
            "description": "",
            "geometryType": "rectangle",
            "labelerLogin": "Yalda2HITL",
            "createdAt": "2022-07-18T14:26:46.767Z",
            "updatedAt": "2022-07-18T14:26:46.767Z",
            "tags": [
                {
                    "id": 151023641,
                    "tagId": 30308107,
                    "name": "Transcription",
                    "value": "\u0646\u0628\u062f\u0623",
                    "labelerLogin": "Yalda2HITL",
                    "createdAt": "2022-07-18T14:26:46.767Z",
                    "updatedAt": "2022-07-18T14:26:46.767Z"
                }
            ],
            "classTitle": "Title",
            "points": {
                "exterior": [
                    [
                        550,
                        1482
                    ],
                    [
                        1393,
                        2104
                    ]
                ],
                "interior": []
            }
        }
    ]
}