{
    "description": "",
    "tags": [],
    "size": {
        "height": 4624,
        "width": 2608
    },
    "objects": [
        {
            "id": 972019998,
            "classId": 10214730,
            "description": "",
            "geometryType": "polygon",
            "labelerLogin": "Yalda2HITL",
            "createdAt": "2022-07-18T14:26:46.767Z",
            "updatedAt": "2022-07-18T14:26:46.767Z",
            "tags": [],
            "classTitle": "Page",
            "points": {
                "exterior": [
                    [
                        2103,
                        3423
                    ],
                    [
                        2115,
                        3422
                    ],
                    [
                        2126,
                        3420
                    ],
                    [
                        2132,
                        3413
                    ],
                    [
                        2138,
                        3410
                    ],
                    [
                        2149,
                        3406
                    ],
                    [
                        2155,
                        3397
                    ],
                    [
                        2160,
                        3383
                    ],
                    [
                        2158,
                        3371
                    ],
                    [
                        2157,
                        3345
                    ],
                    [
                        2153,
                        3272
                    ],
                    [
                        2141,
                        2919
                    ],
                    [
                        2138,
                        2438
                    ],
                    [
                        2142,
                        1791
                    ],
                    [
                        2144,
                        1298
                    ],
                    [
                        2146,
                        1066
                    ],
                    [
                        2147,
                        1051
                    ],
                    [
                        2147,
                        1041
                    ],
                    [
                        2151,
                        1036
                    ],
                    [
                        2152,
                        1027
                    ],
                    [
                        2143,
                        960
                    ],
                    [
                        2153,
                        950
                    ],
                    [
                        2160,
                        938
                    ],
                    [
                        2160,
                        931
                    ],
                    [
                        2156,
                        929
                    ],
                    [
                        2154,
                        915
                    ],
                    [
                        2153,
                        894
                    ],
                    [
                        2153,
                        882
                    ],
                    [
                        2152,
                        846
                    ],
                    [
                        2151,
                        830
                    ],
                    [
                        2150,
                        824
                    ],
                    [
                        2152,
                        812
                    ],
                    [
                        2154,
                        806
                    ],
                    [
                        2158,
                        802
                    ],
                    [
                        2162,
                        797
                    ],
                    [
                        2167,
                        793
                    ],
                    [
                        2170,
                        789
                    ],
                    [
                        2168,
                        785
                    ],
                    [
                        2163,
                        786
                    ],
                    [
                        2156,
                        788
                    ],
                    [
                        2160,
                        778
                    ],
                    [
                        2153,
                        774
                    ],
                    [
                        2148,
                        782
                    ],
                    [
                        2143,
                        787
                    ],
                    [
                        2140,
                        791
                    ],
                    [
                        2137,
                        790
                    ],
                    [
                        2135,
                        787
                    ],
                    [
                        2131,
                        783
                    ],
                    [
                        2126,
                        780
                    ],
                    [
                        2119,
                        776
                    ],
                    [
                        2109,
                        774
                    ],
                    [
                        2090,
                        773
                    ],
                    [
                        2053,
                        770
                    ],
                    [
                        2024,
                        767
                    ],
                    [
                        1999,
                        765
                    ],
                    [
                        1965,
                        765
                    ],
                    [
                        1951,
                        763
                    ],
                    [
                        1937,
                        766
                    ],
                    [
                        1933,
                        756
                    ],
                    [
                        1924,
                        751
                    ],
                    [
                        1895,
                        751
                    ],
                    [
                        1866,
                        751
                    ],
                    [
                        1837,
                        750
                    ],
                    [
                        1819,
                        749
                    ],
                    [
                        1803,
                        746
                    ],
                    [
                        1788,
                        747
                    ],
                    [
                        1762,
                        749
                    ],
                    [
                        1743,
                        751
                    ],
                    [
                        1716,
                        753
                    ],
                    [
                        1696,
                        755
                    ],
                    [
                        1672,
                        761
                    ],
                    [
                        1647,
                        766
                    ],
                    [
                        1622,
                        767
                    ],
                    [
                        1319,
                        775
                    ],
                    [
                        1157,
                        777
                    ],
                    [
                        796,
                        790
                    ],
                    [
                        536,
                        796
                    ],
                    [
                        386,
                        806
                    ],
                    [
                        367,
                        806
                    ],
                    [
                        322,
                        807
                    ],
                    [
                        293,
                        809
                    ],
                    [
                        260,
                        812
                    ],
                    [
                        241,
                        814
                    ],
                    [
                        228,
                        815
                    ],
                    [
                        214,
                        818
                    ],
                    [
                        202,
                        825
                    ],
                    [
                        191,
                        833
                    ],
                    [
                        191,
                        876
                    ],
                    [
                        196,
                        969
                    ],
                    [
                        188,
                        990
                    ],
                    [
                        185,
                        1036
                    ],
                    [
                        181,
                        1084
                    ],
                    [
                        176,
                        1114
                    ],
                    [
                        172,
                        1144
                    ],
                    [
                        166,
                        1164
                    ],
                    [
                        170,
                        1183
                    ],
                    [
                        176,
                        1257
                    ],
                    [
                        191,
                        1375
                    ],
                    [
                        192,
                        1391
                    ],
                    [
                        196,
                        1406
                    ],
                    [
                        209,
                        1512
                    ],
                    [
                        217,
                        1598
                    ],
                    [
                        225,
                        1714
                    ],
                    [
                        243,
                        1954
                    ],
                    [
                        253,
                        2252
                    ],
                    [
                        267,
                        2597
                    ],
                    [
                        279,
                        2718
                    ],
                    [
                        289,
                        2923
                    ],
                    [
                        295,
                        3006
                    ],
                    [
                        304,
                        3165
                    ],
                    [
                        308,
                        3287
                    ],
                    [
                        313,
                        3376
                    ],
                    [
                        316,
                        3399
                    ],
                    [
                        315,
                        3440
                    ],
                    [
                        317,
                        3451
                    ],
                    [
                        323,
                        3456
                    ],
                    [
                        357,
                        3455
                    ],
                    [
                        375,
                        3459
                    ],
                    [
                        390,
                        3459
                    ],
                    [
                        397,
                        3467
                    ],
                    [
                        409,
                        3477
                    ],
                    [
                        432,
                        3483
                    ],
                    [
                        469,
                        3482
                    ],
                    [
                        538,
                        3478
                    ],
                    [
                        672,
                        3469
                    ],
                    [
                        737,
                        3464
                    ],
                    [
                        772,
                        3459
                    ],
                    [
                        810,
                        3457
                    ],
                    [
                        868,
                        3453
                    ],
                    [
                        1002,
                        3448
                    ],
                    [
                        1091,
                        3449
                    ],
                    [
                        1180,
                        3450
                    ],
                    [
                        1229,
                        3453
                    ],
                    [
                        1307,
                        3452
                    ],
                    [
                        1755,
                        3436
                    ],
                    [
                        1850,
                        3433
                    ],
                    [
                        1879,
                        3434
                    ],
                    [
                        1955,
                        3434
                    ],
                    [
                        2008,
                        3432
                    ],
                    [
                        2048,
                        3432
                    ],
                    [
                        2069,
                        3427
                    ]
                ],
                "interior": []
            }
        },
        {
            "id": 972020001,
            "classId": 10214731,
            "description": "",
            "geometryType": "rectangle",
            "labelerLogin": "Yalda2HITL",
            "createdAt": "2022-07-18T14:26:46.767Z",
            "updatedAt": "2022-07-18T14:26:46.767Z",
            "tags": [
                {
                    "id": 151023621,
                    "tagId": 30308107,
                    "name": "Transcription",
                    "value": "\u0645\u0646\u0647\u062c\u064a\u0629 \u0627\u0644\u0639\u0644\u0648\u0645 \u0627\u0644\u0642\u0627\u0646\u0648\u0646\u064a\u0629",
                    "labelerLogin": "Yalda2HITL",
                    "createdAt": "2022-07-18T14:26:46.767Z",
                    "updatedAt": "2022-07-18T14:26:46.767Z"
                }
            ],
            "classTitle": "Title",
            "points": {
                "exterior": [
                    [
                        552,
                        1745
                    ],
                    [
                        1658,
                        1930
                    ]
                ],
                "interior": []
            }
        },
        {
            "id": 972019999,
            "classId": 10214732,
            "description": "",
            "geometryType": "rectangle",
            "labelerLogin": "Yalda2HITL",
            "createdAt": "2022-07-18T14:26:46.767Z",
            "updatedAt": "2022-07-18T14:26:46.767Z",
            "tags": [],
            "classTitle": "Body text",
            "points": {
                "exterior": [
                    [
                        1330,
                        1043
                    ],
                    [
                        1729,
                        1133
                    ]
                ],
                "interior": []
            }
        },
        {
            "id": 972020000,
            "classId": 10214732,
            "description": "",
            "geometryType": "rectangle",
            "labelerLogin": "Yalda2HITL",
            "createdAt": "2022-07-18T14:26:46.767Z",
            "updatedAt": "2022-07-18T14:26:46.767Z",
            "tags": [],
            "classTitle": "Body text",
            "points": {
                "exterior": [
                    [
                        1242,
                        1150
                    ],
                    [
                        1828,
                        1219
                    ]
                ],
                "interior": []
            }
        },
        {
            "id": 972020002,
            "classId": 10214732,
            "description": "",
            "geometryType": "rectangle",
            "labelerLogin": "Yalda2HITL",
            "createdAt": "2022-07-18T14:26:46.767Z",
            "updatedAt": "2022-07-18T14:26:46.767Z",
            "tags": [],
            "classTitle": "Body text",
            "points": {
                "exterior": [
                    [
                        1445,
                        1226
                    ],
                    [
                        1626,
                        1283
                    ]
                ],
                "interior": []
            }
        },
        {
            "id": 972020004,
            "classId": 10214732,
            "description": "",
            "geometryType": "rectangle",
            "labelerLogin": "Yalda2HITL",
            "createdAt": "2022-07-18T14:26:46.767Z",
            "updatedAt": "2022-07-18T14:26:46.767Z",
            "tags": [],
            "classTitle": "Body text",
            "points": {
                "exterior": [
                    [
                        1045,
                        2320
                    ],
                    [
                        1202,
                        2383
                    ]
                ],
                "interior": []
            }
        },
        {
            "id": 972020006,
            "classId": 10214732,
            "description": "",
            "geometryType": "rectangle",
            "labelerLogin": "Yalda2HITL",
            "createdAt": "2022-07-18T14:26:46.767Z",
            "updatedAt": "2022-07-18T14:26:46.767Z",
            "tags": [],
            "classTitle": "Body text",
            "points": {
                "exterior": [
                    [
                        1021,
                        2432
                    ],
                    [
                        1237,
                        2491
                    ]
                ],
                "interior": []
            }
        },
        {
            "id": 972020003,
            "classId": 10214732,
            "description": "",
            "geometryType": "rectangle",
            "labelerLogin": "Yalda2HITL",
            "createdAt": "2022-07-18T14:26:46.767Z",
            "updatedAt": "2022-07-18T14:26:46.767Z",
            "tags": [],
            "classTitle": "Body text",
            "points": {
                "exterior": [
                    [
                        1076,
                        2882
                    ],
                    [
                        1201,
                        2934
                    ]
                ],
                "interior": []
            }
        },
        {
            "id": 972020005,
            "classId": 10214732,
            "description": "",
            "geometryType": "rectangle",
            "labelerLogin": "Yalda2HITL",
            "createdAt": "2022-07-18T14:26:46.767Z",
            "updatedAt": "2022-07-18T14:26:46.767Z",
            "tags": [],
            "classTitle": "Body text",
            "points": {
                "exterior": [
                    [
                        920,
                        3101
                    ],
                    [
                        1367,
                        3164
                    ]
                ],
                "interior": []
            }
        },
        {
            "id": 972020007,
            "classId": 10214732,
            "description": "",
            "geometryType": "rectangle",
            "labelerLogin": "Yalda2HITL",
            "createdAt": "2022-07-18T14:26:46.767Z",
            "updatedAt": "2022-07-18T14:26:46.767Z",
            "tags": [],
            "classTitle": "Body text",
            "points": {
                "exterior": [
                    [
                        1101,
                        3188
                    ],
                    [
                        1193,
                        3246
                    ]
                ],
                "interior": []
            }
        }
    ]
}