{
    "description": "",
    "tags": [],
    "size": {
        "height": 4624,
        "width": 2608
    },
    "objects": [
        {
            "id": 972020025,
            "classId": 10214730,
            "description": "",
            "geometryType": "polygon",
            "labelerLogin": "Yalda2HITL",
            "createdAt": "2022-07-18T14:26:46.767Z",
            "updatedAt": "2022-07-18T14:26:46.767Z",
            "tags": [],
            "classTitle": "Page",
            "points": {
                "exterior": [
                    [
                        2362,
                        3722
                    ],
                    [
                        2386,
                        3717
                    ],
                    [
                        2396,
                        3711
                    ],
                    [
                        2403,
                        3702
                    ],
                    [
                        2407,
                        3691
                    ],
                    [
                        2406,
                        3550
                    ],
                    [
                        2399,
                        3174
                    ],
                    [
                        2392,
                        2659
                    ],
                    [
                        2393,
                        2025
                    ],
                    [
                        2394,
                        1569
                    ],
                    [
                        2396,
                        1246
                    ],
                    [
                        2396,
                        1032
                    ],
                    [
                        2396,
                        956
                    ],
                    [
                        2397,
                        948
                    ],
                    [
                        2398,
                        939
                    ],
                    [
                        2400,
                        932
                    ],
                    [
                        2397,
                        928
                    ],
                    [
                        2389,
                        926
                    ],
                    [
                        2380,
                        923
                    ],
                    [
                        2371,
                        922
                    ],
                    [
                        2359,
                        922
                    ],
                    [
                        2352,
                        922
                    ],
                    [
                        2339,
                        922
                    ],
                    [
                        2326,
                        923
                    ],
                    [
                        2320,
                        921
                    ],
                    [
                        2315,
                        920
                    ],
                    [
                        2308,
                        922
                    ],
                    [
                        2301,
                        924
                    ],
                    [
                        2290,
                        924
                    ],
                    [
                        2286,
                        924
                    ],
                    [
                        2284,
                        922
                    ],
                    [
                        2281,
                        921
                    ],
                    [
                        2278,
                        920
                    ],
                    [
                        2274,
                        920
                    ],
                    [
                        2273,
                        924
                    ],
                    [
                        2269,
                        926
                    ],
                    [
                        2255,
                        927
                    ],
                    [
                        2111,
                        936
                    ],
                    [
                        1914,
                        954
                    ],
                    [
                        1777,
                        965
                    ],
                    [
                        1553,
                        983
                    ],
                    [
                        1051,
                        1027
                    ],
                    [
                        1024,
                        1025
                    ],
                    [
                        1009,
                        1029
                    ],
                    [
                        988,
                        1032
                    ],
                    [
                        969,
                        1031
                    ],
                    [
                        952,
                        1032
                    ],
                    [
                        934,
                        1034
                    ],
                    [
                        918,
                        1035
                    ],
                    [
                        822,
                        1042
                    ],
                    [
                        809,
                        1044
                    ],
                    [
                        791,
                        1043
                    ],
                    [
                        772,
                        1045
                    ],
                    [
                        757,
                        1046
                    ],
                    [
                        744,
                        1049
                    ],
                    [
                        731,
                        1051
                    ],
                    [
                        718,
                        1052
                    ],
                    [
                        708,
                        1055
                    ],
                    [
                        698,
                        1053
                    ],
                    [
                        688,
                        1053
                    ],
                    [
                        680,
                        1052
                    ],
                    [
                        664,
                        1054
                    ],
                    [
                        648,
                        1055
                    ],
                    [
                        458,
                        1068
                    ],
                    [
                        199,
                        1087
                    ],
                    [
                        175,
                        1090
                    ],
                    [
                        158,
                        1092
                    ],
                    [
                        145,
                        1093
                    ],
                    [
                        132,
                        1095
                    ],
                    [
                        120,
                        1095
                    ],
                    [
                        111,
                        1097
                    ],
                    [
                        106,
                        1102
                    ],
                    [
                        102,
                        1104
                    ],
                    [
                        95,
                        1104
                    ],
                    [
                        91,
                        1109
                    ],
                    [
                        88,
                        1119
                    ],
                    [
                        85,
                        1128
                    ],
                    [
                        86,
                        1135
                    ],
                    [
                        86,
                        1148
                    ],
                    [
                        88,
                        1156
                    ],
                    [
                        88,
                        1165
                    ],
                    [
                        89,
                        1173
                    ],
                    [
                        90,
                        1184
                    ],
                    [
                        95,
                        1193
                    ],
                    [
                        98,
                        1201
                    ],
                    [
                        100,
                        1212
                    ],
                    [
                        101,
                        1222
                    ],
                    [
                        103,
                        1229
                    ],
                    [
                        106,
                        1238
                    ],
                    [
                        108,
                        1245
                    ],
                    [
                        109,
                        1252
                    ],
                    [
                        111,
                        1263
                    ],
                    [
                        120,
                        1339
                    ],
                    [
                        138,
                        1438
                    ],
                    [
                        213,
                        1924
                    ],
                    [
                        255,
                        2254
                    ],
                    [
                        292,
                        2525
                    ],
                    [
                        320,
                        2746
                    ],
                    [
                        361,
                        3051
                    ],
                    [
                        385,
                        3262
                    ],
                    [
                        394,
                        3398
                    ],
                    [
                        398,
                        3494
                    ],
                    [
                        395,
                        3641
                    ],
                    [
                        391,
                        3766
                    ],
                    [
                        391,
                        3796
                    ],
                    [
                        391,
                        3812
                    ],
                    [
                        393,
                        3827
                    ],
                    [
                        397,
                        3836
                    ],
                    [
                        404,
                        3841
                    ],
                    [
                        411,
                        3845
                    ],
                    [
                        416,
                        3847
                    ],
                    [
                        425,
                        3848
                    ],
                    [
                        431,
                        3841
                    ],
                    [
                        437,
                        3844
                    ],
                    [
                        452,
                        3852
                    ],
                    [
                        459,
                        3855
                    ],
                    [
                        476,
                        3856
                    ],
                    [
                        488,
                        3855
                    ],
                    [
                        504,
                        3854
                    ],
                    [
                        542,
                        3851
                    ],
                    [
                        690,
                        3839
                    ],
                    [
                        775,
                        3832
                    ],
                    [
                        851,
                        3823
                    ],
                    [
                        1111,
                        3801
                    ],
                    [
                        1607,
                        3766
                    ]
                ],
                "interior": []
            }
        },
        {
            "id": 972020024,
            "classId": 10214731,
            "description": "",
            "geometryType": "rectangle",
            "labelerLogin": "Yalda2HITL",
            "createdAt": "2022-07-18T14:26:46.767Z",
            "updatedAt": "2022-07-18T14:26:46.767Z",
            "tags": [
                {
                    "id": 151023624,
                    "tagId": 30308107,
                    "name": "Transcription",
                    "value": "\u0623\u0635\u0648\u0644 \u0627\u0644\u0645\u062d\u0627\u0643\u0645\u0627\u062a \u0627\u0644\u062c\u0632\u0627\u0626\u064a\u0629 \u0627\u0644\u062c\u062f\u064a\u062f",
                    "labelerLogin": "Yalda2HITL",
                    "createdAt": "2022-07-18T14:26:46.767Z",
                    "updatedAt": "2022-07-18T14:26:46.767Z"
                }
            ],
            "classTitle": "Title",
            "points": {
                "exterior": [
                    [
                        557,
                        1616
                    ],
                    [
                        1925,
                        1862
                    ]
                ],
                "interior": []
            }
        },
        {
            "id": 972020023,
            "classId": 10214732,
            "description": "",
            "geometryType": "rectangle",
            "labelerLogin": "Yalda2HITL",
            "createdAt": "2022-07-18T14:26:46.767Z",
            "updatedAt": "2022-07-18T14:26:46.767Z",
            "tags": [],
            "classTitle": "Body text",
            "points": {
                "exterior": [
                    [
                        1087,
                        1383
                    ],
                    [
                        1326,
                        1535
                    ]
                ],
                "interior": []
            }
        },
        {
            "id": 972020022,
            "classId": 10214732,
            "description": "",
            "geometryType": "rectangle",
            "labelerLogin": "Yalda2HITL",
            "createdAt": "2022-07-18T14:26:46.767Z",
            "updatedAt": "2022-07-18T14:26:46.767Z",
            "tags": [],
            "classTitle": "Body text",
            "points": {
                "exterior": [
                    [
                        746,
                        1851
                    ],
                    [
                        1752,
                        2010
                    ]
                ],
                "interior": []
            }
        },
        {
            "id": 972020021,
            "classId": 10214732,
            "description": "",
            "geometryType": "rectangle",
            "labelerLogin": "Yalda2HITL",
            "createdAt": "2022-07-18T14:26:46.767Z",
            "updatedAt": "2022-07-18T14:26:46.767Z",
            "tags": [],
            "classTitle": "Body text",
            "points": {
                "exterior": [
                    [
                        602,
                        1982
                    ],
                    [
                        1934,
                        2157
                    ]
                ],
                "interior": []
            }
        },
        {
            "id": 972020020,
            "classId": 10214732,
            "description": "",
            "geometryType": "rectangle",
            "labelerLogin": "Yalda2HITL",
            "createdAt": "2022-07-18T14:26:46.767Z",
            "updatedAt": "2022-07-18T14:26:46.767Z",
            "tags": [],
            "classTitle": "Body text",
            "points": {
                "exterior": [
                    [
                        1122,
                        2442
                    ],
                    [
                        1472,
                        2533
                    ]
                ],
                "interior": []
            }
        },
        {
            "id": 972020019,
            "classId": 10214732,
            "description": "",
            "geometryType": "rectangle",
            "labelerLogin": "Yalda2HITL",
            "createdAt": "2022-07-18T14:26:46.767Z",
            "updatedAt": "2022-07-18T14:26:46.767Z",
            "tags": [],
            "classTitle": "Body text",
            "points": {
                "exterior": [
                    [
                        1069,
                        2554
                    ],
                    [
                        1550,
                        2655
                    ]
                ],
                "interior": []
            }
        },
        {
            "id": 972020018,
            "classId": 10214732,
            "description": "",
            "geometryType": "rectangle",
            "labelerLogin": "Yalda2HITL",
            "createdAt": "2022-07-18T14:26:46.767Z",
            "updatedAt": "2022-07-18T14:26:46.767Z",
            "tags": [],
            "classTitle": "Body text",
            "points": {
                "exterior": [
                    [
                        1112,
                        3143
                    ],
                    [
                        1614,
                        3226
                    ]
                ],
                "interior": []
            }
        },
        {
            "id": 972020026,
            "classId": 10214732,
            "description": "",
            "geometryType": "rectangle",
            "labelerLogin": "Yalda2HITL",
            "createdAt": "2022-07-18T14:26:46.767Z",
            "updatedAt": "2022-07-18T14:26:46.767Z",
            "tags": [],
            "classTitle": "Body text",
            "points": {
                "exterior": [
                    [
                        1201,
                        3247
                    ],
                    [
                        1548,
                        3326
                    ]
                ],
                "interior": []
            }
        }
    ]
}