{
    "description": "",
    "tags": [],
    "size": {
        "height": 8000,
        "width": 6000
    },
    "objects": [
        {
            "id": 972021406,
            "classId": 10214731,
            "description": "",
            "geometryType": "rectangle",
            "labelerLogin": "Yalda2HITL",
            "createdAt": "2022-07-18T14:28:49.817Z",
            "updatedAt": "2022-07-18T14:28:49.817Z",
            "tags": [
                {
                    "id": 151023823,
                    "tagId": 30308107,
                    "name": "Transcription",
                    "value": "\u0623\u064a\u0627\u0645 \u0627\u0644\u062d\u062c\u0627\u0631\u0629",
                    "labelerLogin": "Yalda2HITL",
                    "createdAt": "2022-07-18T14:28:49.818Z",
                    "updatedAt": "2022-07-18T14:28:49.818Z"
                }
            ],
            "classTitle": "Title",
            "points": {
                "exterior": [
                    [
                        1919,
                        4030
                    ],
                    [
                        3917,
                        5197
                    ]
                ],
                "interior": []
            }
        },
        {
            "id": 972021405,
            "classId": 10214732,
            "description": "",
            "geometryType": "rectangle",
            "labelerLogin": "Yalda2HITL",
            "createdAt": "2022-07-18T14:28:49.817Z",
            "updatedAt": "2022-07-18T14:28:49.817Z",
            "tags": [],
            "classTitle": "Body text",
            "points": {
                "exterior": [
                    [
                        1579,
                        5613
                    ],
                    [
                        1776,
                        5746
                    ]
                ],
                "interior": []
            }
        },
        {
            "id": 972021404,
            "classId": 10214732,
            "description": "",
            "geometryType": "rectangle",
            "labelerLogin": "Yalda2HITL",
            "createdAt": "2022-07-18T14:28:49.817Z",
            "updatedAt": "2022-07-18T14:28:49.817Z",
            "tags": [],
            "classTitle": "Body text",
            "points": {
                "exterior": [
                    [
                        3581,
                        1536
                    ],
                    [
                        4376,
                        1660
                    ]
                ],
                "interior": []
            }
        },
        {
            "id": 972021407,
            "classId": 10214730,
            "description": "",
            "geometryType": "polygon",
            "labelerLogin": "Yalda2HITL",
            "createdAt": "2022-07-18T14:28:49.817Z",
            "updatedAt": "2022-07-18T14:28:49.817Z",
            "tags": [],
            "classTitle": "Page",
            "points": {
                "exterior": [
                    [
                        1318,
                        1339
                    ],
                    [
                        1358,
                        1333
                    ],
                    [
                        1652,
                        1358
                    ],
                    [
                        2271,
                        1397
                    ],
                    [
                        2993,
                        1416
                    ],
                    [
                        3380,
                        1424
                    ],
                    [
                        3753,
                        1435
                    ],
                    [
                        4225,
                        1438
                    ],
                    [
                        4480,
                        1442
                    ],
                    [
                        4570,
                        1441
                    ],
                    [
                        4625,
                        1485
                    ],
                    [
                        4645,
                        1540
                    ],
                    [
                        4637,
                        1564
                    ],
                    [
                        4645,
                        1583
                    ],
                    [
                        4645,
                        1595
                    ],
                    [
                        4634,
                        1611
                    ],
                    [
                        4634,
                        1684
                    ],
                    [
                        4638,
                        1749
                    ],
                    [
                        4634,
                        1876
                    ],
                    [
                        4596,
                        2795
                    ],
                    [
                        4570,
                        3101
                    ],
                    [
                        4589,
                        5343
                    ],
                    [
                        4597,
                        5932
                    ],
                    [
                        4590,
                        6036
                    ],
                    [
                        4557,
                        6070
                    ],
                    [
                        4445,
                        6081
                    ],
                    [
                        4309,
                        6082
                    ],
                    [
                        3761,
                        6077
                    ],
                    [
                        3506,
                        6072
                    ],
                    [
                        2701,
                        6060
                    ],
                    [
                        2025,
                        6069
                    ],
                    [
                        1575,
                        6078
                    ],
                    [
                        1530,
                        6078
                    ],
                    [
                        1481,
                        6082
                    ],
                    [
                        1452,
                        6084
                    ],
                    [
                        1369,
                        6075
                    ],
                    [
                        1336,
                        6057
                    ],
                    [
                        1307,
                        6031
                    ],
                    [
                        1291,
                        5997
                    ],
                    [
                        1269,
                        5967
                    ],
                    [
                        1273,
                        5865
                    ],
                    [
                        1284,
                        5563
                    ],
                    [
                        1298,
                        5422
                    ],
                    [
                        1309,
                        5359
                    ],
                    [
                        1306,
                        5293
                    ],
                    [
                        1304,
                        5222
                    ],
                    [
                        1309,
                        5077
                    ],
                    [
                        1298,
                        5019
                    ],
                    [
                        1309,
                        4812
                    ],
                    [
                        1327,
                        4296
                    ],
                    [
                        1327,
                        3569
                    ],
                    [
                        1315,
                        2654
                    ],
                    [
                        1311,
                        2170
                    ],
                    [
                        1311,
                        1729
                    ],
                    [
                        1309,
                        1506
                    ],
                    [
                        1313,
                        1425
                    ],
                    [
                        1313,
                        1380
                    ]
                ],
                "interior": []
            }
        }
    ]
}