{
    "description": "",
    "tags": [],
    "size": {
        "height": 4624,
        "width": 2608
    },
    "objects": [
        {
            "id": 972020073,
            "classId": 10214730,
            "description": "",
            "geometryType": "polygon",
            "labelerLogin": "Yalda2HITL",
            "createdAt": "2022-07-18T14:26:46.767Z",
            "updatedAt": "2022-07-18T14:26:46.767Z",
            "tags": [],
            "classTitle": "Page",
            "points": {
                "exterior": [
                    [
                        2162,
                        3680
                    ],
                    [
                        2184,
                        3683
                    ],
                    [
                        2207,
                        3678
                    ],
                    [
                        2220,
                        3675
                    ],
                    [
                        2226,
                        3671
                    ],
                    [
                        2226,
                        3666
                    ],
                    [
                        2225,
                        3655
                    ],
                    [
                        2225,
                        3494
                    ],
                    [
                        2227,
                        3126
                    ],
                    [
                        2231,
                        2605
                    ],
                    [
                        2240,
                        1923
                    ],
                    [
                        2255,
                        1328
                    ],
                    [
                        2257,
                        1090
                    ],
                    [
                        2259,
                        992
                    ],
                    [
                        2259,
                        976
                    ],
                    [
                        2259,
                        967
                    ],
                    [
                        2265,
                        959
                    ],
                    [
                        2265,
                        952
                    ],
                    [
                        2261,
                        947
                    ],
                    [
                        2255,
                        946
                    ],
                    [
                        2244,
                        943
                    ],
                    [
                        2231,
                        942
                    ],
                    [
                        2192,
                        941
                    ],
                    [
                        2150,
                        940
                    ],
                    [
                        2094,
                        939
                    ],
                    [
                        1969,
                        938
                    ],
                    [
                        1818,
                        938
                    ],
                    [
                        1376,
                        942
                    ],
                    [
                        1058,
                        945
                    ],
                    [
                        742,
                        945
                    ],
                    [
                        457,
                        944
                    ],
                    [
                        387,
                        944
                    ],
                    [
                        327,
                        943
                    ],
                    [
                        311,
                        944
                    ],
                    [
                        312,
                        963
                    ],
                    [
                        318,
                        1042
                    ],
                    [
                        328,
                        1172
                    ],
                    [
                        337,
                        1371
                    ],
                    [
                        344,
                        1566
                    ],
                    [
                        351,
                        1752
                    ],
                    [
                        362,
                        1984
                    ],
                    [
                        367,
                        2140
                    ],
                    [
                        369,
                        2218
                    ],
                    [
                        373,
                        2456
                    ],
                    [
                        373,
                        2563
                    ],
                    [
                        375,
                        2647
                    ],
                    [
                        376,
                        2737
                    ],
                    [
                        382,
                        2974
                    ],
                    [
                        383,
                        3104
                    ],
                    [
                        379,
                        3221
                    ],
                    [
                        377,
                        3313
                    ],
                    [
                        372,
                        3432
                    ],
                    [
                        368,
                        3545
                    ],
                    [
                        364,
                        3628
                    ],
                    [
                        362,
                        3660
                    ],
                    [
                        363,
                        3679
                    ],
                    [
                        362,
                        3694
                    ],
                    [
                        364,
                        3707
                    ],
                    [
                        367,
                        3718
                    ],
                    [
                        373,
                        3725
                    ],
                    [
                        389,
                        3726
                    ],
                    [
                        414,
                        3723
                    ],
                    [
                        467,
                        3720
                    ],
                    [
                        545,
                        3712
                    ],
                    [
                        653,
                        3705
                    ],
                    [
                        893,
                        3699
                    ],
                    [
                        1120,
                        3696
                    ],
                    [
                        1271,
                        3695
                    ],
                    [
                        1531,
                        3694
                    ]
                ],
                "interior": []
            }
        },
        {
            "id": 972020075,
            "classId": 10214731,
            "description": "",
            "geometryType": "rectangle",
            "labelerLogin": "Yalda2HITL",
            "createdAt": "2022-07-18T14:26:46.767Z",
            "updatedAt": "2022-07-18T14:26:46.767Z",
            "tags": [
                {
                    "id": 151023635,
                    "tagId": 30308107,
                    "name": "Transcription",
                    "value": "\u0647\u064e\u0630\u064e\u0627 \u062d\u064e\u0628\u0650\u064a\u0628\u064a",
                    "labelerLogin": "Yalda2HITL",
                    "createdAt": "2022-07-18T14:26:46.767Z",
                    "updatedAt": "2022-07-18T14:26:46.767Z"
                }
            ],
            "classTitle": "Title",
            "points": {
                "exterior": [
                    [
                        678,
                        1378
                    ],
                    [
                        1806,
                        1901
                    ]
                ],
                "interior": []
            }
        },
        {
            "id": 972020063,
            "classId": 10214732,
            "description": "",
            "geometryType": "rectangle",
            "labelerLogin": "Yalda2HITL",
            "createdAt": "2022-07-18T14:26:46.767Z",
            "updatedAt": "2022-07-18T14:26:46.767Z",
            "tags": [],
            "classTitle": "Body text",
            "points": {
                "exterior": [
                    [
                        1313,
                        1120
                    ],
                    [
                        2069,
                        1317
                    ]
                ],
                "interior": []
            }
        },
        {
            "id": 972020064,
            "classId": 10214732,
            "description": "",
            "geometryType": "rectangle",
            "labelerLogin": "Yalda2HITL",
            "createdAt": "2022-07-18T14:26:46.767Z",
            "updatedAt": "2022-07-18T14:26:46.767Z",
            "tags": [],
            "classTitle": "Body text",
            "points": {
                "exterior": [
                    [
                        1153,
                        1880
                    ],
                    [
                        1886,
                        2211
                    ]
                ],
                "interior": []
            }
        },
        {
            "id": 972020077,
            "classId": 10214732,
            "description": "",
            "geometryType": "rectangle",
            "labelerLogin": "Yalda2HITL",
            "createdAt": "2022-07-18T14:26:46.767Z",
            "updatedAt": "2022-07-18T14:26:46.767Z",
            "tags": [],
            "classTitle": "Body text",
            "points": {
                "exterior": [
                    [
                        957,
                        2203
                    ],
                    [
                        1582,
                        2347
                    ]
                ],
                "interior": []
            }
        },
        {
            "id": 972020076,
            "classId": 10214732,
            "description": "",
            "geometryType": "rectangle",
            "labelerLogin": "Yalda2HITL",
            "createdAt": "2022-07-18T14:26:46.767Z",
            "updatedAt": "2022-07-18T14:26:46.767Z",
            "tags": [],
            "classTitle": "Body text",
            "points": {
                "exterior": [
                    [
                        605,
                        2318
                    ],
                    [
                        947,
                        2447
                    ]
                ],
                "interior": []
            }
        },
        {
            "id": 972020074,
            "classId": 10214732,
            "description": "",
            "geometryType": "rectangle",
            "labelerLogin": "Yalda2HITL",
            "createdAt": "2022-07-18T14:26:46.767Z",
            "updatedAt": "2022-07-18T14:26:46.767Z",
            "tags": [],
            "classTitle": "Body text",
            "points": {
                "exterior": [
                    [
                        493,
                        3376
                    ],
                    [
                        1056,
                        3534
                    ]
                ],
                "interior": []
            }
        }
    ]
}