{
    "description": "",
    "tags": [],
    "size": {
        "height": 4624,
        "width": 2608
    },
    "objects": [
        {
            "id": 972020066,
            "classId": 10214730,
            "description": "",
            "geometryType": "polygon",
            "labelerLogin": "Yalda2HITL",
            "createdAt": "2022-07-18T14:26:46.767Z",
            "updatedAt": "2022-07-18T14:26:46.767Z",
            "tags": [],
            "classTitle": "Page",
            "points": {
                "exterior": [
                    [
                        2132,
                        3689
                    ],
                    [
                        2171,
                        3687
                    ],
                    [
                        2181,
                        3687
                    ],
                    [
                        2185,
                        3694
                    ],
                    [
                        2194,
                        3696
                    ],
                    [
                        2212,
                        3693
                    ],
                    [
                        2236,
                        3688
                    ],
                    [
                        2247,
                        3685
                    ],
                    [
                        2255,
                        3676
                    ],
                    [
                        2258,
                        3663
                    ],
                    [
                        2261,
                        3645
                    ],
                    [
                        2262,
                        3632
                    ],
                    [
                        2265,
                        3444
                    ],
                    [
                        2279,
                        3120
                    ],
                    [
                        2288,
                        2800
                    ],
                    [
                        2298,
                        2485
                    ],
                    [
                        2315,
                        2081
                    ],
                    [
                        2334,
                        1684
                    ],
                    [
                        2345,
                        1432
                    ],
                    [
                        2355,
                        1156
                    ],
                    [
                        2362,
                        1019
                    ],
                    [
                        2362,
                        1009
                    ],
                    [
                        2365,
                        999
                    ],
                    [
                        2366,
                        985
                    ],
                    [
                        2364,
                        972
                    ],
                    [
                        2360,
                        961
                    ],
                    [
                        2356,
                        951
                    ],
                    [
                        2350,
                        942
                    ],
                    [
                        2315,
                        943
                    ],
                    [
                        2123,
                        943
                    ],
                    [
                        1490,
                        934
                    ],
                    [
                        891,
                        923
                    ],
                    [
                        489,
                        915
                    ],
                    [
                        414,
                        914
                    ],
                    [
                        393,
                        915
                    ],
                    [
                        362,
                        915
                    ],
                    [
                        343,
                        915
                    ],
                    [
                        337,
                        917
                    ],
                    [
                        330,
                        918
                    ],
                    [
                        323,
                        918
                    ],
                    [
                        319,
                        920
                    ],
                    [
                        317,
                        980
                    ],
                    [
                        315,
                        1401
                    ],
                    [
                        320,
                        1818
                    ],
                    [
                        326,
                        2177
                    ],
                    [
                        325,
                        2601
                    ],
                    [
                        326,
                        2915
                    ],
                    [
                        323,
                        3185
                    ],
                    [
                        323,
                        3435
                    ],
                    [
                        324,
                        3565
                    ],
                    [
                        324,
                        3578
                    ],
                    [
                        324,
                        3592
                    ],
                    [
                        326,
                        3603
                    ],
                    [
                        326,
                        3612
                    ],
                    [
                        326,
                        3619
                    ],
                    [
                        326,
                        3630
                    ],
                    [
                        325,
                        3639
                    ],
                    [
                        322,
                        3645
                    ],
                    [
                        325,
                        3650
                    ],
                    [
                        335,
                        3652
                    ],
                    [
                        346,
                        3652
                    ],
                    [
                        396,
                        3652
                    ],
                    [
                        423,
                        3651
                    ],
                    [
                        441,
                        3653
                    ],
                    [
                        464,
                        3653
                    ],
                    [
                        1039,
                        3663
                    ],
                    [
                        1060,
                        3663
                    ],
                    [
                        1074,
                        3663
                    ]
                ],
                "interior": []
            }
        },
        {
            "id": 972020067,
            "classId": 10214731,
            "description": "",
            "geometryType": "rectangle",
            "labelerLogin": "Yalda2HITL",
            "createdAt": "2022-07-18T14:26:46.767Z",
            "updatedAt": "2022-07-18T14:26:46.767Z",
            "tags": [
                {
                    "id": 151023634,
                    "tagId": 30308107,
                    "name": "Transcription",
                    "value": "\u0645\u0639\u062c\u064e\u0645",
                    "labelerLogin": "Yalda2HITL",
                    "createdAt": "2022-07-18T14:26:46.767Z",
                    "updatedAt": "2022-07-18T14:26:46.767Z"
                }
            ],
            "classTitle": "Title",
            "points": {
                "exterior": [
                    [
                        917,
                        1061
                    ],
                    [
                        1458,
                        1244
                    ]
                ],
                "interior": []
            }
        },
        {
            "id": 972020096,
            "classId": 10214731,
            "description": "",
            "geometryType": "rectangle",
            "labelerLogin": "Yalda2HITL",
            "createdAt": "2022-07-18T14:26:46.767Z",
            "updatedAt": "2022-07-18T14:26:46.767Z",
            "tags": [
                {
                    "id": 151023646,
                    "tagId": 30308107,
                    "name": "Transcription",
                    "value": "\u0627\u0644\u0623\u0639\u0634\u0627\u0628 \u0648\u0627\u0644\u0646\u0651\u0628\u0627\u062a\u0627\u062a",
                    "labelerLogin": "Yalda2HITL",
                    "createdAt": "2022-07-18T14:26:46.767Z",
                    "updatedAt": "2022-07-18T14:26:46.767Z"
                }
            ],
            "classTitle": "Title",
            "points": {
                "exterior": [
                    [
                        552,
                        1239
                    ],
                    [
                        1837,
                        1468
                    ]
                ],
                "interior": []
            }
        },
        {
            "id": 972020097,
            "classId": 10214731,
            "description": "",
            "geometryType": "rectangle",
            "labelerLogin": "Yalda2HITL",
            "createdAt": "2022-07-18T14:26:46.767Z",
            "updatedAt": "2022-07-18T14:26:46.767Z",
            "tags": [
                {
                    "id": 151023647,
                    "tagId": 30308107,
                    "name": "Transcription",
                    "value": "\u0627\u0644\u0637\u0628\u064a\u0651\u0629",
                    "labelerLogin": "Yalda2HITL",
                    "createdAt": "2022-07-18T14:26:46.767Z",
                    "updatedAt": "2022-07-18T14:26:46.767Z"
                }
            ],
            "classTitle": "Title",
            "points": {
                "exterior": [
                    [
                        861,
                        1475
                    ],
                    [
                        1521,
                        1685
                    ]
                ],
                "interior": []
            }
        },
        {
            "id": 972020072,
            "classId": 10214732,
            "description": "",
            "geometryType": "rectangle",
            "labelerLogin": "Yalda2HITL",
            "createdAt": "2022-07-18T14:26:46.767Z",
            "updatedAt": "2022-07-18T14:26:46.767Z",
            "tags": [],
            "classTitle": "Body text",
            "points": {
                "exterior": [
                    [
                        1646,
                        3387
                    ],
                    [
                        1755,
                        3458
                    ]
                ],
                "interior": []
            }
        },
        {
            "id": 972020071,
            "classId": 10214732,
            "description": "",
            "geometryType": "rectangle",
            "labelerLogin": "Yalda2HITL",
            "createdAt": "2022-07-18T14:26:46.767Z",
            "updatedAt": "2022-07-18T14:26:46.767Z",
            "tags": [],
            "classTitle": "Body text",
            "points": {
                "exterior": [
                    [
                        1468,
                        3470
                    ],
                    [
                        1938,
                        3570
                    ]
                ],
                "interior": []
            }
        },
        {
            "id": 972020069,
            "classId": 10214732,
            "description": "",
            "geometryType": "rectangle",
            "labelerLogin": "Yalda2HITL",
            "createdAt": "2022-07-18T14:26:46.767Z",
            "updatedAt": "2022-07-18T14:26:46.767Z",
            "tags": [],
            "classTitle": "Body text",
            "points": {
                "exterior": [
                    [
                        678,
                        3358
                    ],
                    [
                        767,
                        3449
                    ]
                ],
                "interior": []
            }
        },
        {
            "id": 972020070,
            "classId": 10214732,
            "description": "",
            "geometryType": "rectangle",
            "labelerLogin": "Yalda2HITL",
            "createdAt": "2022-07-18T14:26:46.767Z",
            "updatedAt": "2022-07-18T14:26:46.767Z",
            "tags": [],
            "classTitle": "Body text",
            "points": {
                "exterior": [
                    [
                        544,
                        3364
                    ],
                    [
                        628,
                        3440
                    ]
                ],
                "interior": []
            }
        },
        {
            "id": 972020068,
            "classId": 10214732,
            "description": "",
            "geometryType": "rectangle",
            "labelerLogin": "Yalda2HITL",
            "createdAt": "2022-07-18T14:26:46.767Z",
            "updatedAt": "2022-07-18T14:26:46.767Z",
            "tags": [],
            "classTitle": "Body text",
            "points": {
                "exterior": [
                    [
                        465,
                        3467
                    ],
                    [
                        839,
                        3543
                    ]
                ],
                "interior": []
            }
        },
        {
            "id": 972020056,
            "classId": 10214732,
            "description": "",
            "geometryType": "rectangle",
            "labelerLogin": "Yalda2HITL",
            "createdAt": "2022-07-18T14:26:46.767Z",
            "updatedAt": "2022-07-18T14:26:46.767Z",
            "tags": [],
            "classTitle": "Body text",
            "points": {
                "exterior": [
                    [
                        459,
                        3550
                    ],
                    [
                        851,
                        3590
                    ]
                ],
                "interior": []
            }
        },
        {
            "id": 972020065,
            "classId": 10214732,
            "description": "",
            "geometryType": "rectangle",
            "labelerLogin": "Yalda2HITL",
            "createdAt": "2022-07-18T14:26:46.767Z",
            "updatedAt": "2022-07-18T14:26:46.767Z",
            "tags": [],
            "classTitle": "Body text",
            "points": {
                "exterior": [
                    [
                        569,
                        3598
                    ],
                    [
                        739,
                        3627
                    ]
                ],
                "interior": []
            }
        }
    ]
}