{
    "description": "",
    "tags": [],
    "size": {
        "height": 4624,
        "width": 2608
    },
    "objects": [
        {
            "id": 972020037,
            "classId": 10214730,
            "description": "",
            "geometryType": "polygon",
            "labelerLogin": "Yalda2HITL",
            "createdAt": "2022-07-18T14:26:46.767Z",
            "updatedAt": "2022-07-18T14:26:46.767Z",
            "tags": [],
            "classTitle": "Page",
            "points": {
                "exterior": [
                    [
                        2284,
                        3440
                    ],
                    [
                        2306,
                        3437
                    ],
                    [
                        2322,
                        3427
                    ],
                    [
                        2333,
                        3423
                    ],
                    [
                        2339,
                        3418
                    ],
                    [
                        2338,
                        3391
                    ],
                    [
                        2346,
                        3112
                    ],
                    [
                        2362,
                        2819
                    ],
                    [
                        2378,
                        2377
                    ],
                    [
                        2420,
                        1561
                    ],
                    [
                        2446,
                        1046
                    ],
                    [
                        2461,
                        660
                    ],
                    [
                        2465,
                        631
                    ],
                    [
                        2465,
                        611
                    ],
                    [
                        2465,
                        602
                    ],
                    [
                        2465,
                        594
                    ],
                    [
                        2468,
                        582
                    ],
                    [
                        2468,
                        573
                    ],
                    [
                        2472,
                        564
                    ],
                    [
                        2473,
                        552
                    ],
                    [
                        2465,
                        544
                    ],
                    [
                        2451,
                        540
                    ],
                    [
                        2430,
                        536
                    ],
                    [
                        2399,
                        536
                    ],
                    [
                        2205,
                        545
                    ],
                    [
                        1489,
                        555
                    ],
                    [
                        830,
                        557
                    ],
                    [
                        589,
                        555
                    ],
                    [
                        395,
                        558
                    ],
                    [
                        327,
                        559
                    ],
                    [
                        303,
                        558
                    ],
                    [
                        278,
                        557
                    ],
                    [
                        273,
                        566
                    ],
                    [
                        263,
                        579
                    ],
                    [
                        242,
                        596
                    ],
                    [
                        233,
                        605
                    ],
                    [
                        226,
                        613
                    ],
                    [
                        224,
                        623
                    ],
                    [
                        231,
                        631
                    ],
                    [
                        231,
                        651
                    ],
                    [
                        229,
                        679
                    ],
                    [
                        229,
                        702
                    ],
                    [
                        238,
                        722
                    ],
                    [
                        247,
                        733
                    ],
                    [
                        243,
                        752
                    ],
                    [
                        243,
                        779
                    ],
                    [
                        241,
                        807
                    ],
                    [
                        244,
                        843
                    ],
                    [
                        254,
                        958
                    ],
                    [
                        278,
                        1240
                    ],
                    [
                        297,
                        1506
                    ],
                    [
                        322,
                        1742
                    ],
                    [
                        330,
                        1914
                    ],
                    [
                        346,
                        2108
                    ],
                    [
                        355,
                        2221
                    ],
                    [
                        362,
                        2253
                    ],
                    [
                        363,
                        2281
                    ],
                    [
                        363,
                        2323
                    ],
                    [
                        362,
                        2377
                    ],
                    [
                        376,
                        2699
                    ],
                    [
                        385,
                        2967
                    ],
                    [
                        393,
                        3208
                    ],
                    [
                        394,
                        3403
                    ],
                    [
                        395,
                        3441
                    ],
                    [
                        395,
                        3466
                    ],
                    [
                        396,
                        3485
                    ],
                    [
                        396,
                        3499
                    ],
                    [
                        395,
                        3519
                    ],
                    [
                        394,
                        3537
                    ],
                    [
                        394,
                        3555
                    ],
                    [
                        397,
                        3568
                    ],
                    [
                        405,
                        3573
                    ],
                    [
                        418,
                        3581
                    ],
                    [
                        436,
                        3589
                    ],
                    [
                        457,
                        3595
                    ],
                    [
                        467,
                        3597
                    ],
                    [
                        478,
                        3600
                    ],
                    [
                        493,
                        3603
                    ],
                    [
                        511,
                        3605
                    ],
                    [
                        525,
                        3606
                    ],
                    [
                        561,
                        3603
                    ],
                    [
                        582,
                        3601
                    ],
                    [
                        669,
                        3592
                    ],
                    [
                        931,
                        3567
                    ],
                    [
                        984,
                        3558
                    ],
                    [
                        1035,
                        3553
                    ],
                    [
                        1096,
                        3544
                    ],
                    [
                        1158,
                        3535
                    ],
                    [
                        1272,
                        3521
                    ],
                    [
                        2025,
                        3463
                    ]
                ],
                "interior": []
            }
        },
        {
            "id": 972020042,
            "classId": 10214731,
            "description": "",
            "geometryType": "rectangle",
            "labelerLogin": "Yalda2HITL",
            "createdAt": "2022-07-18T14:26:46.767Z",
            "updatedAt": "2022-07-18T14:26:46.767Z",
            "tags": [
                {
                    "id": 151023629,
                    "tagId": 30308107,
                    "name": "Transcription",
                    "value": "\u0623\u0635\u0648\u0644",
                    "labelerLogin": "Yalda2HITL",
                    "createdAt": "2022-07-18T14:26:46.767Z",
                    "updatedAt": "2022-07-18T14:26:46.767Z"
                }
            ],
            "classTitle": "Title",
            "points": {
                "exterior": [
                    [
                        1077,
                        835
                    ],
                    [
                        1590,
                        1081
                    ]
                ],
                "interior": []
            }
        },
        {
            "id": 972020043,
            "classId": 10214731,
            "description": "",
            "geometryType": "rectangle",
            "labelerLogin": "Yalda2HITL",
            "createdAt": "2022-07-18T14:26:46.767Z",
            "updatedAt": "2022-07-18T14:26:46.767Z",
            "tags": [
                {
                    "id": 151023630,
                    "tagId": 30308107,
                    "name": "Transcription",
                    "value": "\u0627\u0644\u0645\u062d\u0627\u0643\u0645\u0627\u062a \u0627\u0644\u0645\u062f\u0646\u064a\u0629",
                    "labelerLogin": "Yalda2HITL",
                    "createdAt": "2022-07-18T14:26:46.767Z",
                    "updatedAt": "2022-07-18T14:26:46.767Z"
                }
            ],
            "classTitle": "Title",
            "points": {
                "exterior": [
                    [
                        604,
                        1158
                    ],
                    [
                        2061,
                        1362
                    ]
                ],
                "interior": []
            }
        },
        {
            "id": 972020041,
            "classId": 10214732,
            "description": "",
            "geometryType": "rectangle",
            "labelerLogin": "Yalda2HITL",
            "createdAt": "2022-07-18T14:26:46.767Z",
            "updatedAt": "2022-07-18T14:26:46.767Z",
            "tags": [],
            "classTitle": "Body text",
            "points": {
                "exterior": [
                    [
                        1170,
                        1961
                    ],
                    [
                        1535,
                        2042
                    ]
                ],
                "interior": []
            }
        },
        {
            "id": 972020036,
            "classId": 10214732,
            "description": "",
            "geometryType": "rectangle",
            "labelerLogin": "Yalda2HITL",
            "createdAt": "2022-07-18T14:26:46.767Z",
            "updatedAt": "2022-07-18T14:26:46.767Z",
            "tags": [],
            "classTitle": "Body text",
            "points": {
                "exterior": [
                    [
                        1130,
                        2112
                    ],
                    [
                        1576,
                        2213
                    ]
                ],
                "interior": []
            }
        },
        {
            "id": 972020040,
            "classId": 10214732,
            "description": "",
            "geometryType": "rectangle",
            "labelerLogin": "Yalda2HITL",
            "createdAt": "2022-07-18T14:26:46.767Z",
            "updatedAt": "2022-07-18T14:26:46.767Z",
            "tags": [],
            "classTitle": "Body text",
            "points": {
                "exterior": [
                    [
                        1167,
                        2273
                    ],
                    [
                        1540,
                        2343
                    ]
                ],
                "interior": []
            }
        },
        {
            "id": 972020039,
            "classId": 10214732,
            "description": "",
            "geometryType": "rectangle",
            "labelerLogin": "Yalda2HITL",
            "createdAt": "2022-07-18T14:26:46.767Z",
            "updatedAt": "2022-07-18T14:26:46.767Z",
            "tags": [],
            "classTitle": "Body text",
            "points": {
                "exterior": [
                    [
                        1019,
                        3079
                    ],
                    [
                        1681,
                        3180
                    ]
                ],
                "interior": []
            }
        },
        {
            "id": 972020038,
            "classId": 10214732,
            "description": "",
            "geometryType": "rectangle",
            "labelerLogin": "Yalda2HITL",
            "createdAt": "2022-07-18T14:26:46.767Z",
            "updatedAt": "2022-07-18T14:26:46.767Z",
            "tags": [],
            "classTitle": "Body text",
            "points": {
                "exterior": [
                    [
                        1284,
                        3225
                    ],
                    [
                        1426,
                        3300
                    ]
                ],
                "interior": []
            }
        }
    ]
}