{
    "description": "",
    "tags": [],
    "size": {
        "height": 4624,
        "width": 2608
    },
    "objects": [
        {
            "id": 972020052,
            "classId": 10214730,
            "description": "",
            "geometryType": "polygon",
            "labelerLogin": "Yalda2HITL",
            "createdAt": "2022-07-18T14:26:46.767Z",
            "updatedAt": "2022-07-18T14:26:46.767Z",
            "tags": [],
            "classTitle": "Page",
            "points": {
                "exterior": [
                    [
                        2393,
                        3887
                    ],
                    [
                        2421,
                        3885
                    ],
                    [
                        2436,
                        3880
                    ],
                    [
                        2444,
                        3869
                    ],
                    [
                        2444,
                        3855
                    ],
                    [
                        2443,
                        3831
                    ],
                    [
                        2435,
                        3630
                    ],
                    [
                        2414,
                        3160
                    ],
                    [
                        2383,
                        2541
                    ],
                    [
                        2376,
                        2450
                    ],
                    [
                        2350,
                        1836
                    ],
                    [
                        2334,
                        1383
                    ],
                    [
                        2321,
                        1045
                    ],
                    [
                        2314,
                        913
                    ],
                    [
                        2312,
                        891
                    ],
                    [
                        2312,
                        882
                    ],
                    [
                        2308,
                        868
                    ],
                    [
                        2308,
                        860
                    ],
                    [
                        2311,
                        848
                    ],
                    [
                        2315,
                        840
                    ],
                    [
                        2317,
                        832
                    ],
                    [
                        2317,
                        826
                    ],
                    [
                        2302,
                        826
                    ],
                    [
                        2279,
                        828
                    ],
                    [
                        2265,
                        830
                    ],
                    [
                        2233,
                        831
                    ],
                    [
                        2014,
                        841
                    ],
                    [
                        1673,
                        852
                    ],
                    [
                        1472,
                        853
                    ],
                    [
                        1137,
                        854
                    ],
                    [
                        742,
                        850
                    ],
                    [
                        459,
                        845
                    ],
                    [
                        255,
                        842
                    ],
                    [
                        197,
                        841
                    ],
                    [
                        184,
                        840
                    ],
                    [
                        176,
                        840
                    ],
                    [
                        169,
                        839
                    ],
                    [
                        164,
                        842
                    ],
                    [
                        160,
                        846
                    ],
                    [
                        159,
                        854
                    ],
                    [
                        160,
                        862
                    ],
                    [
                        178,
                        1188
                    ],
                    [
                        193,
                        1475
                    ],
                    [
                        208,
                        1716
                    ],
                    [
                        222,
                        1944
                    ],
                    [
                        239,
                        2284
                    ],
                    [
                        252,
                        2631
                    ],
                    [
                        255,
                        3078
                    ],
                    [
                        248,
                        3360
                    ],
                    [
                        240,
                        3484
                    ],
                    [
                        236,
                        3558
                    ],
                    [
                        229,
                        3649
                    ],
                    [
                        219,
                        3730
                    ],
                    [
                        211,
                        3806
                    ],
                    [
                        208,
                        3840
                    ],
                    [
                        208,
                        3854
                    ],
                    [
                        208,
                        3869
                    ],
                    [
                        213,
                        3883
                    ],
                    [
                        219,
                        3887
                    ],
                    [
                        228,
                        3892
                    ],
                    [
                        252,
                        3894
                    ],
                    [
                        262,
                        3893
                    ],
                    [
                        283,
                        3892
                    ],
                    [
                        303,
                        3890
                    ],
                    [
                        349,
                        3890
                    ],
                    [
                        361,
                        3888
                    ],
                    [
                        411,
                        3888
                    ],
                    [
                        424,
                        3886
                    ],
                    [
                        434,
                        3885
                    ],
                    [
                        548,
                        3883
                    ],
                    [
                        648,
                        3880
                    ],
                    [
                        1047,
                        3881
                    ],
                    [
                        1293,
                        3885
                    ],
                    [
                        1577,
                        3888
                    ]
                ],
                "interior": []
            }
        },
        {
            "id": 972020055,
            "classId": 10214731,
            "description": "",
            "geometryType": "rectangle",
            "labelerLogin": "Yalda2HITL",
            "createdAt": "2022-07-18T14:26:46.767Z",
            "updatedAt": "2022-07-18T14:26:46.767Z",
            "tags": [
                {
                    "id": 151023632,
                    "tagId": 30308107,
                    "name": "Transcription",
                    "value": "\u0627\u0644\u0627\u0646\u062a\u0634\u0627\u0631 \u0627\u0644\u0641\u064a\u0646\u064a\u0642\u064a",
                    "labelerLogin": "Yalda2HITL",
                    "createdAt": "2022-07-18T14:26:46.767Z",
                    "updatedAt": "2022-07-18T14:26:46.767Z"
                }
            ],
            "classTitle": "Title",
            "points": {
                "exterior": [
                    [
                        621,
                        1177
                    ],
                    [
                        1982,
                        1460
                    ]
                ],
                "interior": []
            }
        },
        {
            "id": 972020095,
            "classId": 10214731,
            "description": "",
            "geometryType": "rectangle",
            "labelerLogin": "Yalda2HITL",
            "createdAt": "2022-07-18T14:26:46.767Z",
            "updatedAt": "2022-07-18T14:26:46.767Z",
            "tags": [
                {
                    "id": 151023645,
                    "tagId": 30308107,
                    "name": "Transcription",
                    "value": "\u0641\u064a \u0627\u0644\u0639\u0627\u0644\u0645",
                    "labelerLogin": "Yalda2HITL",
                    "createdAt": "2022-07-18T14:26:46.767Z",
                    "updatedAt": "2022-07-18T14:26:46.767Z"
                }
            ],
            "classTitle": "Title",
            "points": {
                "exterior": [
                    [
                        856,
                        1478
                    ],
                    [
                        1720,
                        1748
                    ]
                ],
                "interior": []
            }
        },
        {
            "id": 972020054,
            "classId": 10214732,
            "description": "",
            "geometryType": "rectangle",
            "labelerLogin": "Yalda2HITL",
            "createdAt": "2022-07-18T14:26:46.767Z",
            "updatedAt": "2022-07-18T14:26:46.767Z",
            "tags": [],
            "classTitle": "Body text",
            "points": {
                "exterior": [
                    [
                        1312,
                        965
                    ],
                    [
                        2215,
                        1058
                    ]
                ],
                "interior": []
            }
        },
        {
            "id": 972020053,
            "classId": 10214732,
            "description": "",
            "geometryType": "rectangle",
            "labelerLogin": "Yalda2HITL",
            "createdAt": "2022-07-18T14:26:46.767Z",
            "updatedAt": "2022-07-18T14:26:46.767Z",
            "tags": [],
            "classTitle": "Body text",
            "points": {
                "exterior": [
                    [
                        1146,
                        3528
                    ],
                    [
                        1453,
                        3626
                    ]
                ],
                "interior": []
            }
        }
    ]
}