{
    "description": "",
    "tags": [],
    "size": {
        "height": 960,
        "width": 720
    },
    "objects": [
        {
            "id": 972022021,
            "classId": 10214732,
            "description": "",
            "geometryType": "rectangle",
            "labelerLogin": "Yalda2HITL",
            "createdAt": "2022-07-18T14:29:12.480Z",
            "updatedAt": "2022-07-18T14:29:12.480Z",
            "tags": [],
            "classTitle": "Body text",
            "points": {
                "exterior": [
                    [
                        327,
                        88
                    ],
                    [
                        366,
                        129
                    ]
                ],
                "interior": []
            }
        },
        {
            "id": 972022024,
            "classId": 10214732,
            "description": "",
            "geometryType": "rectangle",
            "labelerLogin": "Yalda2HITL",
            "createdAt": "2022-07-18T14:29:12.480Z",
            "updatedAt": "2022-07-18T14:29:12.480Z",
            "tags": [],
            "classTitle": "Body text",
            "points": {
                "exterior": [
                    [
                        239,
                        148
                    ],
                    [
                        480,
                        196
                    ]
                ],
                "interior": []
            }
        },
        {
            "id": 972021984,
            "classId": 10214731,
            "description": "",
            "geometryType": "rectangle",
            "labelerLogin": "Yalda2HITL",
            "createdAt": "2022-07-18T14:29:12.480Z",
            "updatedAt": "2022-07-18T14:29:12.480Z",
            "tags": [
                {
                    "id": 151023934,
                    "tagId": 30308107,
                    "name": "Transcription",
                    "value": "\u0633\u0646\u0627\u0646 \u062d\u0633\u0651\u0627\u0646\u064a",
                    "labelerLogin": "Yalda2HITL",
                    "createdAt": "2022-07-18T14:29:12.480Z",
                    "updatedAt": "2022-07-18T14:29:12.480Z"
                }
            ],
            "classTitle": "Title",
            "points": {
                "exterior": [
                    [
                        194,
                        203
                    ],
                    [
                        522,
                        272
                    ]
                ],
                "interior": []
            }
        },
        {
            "id": 972021981,
            "classId": 10214732,
            "description": "",
            "geometryType": "rectangle",
            "labelerLogin": "Yalda2HITL",
            "createdAt": "2022-07-18T14:29:12.480Z",
            "updatedAt": "2022-07-18T14:29:12.480Z",
            "tags": [],
            "classTitle": "Body text",
            "points": {
                "exterior": [
                    [
                        249,
                        273
                    ],
                    [
                        465,
                        316
                    ]
                ],
                "interior": []
            }
        },
        {
            "id": 972021995,
            "classId": 10214732,
            "description": "",
            "geometryType": "rectangle",
            "labelerLogin": "Yalda2HITL",
            "createdAt": "2022-07-18T14:29:12.480Z",
            "updatedAt": "2022-07-18T14:29:12.480Z",
            "tags": [],
            "classTitle": "Body text",
            "points": {
                "exterior": [
                    [
                        183,
                        318
                    ],
                    [
                        534,
                        361
                    ]
                ],
                "interior": []
            }
        },
        {
            "id": 972022025,
            "classId": 10214732,
            "description": "",
            "geometryType": "rectangle",
            "labelerLogin": "Yalda2HITL",
            "createdAt": "2022-07-18T14:29:12.480Z",
            "updatedAt": "2022-07-18T14:29:12.480Z",
            "tags": [],
            "classTitle": "Body text",
            "points": {
                "exterior": [
                    [
                        208,
                        752
                    ],
                    [
                        244,
                        770
                    ]
                ],
                "interior": []
            }
        },
        {
            "id": 972021980,
            "classId": 10214732,
            "description": "",
            "geometryType": "rectangle",
            "labelerLogin": "Yalda2HITL",
            "createdAt": "2022-07-18T14:29:12.480Z",
            "updatedAt": "2022-07-18T14:29:12.480Z",
            "tags": [],
            "classTitle": "Body text",
            "points": {
                "exterior": [
                    [
                        419,
                        767
                    ],
                    [
                        471,
                        798
                    ]
                ],
                "interior": []
            }
        },
        {
            "id": 972021982,
            "classId": 10214730,
            "description": "",
            "geometryType": "polygon",
            "labelerLogin": "Yalda2HITL",
            "createdAt": "2022-07-18T14:29:12.480Z",
            "updatedAt": "2022-07-18T14:29:12.480Z",
            "tags": [],
            "classTitle": "Page",
            "points": {
                "exterior": [
                    [
                        656,
                        19
                    ],
                    [
                        561,
                        25
                    ],
                    [
                        336,
                        40
                    ],
                    [
                        145,
                        45
                    ],
                    [
                        88,
                        46
                    ],
                    [
                        88,
                        208
                    ],
                    [
                        87,
                        646
                    ],
                    [
                        82,
                        817
                    ],
                    [
                        204,
                        819
                    ],
                    [
                        335,
                        834
                    ],
                    [
                        515,
                        861
                    ],
                    [
                        585,
                        873
                    ],
                    [
                        597,
                        790
                    ],
                    [
                        627,
                        429
                    ],
                    [
                        643,
                        228
                    ],
                    [
                        659,
                        48
                    ],
                    [
                        660,
                        26
                    ]
                ],
                "interior": []
            }
        }
    ]
}