{
    "description": "",
    "tags": [],
    "size": {
        "height": 960,
        "width": 720
    },
    "objects": [
        {
            "id": 972022028,
            "classId": 10214731,
            "description": "",
            "geometryType": "rectangle",
            "labelerLogin": "Yalda2HITL",
            "createdAt": "2022-07-18T14:29:12.480Z",
            "updatedAt": "2022-07-18T14:29:12.480Z",
            "tags": [
                {
                    "id": 151023945,
                    "tagId": 30308107,
                    "name": "Transcription",
                    "value": "\u0639\u0642\u0650\u064a\u062f\u064e\u0629\u064f",
                    "labelerLogin": "Yalda2HITL",
                    "createdAt": "2022-07-18T14:29:12.480Z",
                    "updatedAt": "2022-07-18T14:29:12.480Z"
                }
            ],
            "classTitle": "Title",
            "points": {
                "exterior": [
                    [
                        299,
                        190
                    ],
                    [
                        424,
                        291
                    ]
                ],
                "interior": []
            }
        },
        {
            "id": 972021957,
            "classId": 10214731,
            "description": "",
            "geometryType": "rectangle",
            "labelerLogin": "Yalda2HITL",
            "createdAt": "2022-07-18T14:29:12.480Z",
            "updatedAt": "2022-07-18T14:29:12.480Z",
            "tags": [
                {
                    "id": 151023931,
                    "tagId": 30308107,
                    "name": "Transcription",
                    "value": "\u0627\u0644\u062d\u0627\u0641\u0650\u0638 \u0639\u064e\u0628\u062f\u0627\u0644\u063a\u064e\u0646\u064a\u0651",
                    "labelerLogin": "Yalda2HITL",
                    "createdAt": "2022-07-18T14:29:12.480Z",
                    "updatedAt": "2022-07-18T14:29:12.480Z"
                }
            ],
            "classTitle": "Title",
            "points": {
                "exterior": [
                    [
                        207,
                        296
                    ],
                    [
                        509,
                        420
                    ]
                ],
                "interior": []
            }
        },
        {
            "id": 972022013,
            "classId": 10214731,
            "description": "",
            "geometryType": "rectangle",
            "labelerLogin": "Yalda2HITL",
            "createdAt": "2022-07-18T14:29:12.480Z",
            "updatedAt": "2022-07-18T14:29:12.480Z",
            "tags": [
                {
                    "id": 151023943,
                    "tagId": 30308107,
                    "name": "Transcription",
                    "value": "\u0627\u0644\u0645\u0642\u062f\u0650\u0633\u0650\u064a\u0652 \u0627\u0644\u062d\u064e\u0646\u0628\u064e\u0644\u064a\u0651",
                    "labelerLogin": "Yalda2HITL",
                    "createdAt": "2022-07-18T14:29:12.480Z",
                    "updatedAt": "2022-07-18T14:29:12.480Z"
                }
            ],
            "classTitle": "Title",
            "points": {
                "exterior": [
                    [
                        226,
                        423
                    ],
                    [
                        485,
                        491
                    ]
                ],
                "interior": []
            }
        },
        {
            "id": 972022022,
            "classId": 10214732,
            "description": "",
            "geometryType": "rectangle",
            "labelerLogin": "Yalda2HITL",
            "createdAt": "2022-07-18T14:29:12.480Z",
            "updatedAt": "2022-07-18T14:29:12.480Z",
            "tags": [],
            "classTitle": "Body text",
            "points": {
                "exterior": [
                    [
                        291,
                        501
                    ],
                    [
                        430,
                        539
                    ]
                ],
                "interior": []
            }
        },
        {
            "id": 972021994,
            "classId": 10214732,
            "description": "",
            "geometryType": "rectangle",
            "labelerLogin": "Yalda2HITL",
            "createdAt": "2022-07-18T14:29:12.480Z",
            "updatedAt": "2022-07-18T14:29:12.480Z",
            "tags": [],
            "classTitle": "Body text",
            "points": {
                "exterior": [
                    [
                        283,
                        638
                    ],
                    [
                        428,
                        677
                    ]
                ],
                "interior": []
            }
        },
        {
            "id": 972022029,
            "classId": 10214732,
            "description": "",
            "geometryType": "rectangle",
            "labelerLogin": "Yalda2HITL",
            "createdAt": "2022-07-18T14:29:12.480Z",
            "updatedAt": "2022-07-18T14:29:12.480Z",
            "tags": [],
            "classTitle": "Body text",
            "points": {
                "exterior": [
                    [
                        225,
                        674
                    ],
                    [
                        484,
                        740
                    ]
                ],
                "interior": []
            }
        },
        {
            "id": 972022030,
            "classId": 10214730,
            "description": "",
            "geometryType": "polygon",
            "labelerLogin": "Yalda2HITL",
            "createdAt": "2022-07-18T14:29:12.480Z",
            "updatedAt": "2022-07-18T14:29:12.480Z",
            "tags": [],
            "classTitle": "Page",
            "points": {
                "exterior": [
                    [
                        650,
                        43
                    ],
                    [
                        586,
                        47
                    ],
                    [
                        391,
                        48
                    ],
                    [
                        196,
                        42
                    ],
                    [
                        75,
                        33
                    ],
                    [
                        64,
                        51
                    ],
                    [
                        65,
                        183
                    ],
                    [
                        64,
                        320
                    ],
                    [
                        57,
                        507
                    ],
                    [
                        52,
                        702
                    ],
                    [
                        45,
                        921
                    ],
                    [
                        87,
                        926
                    ],
                    [
                        254,
                        927
                    ],
                    [
                        478,
                        931
                    ],
                    [
                        626,
                        939
                    ],
                    [
                        657,
                        938
                    ],
                    [
                        671,
                        930
                    ]
                ],
                "interior": []
            }
        }
    ]
}