{
    "description": "",
    "tags": [],
    "size": {
        "height": 2000,
        "width": 1496
    },
    "objects": [
        {
            "id": 972021764,
            "classId": 10214730,
            "description": "",
            "geometryType": "polygon",
            "labelerLogin": "Yalda2HITL",
            "createdAt": "2022-07-18T14:29:02.013Z",
            "updatedAt": "2022-07-18T14:29:02.013Z",
            "tags": [],
            "classTitle": "Page",
            "points": {
                "exterior": [
                    [
                        286,
                        323
                    ],
                    [
                        323,
                        324
                    ],
                    [
                        487,
                        342
                    ],
                    [
                        565,
                        350
                    ],
                    [
                        575,
                        348
                    ],
                    [
                        586,
                        353
                    ],
                    [
                        771,
                        370
                    ],
                    [
                        1007,
                        389
                    ],
                    [
                        1118,
                        397
                    ],
                    [
                        1170,
                        403
                    ],
                    [
                        1187,
                        408
                    ],
                    [
                        1211,
                        410
                    ],
                    [
                        1205,
                        647
                    ],
                    [
                        1200,
                        844
                    ],
                    [
                        1195,
                        1067
                    ],
                    [
                        1188,
                        1340
                    ],
                    [
                        1183,
                        1526
                    ],
                    [
                        1179,
                        1640
                    ],
                    [
                        1176,
                        1746
                    ],
                    [
                        1178,
                        1786
                    ],
                    [
                        1151,
                        1790
                    ],
                    [
                        1014,
                        1791
                    ],
                    [
                        919,
                        1794
                    ],
                    [
                        751,
                        1799
                    ],
                    [
                        611,
                        1805
                    ],
                    [
                        507,
                        1808
                    ],
                    [
                        407,
                        1814
                    ],
                    [
                        249,
                        1824
                    ],
                    [
                        209,
                        1825
                    ],
                    [
                        192,
                        1828
                    ],
                    [
                        180,
                        1828
                    ],
                    [
                        172,
                        1827
                    ],
                    [
                        168,
                        1823
                    ],
                    [
                        166,
                        1819
                    ],
                    [
                        180,
                        1643
                    ],
                    [
                        197,
                        1440
                    ],
                    [
                        220,
                        1163
                    ],
                    [
                        227,
                        1105
                    ],
                    [
                        238,
                        949
                    ],
                    [
                        258,
                        679
                    ],
                    [
                        275,
                        433
                    ],
                    [
                        280,
                        365
                    ]
                ],
                "interior": []
            }
        },
        {
            "id": 972021763,
            "classId": 10214731,
            "description": "",
            "geometryType": "rectangle",
            "labelerLogin": "Yalda2HITL",
            "createdAt": "2022-07-18T14:29:02.013Z",
            "updatedAt": "2022-07-18T14:29:02.013Z",
            "tags": [
                {
                    "id": 151023886,
                    "tagId": 30308107,
                    "name": "Transcription",
                    "value": "\u0627\u0644\u0634\u0641\u0627\u0639\u0629",
                    "labelerLogin": "Yalda2HITL",
                    "createdAt": "2022-07-18T14:29:02.013Z",
                    "updatedAt": "2022-07-18T14:29:02.013Z"
                }
            ],
            "classTitle": "Title",
            "points": {
                "exterior": [
                    [
                        450,
                        442
                    ],
                    [
                        1011,
                        693
                    ]
                ],
                "interior": []
            }
        },
        {
            "id": 972021765,
            "classId": 10214732,
            "description": "",
            "geometryType": "rectangle",
            "labelerLogin": "Yalda2HITL",
            "createdAt": "2022-07-18T14:29:02.013Z",
            "updatedAt": "2022-07-18T14:29:02.013Z",
            "tags": [],
            "classTitle": "Body text",
            "points": {
                "exterior": [
                    [
                        429,
                        715
                    ],
                    [
                        1015,
                        792
                    ]
                ],
                "interior": []
            }
        },
        {
            "id": 972021767,
            "classId": 10214732,
            "description": "",
            "geometryType": "rectangle",
            "labelerLogin": "Yalda2HITL",
            "createdAt": "2022-07-18T14:29:02.013Z",
            "updatedAt": "2022-07-18T14:29:02.013Z",
            "tags": [],
            "classTitle": "Body text",
            "points": {
                "exterior": [
                    [
                        452,
                        785
                    ],
                    [
                        988,
                        862
                    ]
                ],
                "interior": []
            }
        },
        {
            "id": 972021766,
            "classId": 10214732,
            "description": "",
            "geometryType": "rectangle",
            "labelerLogin": "Yalda2HITL",
            "createdAt": "2022-07-18T14:29:02.013Z",
            "updatedAt": "2022-07-18T14:29:02.013Z",
            "tags": [],
            "classTitle": "Body text",
            "points": {
                "exterior": [
                    [
                        486,
                        1597
                    ],
                    [
                        868,
                        1660
                    ]
                ],
                "interior": []
            }
        }
    ]
}