{
    "description": "",
    "tags": [],
    "size": {
        "height": 1280,
        "width": 720
    },
    "objects": [
        {
            "id": 972021731,
            "classId": 10214730,
            "description": "",
            "geometryType": "polygon",
            "labelerLogin": "Yalda2HITL",
            "createdAt": "2022-07-18T14:29:02.013Z",
            "updatedAt": "2022-07-18T14:29:02.013Z",
            "tags": [],
            "classTitle": "Page",
            "points": {
                "exterior": [
                    [
                        106,
                        405
                    ],
                    [
                        105,
                        398
                    ],
                    [
                        110,
                        394
                    ],
                    [
                        116,
                        392
                    ],
                    [
                        151,
                        390
                    ],
                    [
                        209,
                        387
                    ],
                    [
                        311,
                        382
                    ],
                    [
                        383,
                        378
                    ],
                    [
                        431,
                        376
                    ],
                    [
                        464,
                        372
                    ],
                    [
                        488,
                        372
                    ],
                    [
                        497,
                        371
                    ],
                    [
                        501,
                        373
                    ],
                    [
                        501,
                        378
                    ],
                    [
                        504,
                        380
                    ],
                    [
                        505,
                        376
                    ],
                    [
                        510,
                        374
                    ],
                    [
                        514,
                        378
                    ],
                    [
                        518,
                        382
                    ],
                    [
                        522,
                        384
                    ],
                    [
                        518,
                        389
                    ],
                    [
                        517,
                        393
                    ],
                    [
                        515,
                        397
                    ],
                    [
                        513,
                        403
                    ],
                    [
                        510,
                        409
                    ],
                    [
                        511,
                        437
                    ],
                    [
                        513,
                        468
                    ],
                    [
                        515,
                        473
                    ],
                    [
                        515,
                        501
                    ],
                    [
                        519,
                        536
                    ],
                    [
                        520,
                        560
                    ],
                    [
                        523,
                        564
                    ],
                    [
                        523,
                        583
                    ],
                    [
                        524,
                        611
                    ],
                    [
                        527,
                        639
                    ],
                    [
                        529,
                        658
                    ],
                    [
                        534,
                        697
                    ],
                    [
                        539,
                        753
                    ],
                    [
                        545,
                        813
                    ],
                    [
                        551,
                        859
                    ],
                    [
                        553,
                        906
                    ],
                    [
                        556,
                        933
                    ],
                    [
                        557,
                        946
                    ],
                    [
                        557,
                        950
                    ],
                    [
                        554,
                        956
                    ],
                    [
                        544,
                        957
                    ],
                    [
                        513,
                        961
                    ],
                    [
                        383,
                        981
                    ],
                    [
                        260,
                        1000
                    ],
                    [
                        180,
                        1013
                    ],
                    [
                        175,
                        1013
                    ],
                    [
                        170,
                        1016
                    ],
                    [
                        166,
                        1015
                    ],
                    [
                        161,
                        1010
                    ],
                    [
                        158,
                        1004
                    ],
                    [
                        154,
                        986
                    ],
                    [
                        150,
                        931
                    ],
                    [
                        130,
                        703
                    ],
                    [
                        109,
                        465
                    ]
                ],
                "interior": []
            }
        },
        {
            "id": 972021733,
            "classId": 10214731,
            "description": "",
            "geometryType": "rectangle",
            "labelerLogin": "Yalda2HITL",
            "createdAt": "2022-07-18T14:29:02.013Z",
            "updatedAt": "2022-07-18T14:29:02.013Z",
            "tags": [
                {
                    "id": 151023928,
                    "tagId": 30308107,
                    "name": "Transcription",
                    "value": "\u0641\u0635\u064c\u0648\u0644 \u0627\u0644\u0646\u064e\u0627\u0631",
                    "labelerLogin": "Yalda2HITL",
                    "createdAt": "2022-07-18T14:29:02.013Z",
                    "updatedAt": "2022-07-18T14:29:02.013Z"
                }
            ],
            "classTitle": "Title",
            "points": {
                "exterior": [
                    [
                        192,
                        528
                    ],
                    [
                        432,
                        613
                    ]
                ],
                "interior": []
            }
        },
        {
            "id": 972021732,
            "classId": 10214732,
            "description": "",
            "geometryType": "rectangle",
            "labelerLogin": "Yalda2HITL",
            "createdAt": "2022-07-18T14:29:02.013Z",
            "updatedAt": "2022-07-18T14:29:02.013Z",
            "tags": [],
            "classTitle": "Body text",
            "points": {
                "exterior": [
                    [
                        259,
                        508
                    ],
                    [
                        353,
                        529
                    ]
                ],
                "interior": []
            }
        },
        {
            "id": 972021734,
            "classId": 10214732,
            "description": "",
            "geometryType": "rectangle",
            "labelerLogin": "Yalda2HITL",
            "createdAt": "2022-07-18T14:29:02.013Z",
            "updatedAt": "2022-07-18T14:29:02.013Z",
            "tags": [],
            "classTitle": "Body text",
            "points": {
                "exterior": [
                    [
                        165,
                        391
                    ],
                    [
                        348,
                        432
                    ]
                ],
                "interior": []
            }
        }
    ]
}