{
    "description": "",
    "tags": [],
    "size": {
        "height": 1600,
        "width": 986
    },
    "objects": [
        {
            "id": 972021735,
            "classId": 10214730,
            "description": "",
            "geometryType": "polygon",
            "labelerLogin": "Yalda2HITL",
            "createdAt": "2022-07-18T14:29:02.013Z",
            "updatedAt": "2022-07-18T14:29:02.013Z",
            "tags": [],
            "classTitle": "Page",
            "points": {
                "exterior": [
                    [
                        258,
                        230
                    ],
                    [
                        258,
                        222
                    ],
                    [
                        262,
                        214
                    ],
                    [
                        309,
                        214
                    ],
                    [
                        459,
                        221
                    ],
                    [
                        618,
                        227
                    ],
                    [
                        752,
                        233
                    ],
                    [
                        880,
                        238
                    ],
                    [
                        887,
                        238
                    ],
                    [
                        896,
                        238
                    ],
                    [
                        903,
                        239
                    ],
                    [
                        909,
                        239
                    ],
                    [
                        921,
                        238
                    ],
                    [
                        925,
                        241
                    ],
                    [
                        928,
                        243
                    ],
                    [
                        928,
                        334
                    ],
                    [
                        918,
                        604
                    ],
                    [
                        910,
                        957
                    ],
                    [
                        905,
                        1105
                    ],
                    [
                        905,
                        1170
                    ],
                    [
                        907,
                        1192
                    ],
                    [
                        903,
                        1195
                    ],
                    [
                        899,
                        1200
                    ],
                    [
                        895,
                        1198
                    ],
                    [
                        883,
                        1206
                    ],
                    [
                        875,
                        1206
                    ],
                    [
                        863,
                        1205
                    ],
                    [
                        749,
                        1201
                    ],
                    [
                        666,
                        1197
                    ],
                    [
                        649,
                        1195
                    ],
                    [
                        643,
                        1193
                    ],
                    [
                        638,
                        1191
                    ],
                    [
                        631,
                        1192
                    ],
                    [
                        623,
                        1193
                    ],
                    [
                        618,
                        1194
                    ],
                    [
                        613,
                        1196
                    ],
                    [
                        500,
                        1191
                    ],
                    [
                        297,
                        1184
                    ],
                    [
                        211,
                        1180
                    ],
                    [
                        222,
                        961
                    ],
                    [
                        233,
                        748
                    ],
                    [
                        244,
                        504
                    ],
                    [
                        256,
                        264
                    ]
                ],
                "interior": []
            }
        },
        {
            "id": 972021730,
            "classId": 10214731,
            "description": "",
            "geometryType": "rectangle",
            "labelerLogin": "Yalda2HITL",
            "createdAt": "2022-07-18T14:29:02.013Z",
            "updatedAt": "2022-07-18T14:29:02.013Z",
            "tags": [
                {
                    "id": 151023927,
                    "tagId": 30308107,
                    "name": "Transcription",
                    "value": "\u0645\u064e\u0648\u0627\u0642\u0641\u064c \u0627\u0644\u0623\u0646\u0652\u0628\u064a\u0627\u0621\u0650",
                    "labelerLogin": "Yalda2HITL",
                    "createdAt": "2022-07-18T14:29:02.013Z",
                    "updatedAt": "2022-07-18T14:29:02.013Z"
                }
            ],
            "classTitle": "Title",
            "points": {
                "exterior": [
                    [
                        380,
                        421
                    ],
                    [
                        778,
                        571
                    ]
                ],
                "interior": []
            }
        },
        {
            "id": 972021741,
            "classId": 10214731,
            "description": "",
            "geometryType": "rectangle",
            "labelerLogin": "Yalda2HITL",
            "createdAt": "2022-07-18T14:29:02.013Z",
            "updatedAt": "2022-07-18T14:29:02.013Z",
            "tags": [
                {
                    "id": 151023883,
                    "tagId": 30308107,
                    "name": "Transcription",
                    "value": "\u0641\u064a \u0627\u0644\u0642\u064c\u0631\u064f\u0622\u0646",
                    "labelerLogin": "Yalda2HITL",
                    "createdAt": "2022-07-18T14:29:02.013Z",
                    "updatedAt": "2022-07-18T14:29:02.013Z"
                }
            ],
            "classTitle": "Title",
            "points": {
                "exterior": [
                    [
                        487,
                        572
                    ],
                    [
                        662,
                        650
                    ]
                ],
                "interior": []
            }
        },
        {
            "id": 972021740,
            "classId": 10214732,
            "description": "",
            "geometryType": "rectangle",
            "labelerLogin": "Yalda2HITL",
            "createdAt": "2022-07-18T14:29:02.013Z",
            "updatedAt": "2022-07-18T14:29:02.013Z",
            "tags": [],
            "classTitle": "Body text",
            "points": {
                "exterior": [
                    [
                        625,
                        320
                    ],
                    [
                        849,
                        364
                    ]
                ],
                "interior": []
            }
        },
        {
            "id": 972021739,
            "classId": 10214732,
            "description": "",
            "geometryType": "rectangle",
            "labelerLogin": "Yalda2HITL",
            "createdAt": "2022-07-18T14:29:02.013Z",
            "updatedAt": "2022-07-18T14:29:02.013Z",
            "tags": [],
            "classTitle": "Body text",
            "points": {
                "exterior": [
                    [
                        297,
                        718
                    ],
                    [
                        500,
                        746
                    ]
                ],
                "interior": []
            }
        },
        {
            "id": 972021736,
            "classId": 10214732,
            "description": "",
            "geometryType": "rectangle",
            "labelerLogin": "Yalda2HITL",
            "createdAt": "2022-07-18T14:29:02.013Z",
            "updatedAt": "2022-07-18T14:29:02.013Z",
            "tags": [],
            "classTitle": "Body text",
            "points": {
                "exterior": [
                    [
                        297,
                        751
                    ],
                    [
                        499,
                        787
                    ]
                ],
                "interior": []
            }
        },
        {
            "id": 972021743,
            "classId": 10214732,
            "description": "",
            "geometryType": "rectangle",
            "labelerLogin": "Yalda2HITL",
            "createdAt": "2022-07-18T14:29:02.013Z",
            "updatedAt": "2022-07-18T14:29:02.013Z",
            "tags": [],
            "classTitle": "Body text",
            "points": {
                "exterior": [
                    [
                        295,
                        793
                    ],
                    [
                        494,
                        825
                    ]
                ],
                "interior": []
            }
        },
        {
            "id": 972021742,
            "classId": 10214732,
            "description": "",
            "geometryType": "rectangle",
            "labelerLogin": "Yalda2HITL",
            "createdAt": "2022-07-18T14:29:02.013Z",
            "updatedAt": "2022-07-18T14:29:02.013Z",
            "tags": [],
            "classTitle": "Body text",
            "points": {
                "exterior": [
                    [
                        346,
                        876
                    ],
                    [
                        464,
                        949
                    ]
                ],
                "interior": []
            }
        },
        {
            "id": 972021737,
            "classId": 10214732,
            "description": "",
            "geometryType": "rectangle",
            "labelerLogin": "Yalda2HITL",
            "createdAt": "2022-07-18T14:29:02.013Z",
            "updatedAt": "2022-07-18T14:29:02.013Z",
            "tags": [],
            "classTitle": "Body text",
            "points": {
                "exterior": [
                    [
                        495,
                        1081
                    ],
                    [
                        607,
                        1124
                    ]
                ],
                "interior": []
            }
        },
        {
            "id": 972021738,
            "classId": 10214732,
            "description": "",
            "geometryType": "rectangle",
            "labelerLogin": "Yalda2HITL",
            "createdAt": "2022-07-18T14:29:02.013Z",
            "updatedAt": "2022-07-18T14:29:02.013Z",
            "tags": [],
            "classTitle": "Body text",
            "points": {
                "exterior": [
                    [
                        530,
                        1119
                    ],
                    [
                        571,
                        1134
                    ]
                ],
                "interior": []
            }
        }
    ]
}