{
    "description": "",
    "tags": [],
    "size": {
        "height": 2000,
        "width": 1496
    },
    "objects": [
        {
            "id": 972021794,
            "classId": 10214730,
            "description": "",
            "geometryType": "polygon",
            "labelerLogin": "Yalda2HITL",
            "createdAt": "2022-07-18T14:29:02.013Z",
            "updatedAt": "2022-07-18T14:29:02.013Z",
            "tags": [],
            "classTitle": "Page",
            "points": {
                "exterior": [
                    [
                        438,
                        206
                    ],
                    [
                        595,
                        222
                    ],
                    [
                        891,
                        245
                    ],
                    [
                        1101,
                        256
                    ],
                    [
                        1243,
                        263
                    ],
                    [
                        1393,
                        275
                    ],
                    [
                        1348,
                        668
                    ],
                    [
                        1291,
                        1161
                    ],
                    [
                        1262,
                        1411
                    ],
                    [
                        1244,
                        1550
                    ],
                    [
                        1200,
                        1559
                    ],
                    [
                        1117,
                        1562
                    ],
                    [
                        908,
                        1576
                    ],
                    [
                        742,
                        1596
                    ],
                    [
                        700,
                        1602
                    ],
                    [
                        571,
                        1616
                    ],
                    [
                        508,
                        1622
                    ],
                    [
                        448,
                        1635
                    ],
                    [
                        436,
                        1634
                    ],
                    [
                        428,
                        1624
                    ],
                    [
                        426,
                        1581
                    ],
                    [
                        426,
                        1341
                    ],
                    [
                        429,
                        1016
                    ]
                ],
                "interior": []
            }
        },
        {
            "id": 972021801,
            "classId": 10214731,
            "description": "",
            "geometryType": "rectangle",
            "labelerLogin": "Yalda2HITL",
            "createdAt": "2022-07-18T14:29:02.013Z",
            "updatedAt": "2022-07-18T14:29:02.013Z",
            "tags": [
                {
                    "id": 151023894,
                    "tagId": 30308107,
                    "name": "Transcription",
                    "value": "\u0631\u0633\u0627\u0626\u0644",
                    "labelerLogin": "Yalda2HITL",
                    "createdAt": "2022-07-18T14:29:02.013Z",
                    "updatedAt": "2022-07-18T14:29:02.013Z"
                }
            ],
            "classTitle": "Title",
            "points": {
                "exterior": [
                    [
                        566,
                        475
                    ],
                    [
                        1156,
                        723
                    ]
                ],
                "interior": []
            }
        },
        {
            "id": 972021803,
            "classId": 10214731,
            "description": "",
            "geometryType": "rectangle",
            "labelerLogin": "Yalda2HITL",
            "createdAt": "2022-07-18T14:29:02.013Z",
            "updatedAt": "2022-07-18T14:29:02.013Z",
            "tags": [
                {
                    "id": 151023895,
                    "tagId": 30308107,
                    "name": "Transcription",
                    "value": "\u0645\u0646",
                    "labelerLogin": "Yalda2HITL",
                    "createdAt": "2022-07-18T14:29:02.013Z",
                    "updatedAt": "2022-07-18T14:29:02.013Z"
                }
            ],
            "classTitle": "Title",
            "points": {
                "exterior": [
                    [
                        563,
                        718
                    ],
                    [
                        1125,
                        908
                    ]
                ],
                "interior": []
            }
        },
        {
            "id": 972021806,
            "classId": 10214731,
            "description": "",
            "geometryType": "rectangle",
            "labelerLogin": "Yalda2HITL",
            "createdAt": "2022-07-18T14:29:02.013Z",
            "updatedAt": "2022-07-18T14:29:02.013Z",
            "tags": [
                {
                    "id": 151023896,
                    "tagId": 30308107,
                    "name": "Transcription",
                    "value": "\u0627\u0644\u0642\u0631\u0622\u0646",
                    "labelerLogin": "Yalda2HITL",
                    "createdAt": "2022-07-18T14:29:02.013Z",
                    "updatedAt": "2022-07-18T14:29:02.013Z"
                }
            ],
            "classTitle": "Title",
            "points": {
                "exterior": [
                    [
                        555,
                        909
                    ],
                    [
                        1115,
                        1154
                    ]
                ],
                "interior": []
            }
        },
        {
            "id": 972021792,
            "classId": 10214732,
            "description": "",
            "geometryType": "rectangle",
            "labelerLogin": "Yalda2HITL",
            "createdAt": "2022-07-18T14:29:02.013Z",
            "updatedAt": "2022-07-18T14:29:02.013Z",
            "tags": [],
            "classTitle": "Body text",
            "points": {
                "exterior": [
                    [
                        723,
                        1195
                    ],
                    [
                        973,
                        1258
                    ]
                ],
                "interior": []
            }
        },
        {
            "id": 972021791,
            "classId": 10214732,
            "description": "",
            "geometryType": "rectangle",
            "labelerLogin": "Yalda2HITL",
            "createdAt": "2022-07-18T14:29:02.013Z",
            "updatedAt": "2022-07-18T14:29:02.013Z",
            "tags": [],
            "classTitle": "Body text",
            "points": {
                "exterior": [
                    [
                        756,
                        1257
                    ],
                    [
                        939,
                        1290
                    ]
                ],
                "interior": []
            }
        },
        {
            "id": 972021790,
            "classId": 10214732,
            "description": "",
            "geometryType": "rectangle",
            "labelerLogin": "Yalda2HITL",
            "createdAt": "2022-07-18T14:29:02.013Z",
            "updatedAt": "2022-07-18T14:29:02.013Z",
            "tags": [],
            "classTitle": "Body text",
            "points": {
                "exterior": [
                    [
                        765,
                        1417
                    ],
                    [
                        921,
                        1469
                    ]
                ],
                "interior": []
            }
        }
    ]
}