{
    "description": "",
    "tags": [],
    "size": {
        "height": 1496,
        "width": 2000
    },
    "objects": [
        {
            "id": 972021788,
            "classId": 10214730,
            "description": "",
            "geometryType": "polygon",
            "labelerLogin": "Yalda2HITL",
            "createdAt": "2022-07-18T14:29:02.013Z",
            "updatedAt": "2022-07-18T14:29:02.013Z",
            "tags": [],
            "classTitle": "Page",
            "points": {
                "exterior": [
                    [
                        441,
                        626
                    ],
                    [
                        444,
                        617
                    ],
                    [
                        449,
                        607
                    ],
                    [
                        615,
                        543
                    ],
                    [
                        775,
                        474
                    ],
                    [
                        870,
                        433
                    ],
                    [
                        934,
                        404
                    ],
                    [
                        941,
                        400
                    ],
                    [
                        1029,
                        505
                    ],
                    [
                        1129,
                        625
                    ],
                    [
                        1281,
                        802
                    ],
                    [
                        1369,
                        903
                    ],
                    [
                        1463,
                        1013
                    ],
                    [
                        1507,
                        1065
                    ],
                    [
                        1524,
                        1086
                    ],
                    [
                        1486,
                        1123
                    ],
                    [
                        1441,
                        1165
                    ],
                    [
                        1328,
                        1269
                    ],
                    [
                        1239,
                        1350
                    ],
                    [
                        1181,
                        1403
                    ],
                    [
                        1094,
                        1486
                    ],
                    [
                        1086,
                        1495
                    ],
                    [
                        1044,
                        1495
                    ],
                    [
                        1019,
                        1495
                    ],
                    [
                        798,
                        1173
                    ],
                    [
                        662,
                        968
                    ],
                    [
                        520,
                        762
                    ],
                    [
                        477,
                        695
                    ],
                    [
                        461,
                        672
                    ],
                    [
                        451,
                        654
                    ],
                    [
                        444,
                        640
                    ]
                ],
                "interior": []
            }
        },
        {
            "id": 972021800,
            "classId": 10214731,
            "description": "",
            "geometryType": "rectangle",
            "labelerLogin": "Yalda2HITL",
            "createdAt": "2022-07-18T14:29:02.013Z",
            "updatedAt": "2022-07-18T14:29:02.013Z",
            "tags": [
                {
                    "id": 151023893,
                    "tagId": 30308107,
                    "name": "Transcription",
                    "value": " \u0644\u0650\u064a\u0637\u0645\u064e\u0626\u0646 \u0642\u0644\u0628\u0650\u064a\u0652",
                    "labelerLogin": "Yalda2HITL",
                    "createdAt": "2022-07-18T14:29:02.013Z",
                    "updatedAt": "2022-07-18T14:29:02.013Z"
                }
            ],
            "classTitle": "Title",
            "points": {
                "exterior": [
                    [
                        680,
                        534
                    ],
                    [
                        1031,
                        908
                    ]
                ],
                "interior": []
            }
        },
        {
            "id": 972021789,
            "classId": 10214732,
            "description": "",
            "geometryType": "rectangle",
            "labelerLogin": "Yalda2HITL",
            "createdAt": "2022-07-18T14:29:02.013Z",
            "updatedAt": "2022-07-18T14:29:02.013Z",
            "tags": [],
            "classTitle": "Body text",
            "points": {
                "exterior": [
                    [
                        653,
                        500
                    ],
                    [
                        833,
                        614
                    ]
                ],
                "interior": []
            }
        },
        {
            "id": 972021793,
            "classId": 10214732,
            "description": "",
            "geometryType": "rectangle",
            "labelerLogin": "Yalda2HITL",
            "createdAt": "2022-07-18T14:29:02.013Z",
            "updatedAt": "2022-07-18T14:29:02.013Z",
            "tags": [],
            "classTitle": "Body text",
            "points": {
                "exterior": [
                    [
                        706,
                        552
                    ],
                    [
                        820,
                        630
                    ]
                ],
                "interior": []
            }
        },
        {
            "id": 972021795,
            "classId": 10214732,
            "description": "",
            "geometryType": "rectangle",
            "labelerLogin": "Yalda2HITL",
            "createdAt": "2022-07-18T14:29:02.013Z",
            "updatedAt": "2022-07-18T14:29:02.013Z",
            "tags": [],
            "classTitle": "Body text",
            "points": {
                "exterior": [
                    [
                        899,
                        1209
                    ],
                    [
                        959,
                        1301
                    ]
                ],
                "interior": []
            }
        },
        {
            "id": 972021787,
            "classId": 10214732,
            "description": "",
            "geometryType": "rectangle",
            "labelerLogin": "Yalda2HITL",
            "createdAt": "2022-07-18T14:29:02.013Z",
            "updatedAt": "2022-07-18T14:29:02.013Z",
            "tags": [],
            "classTitle": "Body text",
            "points": {
                "exterior": [
                    [
                        1199,
                        1171
                    ],
                    [
                        1313,
                        1283
                    ]
                ],
                "interior": []
            }
        }
    ]
}