{
    "description": "",
    "tags": [],
    "size": {
        "height": 2000,
        "width": 1496
    },
    "objects": [
        {
            "id": 972021812,
            "classId": 10214730,
            "description": "",
            "geometryType": "polygon",
            "labelerLogin": "Yalda2HITL",
            "createdAt": "2022-07-18T14:29:02.013Z",
            "updatedAt": "2022-07-18T14:29:02.013Z",
            "tags": [],
            "classTitle": "Page",
            "points": {
                "exterior": [
                    [
                        386,
                        419
                    ],
                    [
                        507,
                        436
                    ],
                    [
                        702,
                        468
                    ],
                    [
                        871,
                        494
                    ],
                    [
                        966,
                        509
                    ],
                    [
                        1070,
                        523
                    ],
                    [
                        1123,
                        528
                    ],
                    [
                        1166,
                        535
                    ],
                    [
                        1145,
                        802
                    ],
                    [
                        1107,
                        1208
                    ],
                    [
                        1081,
                        1475
                    ],
                    [
                        1064,
                        1653
                    ],
                    [
                        1057,
                        1715
                    ],
                    [
                        1002,
                        1716
                    ],
                    [
                        880,
                        1704
                    ],
                    [
                        716,
                        1685
                    ],
                    [
                        596,
                        1674
                    ],
                    [
                        496,
                        1668
                    ],
                    [
                        414,
                        1663
                    ],
                    [
                        347,
                        1661
                    ],
                    [
                        277,
                        1661
                    ],
                    [
                        242,
                        1657
                    ],
                    [
                        245,
                        1589
                    ],
                    [
                        311,
                        1059
                    ],
                    [
                        375,
                        507
                    ]
                ],
                "interior": []
            }
        },
        {
            "id": 972021798,
            "classId": 10214731,
            "description": "",
            "geometryType": "rectangle",
            "labelerLogin": "Yalda2HITL",
            "createdAt": "2022-07-18T14:29:02.013Z",
            "updatedAt": "2022-07-18T14:29:02.013Z",
            "tags": [
                {
                    "id": 151023892,
                    "tagId": 30308107,
                    "name": "Transcription",
                    "value": "\u0644\u064e\u0643\u064e\u0646\u064c\u0648\u062f",
                    "labelerLogin": "Yalda2HITL",
                    "createdAt": "2022-07-18T14:29:02.013Z",
                    "updatedAt": "2022-07-18T14:29:02.013Z"
                }
            ],
            "classTitle": "Title",
            "points": {
                "exterior": [
                    [
                        558,
                        575
                    ],
                    [
                        955,
                        818
                    ]
                ],
                "interior": []
            }
        },
        {
            "id": 972021807,
            "classId": 10214732,
            "description": "",
            "geometryType": "rectangle",
            "labelerLogin": "Yalda2HITL",
            "createdAt": "2022-07-18T14:29:02.013Z",
            "updatedAt": "2022-07-18T14:29:02.013Z",
            "tags": [],
            "classTitle": "Body text",
            "points": {
                "exterior": [
                    [
                        574,
                        833
                    ],
                    [
                        900,
                        904
                    ]
                ],
                "interior": []
            }
        },
        {
            "id": 972021796,
            "classId": 10214732,
            "description": "",
            "geometryType": "rectangle",
            "labelerLogin": "Yalda2HITL",
            "createdAt": "2022-07-18T14:29:02.013Z",
            "updatedAt": "2022-07-18T14:29:02.013Z",
            "tags": [],
            "classTitle": "Body text",
            "points": {
                "exterior": [
                    [
                        606,
                        880
                    ],
                    [
                        869,
                        937
                    ]
                ],
                "interior": []
            }
        },
        {
            "id": 972021809,
            "classId": 10214732,
            "description": "",
            "geometryType": "rectangle",
            "labelerLogin": "Yalda2HITL",
            "createdAt": "2022-07-18T14:29:02.013Z",
            "updatedAt": "2022-07-18T14:29:02.013Z",
            "tags": [],
            "classTitle": "Body text",
            "points": {
                "exterior": [
                    [
                        556,
                        1361
                    ],
                    [
                        800,
                        1419
                    ]
                ],
                "interior": []
            }
        },
        {
            "id": 972021797,
            "classId": 10214732,
            "description": "",
            "geometryType": "rectangle",
            "labelerLogin": "Yalda2HITL",
            "createdAt": "2022-07-18T14:29:02.013Z",
            "updatedAt": "2022-07-18T14:29:02.013Z",
            "tags": [],
            "classTitle": "Body text",
            "points": {
                "exterior": [
                    [
                        494,
                        1423
                    ],
                    [
                        825,
                        1527
                    ]
                ],
                "interior": []
            }
        },
        {
            "id": 972021810,
            "classId": 10214732,
            "description": "",
            "geometryType": "rectangle",
            "labelerLogin": "Yalda2HITL",
            "createdAt": "2022-07-18T14:29:02.013Z",
            "updatedAt": "2022-07-18T14:29:02.013Z",
            "tags": [],
            "classTitle": "Body text",
            "points": {
                "exterior": [
                    [
                        546,
                        1515
                    ],
                    [
                        773,
                        1562
                    ]
                ],
                "interior": []
            }
        },
        {
            "id": 972021811,
            "classId": 10214732,
            "description": "",
            "geometryType": "rectangle",
            "labelerLogin": "Yalda2HITL",
            "createdAt": "2022-07-18T14:29:02.013Z",
            "updatedAt": "2022-07-18T14:29:02.013Z",
            "tags": [],
            "classTitle": "Body text",
            "points": {
                "exterior": [
                    [
                        889,
                        1527
                    ],
                    [
                        964,
                        1612
                    ]
                ],
                "interior": []
            }
        }
    ]
}