{
    "description": "",
    "tags": [],
    "size": {
        "height": 1599,
        "width": 899
    },
    "objects": [
        {
            "id": 972020162,
            "classId": 10214730,
            "description": "",
            "geometryType": "polygon",
            "labelerLogin": "Yalda2HITL",
            "createdAt": "2022-07-18T14:26:56.985Z",
            "updatedAt": "2022-07-18T14:26:56.985Z",
            "tags": [],
            "classTitle": "Page",
            "points": {
                "exterior": [
                    [
                        834,
                        154
                    ],
                    [
                        498,
                        137
                    ],
                    [
                        172,
                        178
                    ],
                    [
                        176,
                        1162
                    ],
                    [
                        584,
                        1153
                    ],
                    [
                        898,
                        1137
                    ]
                ],
                "interior": []
            }
        },
        {
            "id": 972020155,
            "classId": 10214731,
            "description": "",
            "geometryType": "rectangle",
            "labelerLogin": "Yalda2HITL",
            "createdAt": "2022-07-18T14:26:56.985Z",
            "updatedAt": "2022-07-18T14:26:56.985Z",
            "tags": [
                {
                    "id": 151023655,
                    "tagId": 30308107,
                    "name": "Transcription",
                    "value": "\u0646\u0638\u0631\u064a\u0629 \u0627\u0644\u062a\u0646\u0638\u064a\u0645",
                    "labelerLogin": "Yalda2HITL",
                    "createdAt": "2022-07-18T14:26:56.986Z",
                    "updatedAt": "2022-07-18T14:26:56.986Z"
                }
            ],
            "classTitle": "Title",
            "points": {
                "exterior": [
                    [
                        313,
                        256
                    ],
                    [
                        740,
                        356
                    ]
                ],
                "interior": []
            }
        },
        {
            "id": 972020154,
            "classId": 10214732,
            "description": "",
            "geometryType": "rectangle",
            "labelerLogin": "Yalda2HITL",
            "createdAt": "2022-07-18T14:26:56.985Z",
            "updatedAt": "2022-07-18T14:26:56.985Z",
            "tags": [],
            "classTitle": "Body text",
            "points": {
                "exterior": [
                    [
                        250,
                        505
                    ],
                    [
                        345,
                        571
                    ]
                ],
                "interior": []
            }
        },
        {
            "id": 972020153,
            "classId": 10214732,
            "description": "",
            "geometryType": "rectangle",
            "labelerLogin": "Yalda2HITL",
            "createdAt": "2022-07-18T14:26:56.985Z",
            "updatedAt": "2022-07-18T14:26:56.985Z",
            "tags": [],
            "classTitle": "Body text",
            "points": {
                "exterior": [
                    [
                        264,
                        571
                    ],
                    [
                        354,
                        588
                    ]
                ],
                "interior": []
            }
        },
        {
            "id": 972020152,
            "classId": 10214732,
            "description": "",
            "geometryType": "rectangle",
            "labelerLogin": "Yalda2HITL",
            "createdAt": "2022-07-18T14:26:56.985Z",
            "updatedAt": "2022-07-18T14:26:56.985Z",
            "tags": [],
            "classTitle": "Body text",
            "points": {
                "exterior": [
                    [
                        239,
                        584
                    ],
                    [
                        378,
                        605
                    ]
                ],
                "interior": []
            }
        },
        {
            "id": 972020161,
            "classId": 10214732,
            "description": "",
            "geometryType": "rectangle",
            "labelerLogin": "Yalda2HITL",
            "createdAt": "2022-07-18T14:26:56.985Z",
            "updatedAt": "2022-07-18T14:26:56.985Z",
            "tags": [],
            "classTitle": "Body text",
            "points": {
                "exterior": [
                    [
                        283,
                        600
                    ],
                    [
                        335,
                        616
                    ]
                ],
                "interior": []
            }
        },
        {
            "id": 972020159,
            "classId": 10214732,
            "description": "",
            "geometryType": "rectangle",
            "labelerLogin": "Yalda2HITL",
            "createdAt": "2022-07-18T14:26:56.985Z",
            "updatedAt": "2022-07-18T14:26:56.985Z",
            "tags": [],
            "classTitle": "Body text",
            "points": {
                "exterior": [
                    [
                        250,
                        621
                    ],
                    [
                        368,
                        654
                    ]
                ],
                "interior": []
            }
        },
        {
            "id": 972020157,
            "classId": 10214732,
            "description": "",
            "geometryType": "rectangle",
            "labelerLogin": "Yalda2HITL",
            "createdAt": "2022-07-18T14:26:56.985Z",
            "updatedAt": "2022-07-18T14:26:56.985Z",
            "tags": [],
            "classTitle": "Body text",
            "points": {
                "exterior": [
                    [
                        254,
                        658
                    ],
                    [
                        375,
                        691
                    ]
                ],
                "interior": []
            }
        },
        {
            "id": 972020156,
            "classId": 10214732,
            "description": "",
            "geometryType": "rectangle",
            "labelerLogin": "Yalda2HITL",
            "createdAt": "2022-07-18T14:26:56.985Z",
            "updatedAt": "2022-07-18T14:26:56.985Z",
            "tags": [],
            "classTitle": "Body text",
            "points": {
                "exterior": [
                    [
                        498,
                        909
                    ],
                    [
                        624,
                        945
                    ]
                ],
                "interior": []
            }
        },
        {
            "id": 972020163,
            "classId": 10214732,
            "description": "",
            "geometryType": "rectangle",
            "labelerLogin": "Yalda2HITL",
            "createdAt": "2022-07-18T14:26:56.985Z",
            "updatedAt": "2022-07-18T14:26:56.985Z",
            "tags": [],
            "classTitle": "Body text",
            "points": {
                "exterior": [
                    [
                        358,
                        952
                    ],
                    [
                        765,
                        1007
                    ]
                ],
                "interior": []
            }
        },
        {
            "id": 972020148,
            "classId": 10214732,
            "description": "",
            "geometryType": "rectangle",
            "labelerLogin": "Yalda2HITL",
            "createdAt": "2022-07-18T14:26:56.985Z",
            "updatedAt": "2022-07-18T14:26:56.985Z",
            "tags": [],
            "classTitle": "Body text",
            "points": {
                "exterior": [
                    [
                        380,
                        1018
                    ],
                    [
                        749,
                        1055
                    ]
                ],
                "interior": []
            }
        },
        {
            "id": 972020160,
            "classId": 10214732,
            "description": "",
            "geometryType": "rectangle",
            "labelerLogin": "Yalda2HITL",
            "createdAt": "2022-07-18T14:26:56.985Z",
            "updatedAt": "2022-07-18T14:26:56.985Z",
            "tags": [],
            "classTitle": "Body text",
            "points": {
                "exterior": [
                    [
                        312,
                        1050
                    ],
                    [
                        821,
                        1088
                    ]
                ],
                "interior": []
            }
        }
    ]
}