{
    "description": "",
    "tags": [],
    "size": {
        "height": 1600,
        "width": 900
    },
    "objects": [
        {
            "id": 972022116,
            "classId": 10214730,
            "description": "",
            "geometryType": "polygon",
            "labelerLogin": "Yalda2HITL",
            "createdAt": "2022-07-18T14:29:12.480Z",
            "updatedAt": "2022-07-18T14:29:12.480Z",
            "tags": [],
            "classTitle": "Page",
            "points": {
                "exterior": [
                    [
                        669,
                        320
                    ],
                    [
                        601,
                        319
                    ],
                    [
                        143,
                        314
                    ],
                    [
                        139,
                        1075
                    ],
                    [
                        230,
                        1075
                    ],
                    [
                        456,
                        1068
                    ],
                    [
                        607,
                        1066
                    ],
                    [
                        639,
                        1066
                    ],
                    [
                        669,
                        1063
                    ],
                    [
                        685,
                        1057
                    ],
                    [
                        679,
                        947
                    ]
                ],
                "interior": []
            }
        },
        {
            "id": 972022113,
            "classId": 10214731,
            "description": "",
            "geometryType": "rectangle",
            "labelerLogin": "Yalda2HITL",
            "createdAt": "2022-07-18T14:29:12.480Z",
            "updatedAt": "2022-07-18T14:29:12.480Z",
            "tags": [
                {
                    "id": 151023962,
                    "tagId": 30308107,
                    "name": "Transcription",
                    "value": "\u0645\u062f\u062e\u0644 \u0625\u0644\u0649",
                    "labelerLogin": "Yalda2HITL",
                    "createdAt": "2022-07-18T14:29:12.480Z",
                    "updatedAt": "2022-07-18T14:29:12.480Z"
                }
            ],
            "classTitle": "Title",
            "points": {
                "exterior": [
                    [
                        315,
                        370
                    ],
                    [
                        477,
                        415
                    ]
                ],
                "interior": []
            }
        },
        {
            "id": 972022109,
            "classId": 10214731,
            "description": "",
            "geometryType": "rectangle",
            "labelerLogin": "Yalda2HITL",
            "createdAt": "2022-07-18T14:29:12.480Z",
            "updatedAt": "2022-07-18T14:29:12.480Z",
            "tags": [
                {
                    "id": 151023961,
                    "tagId": 30308107,
                    "name": "Transcription",
                    "value": "\u0625\u062f\u0627\u0631\u0629 \u0627\u0644\u0648\u0642\u062a",
                    "labelerLogin": "Yalda2HITL",
                    "createdAt": "2022-07-18T14:29:12.480Z",
                    "updatedAt": "2022-07-18T14:29:12.480Z"
                }
            ],
            "classTitle": "Title",
            "points": {
                "exterior": [
                    [
                        232,
                        439
                    ],
                    [
                        563,
                        531
                    ]
                ],
                "interior": []
            }
        },
        {
            "id": 972022141,
            "classId": 10214732,
            "description": "",
            "geometryType": "rectangle",
            "labelerLogin": "Yalda2HITL",
            "createdAt": "2022-07-18T14:29:12.480Z",
            "updatedAt": "2022-07-18T14:29:12.480Z",
            "tags": [],
            "classTitle": "Body text",
            "points": {
                "exterior": [
                    [
                        375,
                        811
                    ],
                    [
                        425,
                        830
                    ]
                ],
                "interior": []
            }
        },
        {
            "id": 972022112,
            "classId": 10214732,
            "description": "",
            "geometryType": "rectangle",
            "labelerLogin": "Yalda2HITL",
            "createdAt": "2022-07-18T14:29:12.480Z",
            "updatedAt": "2022-07-18T14:29:12.480Z",
            "tags": [],
            "classTitle": "Body text",
            "points": {
                "exterior": [
                    [
                        330,
                        827
                    ],
                    [
                        469,
                        851
                    ]
                ],
                "interior": []
            }
        },
        {
            "id": 972022139,
            "classId": 10214732,
            "description": "",
            "geometryType": "rectangle",
            "labelerLogin": "Yalda2HITL",
            "createdAt": "2022-07-18T14:29:12.480Z",
            "updatedAt": "2022-07-18T14:29:12.480Z",
            "tags": [],
            "classTitle": "Body text",
            "points": {
                "exterior": [
                    [
                        336,
                        853
                    ],
                    [
                        464,
                        869
                    ]
                ],
                "interior": []
            }
        },
        {
            "id": 972022140,
            "classId": 10214732,
            "description": "",
            "geometryType": "rectangle",
            "labelerLogin": "Yalda2HITL",
            "createdAt": "2022-07-18T14:29:12.480Z",
            "updatedAt": "2022-07-18T14:29:12.480Z",
            "tags": [],
            "classTitle": "Body text",
            "points": {
                "exterior": [
                    [
                        330,
                        870
                    ],
                    [
                        470,
                        884
                    ]
                ],
                "interior": []
            }
        },
        {
            "id": 972022111,
            "classId": 10214732,
            "description": "",
            "geometryType": "rectangle",
            "labelerLogin": "Yalda2HITL",
            "createdAt": "2022-07-18T14:29:12.480Z",
            "updatedAt": "2022-07-18T14:29:12.480Z",
            "tags": [],
            "classTitle": "Body text",
            "points": {
                "exterior": [
                    [
                        359,
                        882
                    ],
                    [
                        441,
                        897
                    ]
                ],
                "interior": []
            }
        },
        {
            "id": 972022142,
            "classId": 10214732,
            "description": "",
            "geometryType": "rectangle",
            "labelerLogin": "Yalda2HITL",
            "createdAt": "2022-07-18T14:29:12.480Z",
            "updatedAt": "2022-07-18T14:29:12.480Z",
            "tags": [],
            "classTitle": "Body text",
            "points": {
                "exterior": [
                    [
                        201,
                        978
                    ],
                    [
                        250,
                        1011
                    ]
                ],
                "interior": []
            }
        }
    ]
}