{
    "description": "",
    "tags": [],
    "size": {
        "height": 1600,
        "width": 1200
    },
    "objects": [
        {
            "id": 972021563,
            "classId": 10214732,
            "description": "",
            "geometryType": "rectangle",
            "labelerLogin": "Yalda2HITL",
            "createdAt": "2022-07-18T14:28:49.818Z",
            "updatedAt": "2022-07-18T14:28:49.818Z",
            "tags": [],
            "classTitle": "Body text",
            "points": {
                "exterior": [
                    [
                        809,
                        355
                    ],
                    [
                        920,
                        382
                    ]
                ],
                "interior": []
            }
        },
        {
            "id": 972021562,
            "classId": 10214732,
            "description": "",
            "geometryType": "rectangle",
            "labelerLogin": "Yalda2HITL",
            "createdAt": "2022-07-18T14:28:49.818Z",
            "updatedAt": "2022-07-18T14:28:49.818Z",
            "tags": [],
            "classTitle": "Body text",
            "points": {
                "exterior": [
                    [
                        809,
                        399
                    ],
                    [
                        920,
                        427
                    ]
                ],
                "interior": []
            }
        },
        {
            "id": 972021561,
            "classId": 10214732,
            "description": "",
            "geometryType": "rectangle",
            "labelerLogin": "Yalda2HITL",
            "createdAt": "2022-07-18T14:28:49.818Z",
            "updatedAt": "2022-07-18T14:28:49.818Z",
            "tags": [],
            "classTitle": "Body text",
            "points": {
                "exterior": [
                    [
                        826,
                        451
                    ],
                    [
                        906,
                        533
                    ]
                ],
                "interior": []
            }
        },
        {
            "id": 972021564,
            "classId": 10214731,
            "description": "",
            "geometryType": "rectangle",
            "labelerLogin": "Yalda2HITL",
            "createdAt": "2022-07-18T14:28:49.818Z",
            "updatedAt": "2022-07-18T14:28:49.818Z",
            "tags": [
                {
                    "id": 151023854,
                    "tagId": 30308107,
                    "name": "Transcription",
                    "value": "\u062c\u0632\u0621 \u062a\u0628\u0627\u0631\u0643",
                    "labelerLogin": "Yalda2HITL",
                    "createdAt": "2022-07-18T14:28:49.818Z",
                    "updatedAt": "2022-07-18T14:28:49.818Z"
                }
            ],
            "classTitle": "Title",
            "points": {
                "exterior": [
                    [
                        439,
                        547
                    ],
                    [
                        838,
                        705
                    ]
                ],
                "interior": []
            }
        },
        {
            "id": 972021560,
            "classId": 10214732,
            "description": "",
            "geometryType": "rectangle",
            "labelerLogin": "Yalda2HITL",
            "createdAt": "2022-07-18T14:28:49.818Z",
            "updatedAt": "2022-07-18T14:28:49.818Z",
            "tags": [],
            "classTitle": "Body text",
            "points": {
                "exterior": [
                    [
                        346,
                        357
                    ],
                    [
                        425,
                        458
                    ]
                ],
                "interior": []
            }
        },
        {
            "id": 972021558,
            "classId": 10214732,
            "description": "",
            "geometryType": "rectangle",
            "labelerLogin": "Yalda2HITL",
            "createdAt": "2022-07-18T14:28:49.818Z",
            "updatedAt": "2022-07-18T14:28:49.818Z",
            "tags": [],
            "classTitle": "Body text",
            "points": {
                "exterior": [
                    [
                        587,
                        816
                    ],
                    [
                        681,
                        851
                    ]
                ],
                "interior": []
            }
        },
        {
            "id": 972021559,
            "classId": 10214732,
            "description": "",
            "geometryType": "rectangle",
            "labelerLogin": "Yalda2HITL",
            "createdAt": "2022-07-18T14:28:49.818Z",
            "updatedAt": "2022-07-18T14:28:49.818Z",
            "tags": [],
            "classTitle": "Body text",
            "points": {
                "exterior": [
                    [
                        440,
                        864
                    ],
                    [
                        833,
                        894
                    ]
                ],
                "interior": []
            }
        },
        {
            "id": 972021565,
            "classId": 10214732,
            "description": "",
            "geometryType": "rectangle",
            "labelerLogin": "Yalda2HITL",
            "createdAt": "2022-07-18T14:28:49.818Z",
            "updatedAt": "2022-07-18T14:28:49.818Z",
            "tags": [],
            "classTitle": "Body text",
            "points": {
                "exterior": [
                    [
                        437,
                        911
                    ],
                    [
                        833,
                        941
                    ]
                ],
                "interior": []
            }
        },
        {
            "id": 972021569,
            "classId": 10214732,
            "description": "",
            "geometryType": "rectangle",
            "labelerLogin": "Yalda2HITL",
            "createdAt": "2022-07-18T14:28:49.818Z",
            "updatedAt": "2022-07-18T14:28:49.818Z",
            "tags": [],
            "classTitle": "Body text",
            "points": {
                "exterior": [
                    [
                        485,
                        957
                    ],
                    [
                        802,
                        990
                    ]
                ],
                "interior": []
            }
        },
        {
            "id": 972021567,
            "classId": 10214732,
            "description": "",
            "geometryType": "rectangle",
            "labelerLogin": "Yalda2HITL",
            "createdAt": "2022-07-18T14:28:49.818Z",
            "updatedAt": "2022-07-18T14:28:49.818Z",
            "tags": [],
            "classTitle": "Body text",
            "points": {
                "exterior": [
                    [
                        462,
                        1129
                    ],
                    [
                        515,
                        1156
                    ]
                ],
                "interior": []
            }
        },
        {
            "id": 972021568,
            "classId": 10214732,
            "description": "",
            "geometryType": "rectangle",
            "labelerLogin": "Yalda2HITL",
            "createdAt": "2022-07-18T14:28:49.818Z",
            "updatedAt": "2022-07-18T14:28:49.818Z",
            "tags": [],
            "classTitle": "Body text",
            "points": {
                "exterior": [
                    [
                        385,
                        1144
                    ],
                    [
                        862,
                        1193
                    ]
                ],
                "interior": []
            }
        },
        {
            "id": 972021566,
            "classId": 10214732,
            "description": "",
            "geometryType": "rectangle",
            "labelerLogin": "Yalda2HITL",
            "createdAt": "2022-07-18T14:28:49.818Z",
            "updatedAt": "2022-07-18T14:28:49.818Z",
            "tags": [],
            "classTitle": "Body text",
            "points": {
                "exterior": [
                    [
                        372,
                        1179
                    ],
                    [
                        886,
                        1225
                    ]
                ],
                "interior": []
            }
        },
        {
            "id": 972021677,
            "classId": 10214730,
            "description": "",
            "geometryType": "polygon",
            "labelerLogin": "Yalda2HITL",
            "createdAt": "2022-07-18T14:28:49.818Z",
            "updatedAt": "2022-07-18T14:28:49.818Z",
            "tags": [],
            "classTitle": "Page",
            "points": {
                "exterior": [
                    [
                        281,
                        299
                    ],
                    [
                        634,
                        299
                    ],
                    [
                        960,
                        304
                    ],
                    [
                        957,
                        755
                    ],
                    [
                        953,
                        1155
                    ],
                    [
                        953,
                        1262
                    ],
                    [
                        666,
                        1260
                    ],
                    [
                        305,
                        1258
                    ],
                    [
                        296,
                        769
                    ],
                    [
                        287,
                        477
                    ]
                ],
                "interior": []
            }
        }
    ]
}