{
    "description": "",
    "tags": [],
    "size": {
        "height": 1600,
        "width": 1200
    },
    "objects": [
        {
            "id": 972021518,
            "classId": 10214731,
            "description": "",
            "geometryType": "rectangle",
            "labelerLogin": "Yalda2HITL",
            "createdAt": "2022-07-18T14:28:49.817Z",
            "updatedAt": "2022-07-18T14:28:49.817Z",
            "tags": [
                {
                    "id": 151023845,
                    "tagId": 30308107,
                    "name": "Transcription",
                    "value": "\u062d\u0627\u0644\u0646\u0627 \u0641\u064a ",
                    "labelerLogin": "Yalda2HITL",
                    "createdAt": "2022-07-18T14:28:49.818Z",
                    "updatedAt": "2022-07-18T14:28:49.818Z"
                }
            ],
            "classTitle": "Title",
            "points": {
                "exterior": [
                    [
                        627,
                        334
                    ],
                    [
                        918,
                        437
                    ]
                ],
                "interior": []
            }
        },
        {
            "id": 972021529,
            "classId": 10214731,
            "description": "",
            "geometryType": "rectangle",
            "labelerLogin": "Yalda2HITL",
            "createdAt": "2022-07-18T14:28:49.817Z",
            "updatedAt": "2022-07-18T14:28:49.817Z",
            "tags": [
                {
                    "id": 151023847,
                    "tagId": 30308107,
                    "name": "Transcription",
                    "value": "\u0631\u0645\u0636\u0627\u0646",
                    "labelerLogin": "Yalda2HITL",
                    "createdAt": "2022-07-18T14:28:49.818Z",
                    "updatedAt": "2022-07-18T14:28:49.818Z"
                }
            ],
            "classTitle": "Title",
            "points": {
                "exterior": [
                    [
                        278,
                        423
                    ],
                    [
                        910,
                        692
                    ]
                ],
                "interior": []
            }
        },
        {
            "id": 972021525,
            "classId": 10214732,
            "description": "",
            "geometryType": "rectangle",
            "labelerLogin": "Yalda2HITL",
            "createdAt": "2022-07-18T14:28:49.817Z",
            "updatedAt": "2022-07-18T14:28:49.817Z",
            "tags": [],
            "classTitle": "Body text",
            "points": {
                "exterior": [
                    [
                        678,
                        1070
                    ],
                    [
                        758,
                        1118
                    ]
                ],
                "interior": []
            }
        },
        {
            "id": 972021528,
            "classId": 10214732,
            "description": "",
            "geometryType": "rectangle",
            "labelerLogin": "Yalda2HITL",
            "createdAt": "2022-07-18T14:28:49.817Z",
            "updatedAt": "2022-07-18T14:28:49.817Z",
            "tags": [],
            "classTitle": "Body text",
            "points": {
                "exterior": [
                    [
                        590,
                        1117
                    ],
                    [
                        841,
                        1167
                    ]
                ],
                "interior": []
            }
        },
        {
            "id": 972021515,
            "classId": 10214732,
            "description": "",
            "geometryType": "rectangle",
            "labelerLogin": "Yalda2HITL",
            "createdAt": "2022-07-18T14:28:49.817Z",
            "updatedAt": "2022-07-18T14:28:49.817Z",
            "tags": [],
            "classTitle": "Body text",
            "points": {
                "exterior": [
                    [
                        311,
                        1192
                    ],
                    [
                        720,
                        1242
                    ]
                ],
                "interior": []
            }
        },
        {
            "id": 972021672,
            "classId": 10214730,
            "description": "",
            "geometryType": "polygon",
            "labelerLogin": "Yalda2HITL",
            "createdAt": "2022-07-18T14:28:49.818Z",
            "updatedAt": "2022-07-18T14:28:49.818Z",
            "tags": [],
            "classTitle": "Page",
            "points": {
                "exterior": [
                    [
                        945,
                        307
                    ],
                    [
                        933,
                        758
                    ],
                    [
                        931,
                        849
                    ],
                    [
                        928,
                        917
                    ],
                    [
                        925,
                        948
                    ],
                    [
                        927,
                        1112
                    ],
                    [
                        922,
                        1228
                    ],
                    [
                        920,
                        1259
                    ],
                    [
                        914,
                        1274
                    ],
                    [
                        904,
                        1280
                    ],
                    [
                        766,
                        1285
                    ],
                    [
                        597,
                        1282
                    ],
                    [
                        400,
                        1281
                    ],
                    [
                        315,
                        1287
                    ],
                    [
                        265,
                        1285
                    ],
                    [
                        249,
                        1284
                    ],
                    [
                        242,
                        1277
                    ],
                    [
                        248,
                        1015
                    ],
                    [
                        250,
                        828
                    ],
                    [
                        247,
                        654
                    ],
                    [
                        246,
                        510
                    ],
                    [
                        245,
                        385
                    ],
                    [
                        243,
                        293
                    ],
                    [
                        440,
                        293
                    ],
                    [
                        870,
                        302
                    ],
                    [
                        915,
                        304
                    ]
                ],
                "interior": []
            }
        }
    ]
}