{
    "description": "",
    "tags": [],
    "size": {
        "height": 1725,
        "width": 1343
    },
    "objects": [
        {
            "id": 972020678,
            "classId": 10214730,
            "description": "",
            "geometryType": "polygon",
            "labelerLogin": "Yalda2HITL",
            "createdAt": "2022-07-18T14:27:10.199Z",
            "updatedAt": "2022-07-18T14:27:10.199Z",
            "tags": [],
            "classTitle": "Page",
            "points": {
                "exterior": [
                    [
                        1175,
                        208
                    ],
                    [
                        1176,
                        560
                    ],
                    [
                        1190,
                        1223
                    ],
                    [
                        1194,
                        1499
                    ],
                    [
                        1193,
                        1529
                    ],
                    [
                        1182,
                        1535
                    ],
                    [
                        1088,
                        1538
                    ],
                    [
                        892,
                        1549
                    ],
                    [
                        646,
                        1563
                    ],
                    [
                        498,
                        1569
                    ],
                    [
                        368,
                        1579
                    ],
                    [
                        305,
                        1586
                    ],
                    [
                        300,
                        1582
                    ],
                    [
                        297,
                        1547
                    ],
                    [
                        280,
                        1395
                    ],
                    [
                        254,
                        1184
                    ],
                    [
                        217,
                        879
                    ],
                    [
                        135,
                        302
                    ],
                    [
                        135,
                        299
                    ],
                    [
                        137,
                        293
                    ],
                    [
                        158,
                        292
                    ],
                    [
                        225,
                        288
                    ],
                    [
                        384,
                        276
                    ],
                    [
                        533,
                        264
                    ],
                    [
                        976,
                        224
                    ],
                    [
                        1087,
                        213
                    ],
                    [
                        1173,
                        205
                    ]
                ],
                "interior": []
            }
        },
        {
            "id": 972020707,
            "classId": 10214732,
            "description": "",
            "geometryType": "rectangle",
            "labelerLogin": "Yalda2HITL",
            "createdAt": "2022-07-18T14:27:10.199Z",
            "updatedAt": "2022-07-18T14:27:10.199Z",
            "tags": [],
            "classTitle": "Body text",
            "points": {
                "exterior": [
                    [
                        511,
                        310
                    ],
                    [
                        813,
                        400
                    ]
                ],
                "interior": []
            }
        },
        {
            "id": 972020705,
            "classId": 10214731,
            "description": "",
            "geometryType": "rectangle",
            "labelerLogin": "Yalda2HITL",
            "createdAt": "2022-07-18T14:27:10.199Z",
            "updatedAt": "2022-07-18T14:27:10.199Z",
            "tags": [
                {
                    "id": 151023707,
                    "tagId": 30308107,
                    "name": "Transcription",
                    "value": "\u0645\u0639\u062c\u0632\u0629 ",
                    "labelerLogin": "Yalda2HITL",
                    "createdAt": "2022-07-18T14:27:10.199Z",
                    "updatedAt": "2022-07-18T14:27:10.199Z"
                }
            ],
            "classTitle": "Title",
            "points": {
                "exterior": [
                    [
                        398,
                        650
                    ],
                    [
                        1043,
                        877
                    ]
                ],
                "interior": []
            }
        },
        {
            "id": 972020938,
            "classId": 10214731,
            "description": "",
            "geometryType": "rectangle",
            "labelerLogin": "Yalda2HITL",
            "createdAt": "2022-07-18T14:27:10.199Z",
            "updatedAt": "2022-07-18T14:27:10.199Z",
            "tags": [
                {
                    "id": 151023743,
                    "tagId": 30308107,
                    "name": "Transcription",
                    "value": "\u0627\u0644\u0635\u0628\u0627\u062d",
                    "labelerLogin": "Yalda2HITL",
                    "createdAt": "2022-07-18T14:27:10.199Z",
                    "updatedAt": "2022-07-18T14:27:10.199Z"
                }
            ],
            "classTitle": "Title",
            "points": {
                "exterior": [
                    [
                        372,
                        832
                    ],
                    [
                        943,
                        1091
                    ]
                ],
                "interior": []
            }
        },
        {
            "id": 972020697,
            "classId": 10214732,
            "description": "",
            "geometryType": "rectangle",
            "labelerLogin": "Yalda2HITL",
            "createdAt": "2022-07-18T14:27:10.199Z",
            "updatedAt": "2022-07-18T14:27:10.199Z",
            "tags": [],
            "classTitle": "Body text",
            "points": {
                "exterior": [
                    [
                        372,
                        1079
                    ],
                    [
                        1084,
                        1209
                    ]
                ],
                "interior": []
            }
        },
        {
            "id": 972020704,
            "classId": 10214732,
            "description": "",
            "geometryType": "rectangle",
            "labelerLogin": "Yalda2HITL",
            "createdAt": "2022-07-18T14:27:10.199Z",
            "updatedAt": "2022-07-18T14:27:10.199Z",
            "tags": [],
            "classTitle": "Body text",
            "points": {
                "exterior": [
                    [
                        377,
                        1202
                    ],
                    [
                        762,
                        1291
                    ]
                ],
                "interior": []
            }
        },
        {
            "id": 972020706,
            "classId": 10214732,
            "description": "",
            "geometryType": "rectangle",
            "labelerLogin": "Yalda2HITL",
            "createdAt": "2022-07-18T14:27:10.199Z",
            "updatedAt": "2022-07-18T14:27:10.199Z",
            "tags": [],
            "classTitle": "Body text",
            "points": {
                "exterior": [
                    [
                        557,
                        1311
                    ],
                    [
                        916,
                        1372
                    ]
                ],
                "interior": []
            }
        },
        {
            "id": 972020670,
            "classId": 10214732,
            "description": "",
            "geometryType": "rectangle",
            "labelerLogin": "Yalda2HITL",
            "createdAt": "2022-07-18T14:27:10.199Z",
            "updatedAt": "2022-07-18T14:27:10.199Z",
            "tags": [],
            "classTitle": "Body text",
            "points": {
                "exterior": [
                    [
                        506,
                        1363
                    ],
                    [
                        985,
                        1432
                    ]
                ],
                "interior": []
            }
        },
        {
            "id": 972020703,
            "classId": 10214732,
            "description": "",
            "geometryType": "rectangle",
            "labelerLogin": "Yalda2HITL",
            "createdAt": "2022-07-18T14:27:10.199Z",
            "updatedAt": "2022-07-18T14:27:10.199Z",
            "tags": [],
            "classTitle": "Body text",
            "points": {
                "exterior": [
                    [
                        621,
                        1468
                    ],
                    [
                        821,
                        1507
                    ]
                ],
                "interior": []
            }
        }
    ]
}