{
    "description": "",
    "tags": [],
    "size": {
        "height": 1600,
        "width": 1535
    },
    "objects": [
        {
            "id": 972021656,
            "classId": 10214732,
            "description": "",
            "geometryType": "rectangle",
            "labelerLogin": "Yalda2HITL",
            "createdAt": "2022-07-18T14:28:49.818Z",
            "updatedAt": "2022-07-18T14:28:49.818Z",
            "tags": [],
            "classTitle": "Body text",
            "points": {
                "exterior": [
                    [
                        458,
                        424
                    ],
                    [
                        1067,
                        476
                    ]
                ],
                "interior": []
            }
        },
        {
            "id": 972021655,
            "classId": 10214732,
            "description": "",
            "geometryType": "rectangle",
            "labelerLogin": "Yalda2HITL",
            "createdAt": "2022-07-18T14:28:49.818Z",
            "updatedAt": "2022-07-18T14:28:49.818Z",
            "tags": [],
            "classTitle": "Body text",
            "points": {
                "exterior": [
                    [
                        770,
                        474
                    ],
                    [
                        1068,
                        520
                    ]
                ],
                "interior": []
            }
        },
        {
            "id": 972021654,
            "classId": 10214732,
            "description": "",
            "geometryType": "rectangle",
            "labelerLogin": "Yalda2HITL",
            "createdAt": "2022-07-18T14:28:49.818Z",
            "updatedAt": "2022-07-18T14:28:49.818Z",
            "tags": [],
            "classTitle": "Body text",
            "points": {
                "exterior": [
                    [
                        530,
                        589
                    ],
                    [
                        1065,
                        629
                    ]
                ],
                "interior": []
            }
        },
        {
            "id": 972021663,
            "classId": 10214732,
            "description": "",
            "geometryType": "rectangle",
            "labelerLogin": "Yalda2HITL",
            "createdAt": "2022-07-18T14:28:49.818Z",
            "updatedAt": "2022-07-18T14:28:49.818Z",
            "tags": [],
            "classTitle": "Body text",
            "points": {
                "exterior": [
                    [
                        476,
                        658
                    ],
                    [
                        1066,
                        693
                    ]
                ],
                "interior": []
            }
        },
        {
            "id": 972021658,
            "classId": 10214732,
            "description": "",
            "geometryType": "rectangle",
            "labelerLogin": "Yalda2HITL",
            "createdAt": "2022-07-18T14:28:49.818Z",
            "updatedAt": "2022-07-18T14:28:49.818Z",
            "tags": [],
            "classTitle": "Body text",
            "points": {
                "exterior": [
                    [
                        475,
                        723
                    ],
                    [
                        1064,
                        765
                    ]
                ],
                "interior": []
            }
        },
        {
            "id": 972021653,
            "classId": 10214732,
            "description": "",
            "geometryType": "rectangle",
            "labelerLogin": "Yalda2HITL",
            "createdAt": "2022-07-18T14:28:49.818Z",
            "updatedAt": "2022-07-18T14:28:49.818Z",
            "tags": [],
            "classTitle": "Body text",
            "points": {
                "exterior": [
                    [
                        478,
                        789
                    ],
                    [
                        1059,
                        832
                    ]
                ],
                "interior": []
            }
        },
        {
            "id": 972021657,
            "classId": 10214732,
            "description": "",
            "geometryType": "rectangle",
            "labelerLogin": "Yalda2HITL",
            "createdAt": "2022-07-18T14:28:49.818Z",
            "updatedAt": "2022-07-18T14:28:49.818Z",
            "tags": [],
            "classTitle": "Body text",
            "points": {
                "exterior": [
                    [
                        480,
                        860
                    ],
                    [
                        1059,
                        898
                    ]
                ],
                "interior": []
            }
        },
        {
            "id": 972021662,
            "classId": 10214732,
            "description": "",
            "geometryType": "rectangle",
            "labelerLogin": "Yalda2HITL",
            "createdAt": "2022-07-18T14:28:49.818Z",
            "updatedAt": "2022-07-18T14:28:49.818Z",
            "tags": [],
            "classTitle": "Body text",
            "points": {
                "exterior": [
                    [
                        480,
                        923
                    ],
                    [
                        1060,
                        957
                    ]
                ],
                "interior": []
            }
        },
        {
            "id": 972021661,
            "classId": 10214732,
            "description": "",
            "geometryType": "rectangle",
            "labelerLogin": "Yalda2HITL",
            "createdAt": "2022-07-18T14:28:49.818Z",
            "updatedAt": "2022-07-18T14:28:49.818Z",
            "tags": [],
            "classTitle": "Body text",
            "points": {
                "exterior": [
                    [
                        477,
                        993
                    ],
                    [
                        1060,
                        1034
                    ]
                ],
                "interior": []
            }
        },
        {
            "id": 972021660,
            "classId": 10214732,
            "description": "",
            "geometryType": "rectangle",
            "labelerLogin": "Yalda2HITL",
            "createdAt": "2022-07-18T14:28:49.818Z",
            "updatedAt": "2022-07-18T14:28:49.818Z",
            "tags": [],
            "classTitle": "Body text",
            "points": {
                "exterior": [
                    [
                        479,
                        1054
                    ],
                    [
                        1059,
                        1092
                    ]
                ],
                "interior": []
            }
        },
        {
            "id": 972021659,
            "classId": 10214732,
            "description": "",
            "geometryType": "rectangle",
            "labelerLogin": "Yalda2HITL",
            "createdAt": "2022-07-18T14:28:49.818Z",
            "updatedAt": "2022-07-18T14:28:49.818Z",
            "tags": [],
            "classTitle": "Body text",
            "points": {
                "exterior": [
                    [
                        527,
                        1117
                    ],
                    [
                        1060,
                        1159
                    ]
                ],
                "interior": []
            }
        },
        {
            "id": 972021664,
            "classId": 10214730,
            "description": "",
            "geometryType": "polygon",
            "labelerLogin": "Yalda2HITL",
            "createdAt": "2022-07-18T14:28:49.818Z",
            "updatedAt": "2022-07-18T14:28:49.818Z",
            "tags": [],
            "classTitle": "Page",
            "points": {
                "exterior": [
                    [
                        364,
                        256
                    ],
                    [
                        364,
                        249
                    ],
                    [
                        364,
                        245
                    ],
                    [
                        365,
                        240
                    ],
                    [
                        407,
                        238
                    ],
                    [
                        521,
                        238
                    ],
                    [
                        656,
                        238
                    ],
                    [
                        773,
                        238
                    ],
                    [
                        856,
                        237
                    ],
                    [
                        998,
                        232
                    ],
                    [
                        1077,
                        231
                    ],
                    [
                        1112,
                        228
                    ],
                    [
                        1142,
                        227
                    ],
                    [
                        1151,
                        226
                    ],
                    [
                        1156,
                        228
                    ],
                    [
                        1156,
                        230
                    ],
                    [
                        1155,
                        232
                    ],
                    [
                        1157,
                        237
                    ],
                    [
                        1160,
                        239
                    ],
                    [
                        1163,
                        239
                    ],
                    [
                        1165,
                        244
                    ],
                    [
                        1165,
                        254
                    ],
                    [
                        1165,
                        264
                    ],
                    [
                        1165,
                        272
                    ],
                    [
                        1164,
                        288
                    ],
                    [
                        1164,
                        317
                    ],
                    [
                        1164,
                        330
                    ],
                    [
                        1163,
                        388
                    ],
                    [
                        1161,
                        479
                    ],
                    [
                        1159,
                        566
                    ],
                    [
                        1156,
                        695
                    ],
                    [
                        1150,
                        1084
                    ],
                    [
                        1147,
                        1285
                    ],
                    [
                        1147,
                        1322
                    ],
                    [
                        1147,
                        1338
                    ],
                    [
                        1139,
                        1345
                    ],
                    [
                        1121,
                        1345
                    ],
                    [
                        958,
                        1341
                    ],
                    [
                        801,
                        1337
                    ],
                    [
                        622,
                        1334
                    ],
                    [
                        517,
                        1335
                    ],
                    [
                        432,
                        1331
                    ],
                    [
                        395,
                        1331
                    ],
                    [
                        376,
                        1325
                    ],
                    [
                        375,
                        1297
                    ],
                    [
                        373,
                        1170
                    ],
                    [
                        371,
                        766
                    ],
                    [
                        367,
                        493
                    ],
                    [
                        365,
                        331
                    ],
                    [
                        363,
                        266
                    ]
                ],
                "interior": []
            }
        }
    ]
}