{
    "description": "",
    "tags": [],
    "size": {
        "height": 1600,
        "width": 1200
    },
    "objects": [
        {
            "id": 972021631,
            "classId": 10214731,
            "description": "",
            "geometryType": "rectangle",
            "labelerLogin": "Yalda2HITL",
            "createdAt": "2022-07-18T14:28:49.818Z",
            "updatedAt": "2022-07-18T14:28:49.818Z",
            "tags": [
                {
                    "id": 151023871,
                    "tagId": 30308107,
                    "name": "Transcription",
                    "value": "\u062f\u064a\u0646 \u0627\u0644\u062d\u0642",
                    "labelerLogin": "Yalda2HITL",
                    "createdAt": "2022-07-18T14:28:49.818Z",
                    "updatedAt": "2022-07-18T14:28:49.818Z"
                }
            ],
            "classTitle": "Title",
            "points": {
                "exterior": [
                    [
                        543,
                        338
                    ],
                    [
                        874,
                        514
                    ]
                ],
                "interior": []
            }
        },
        {
            "id": 972021632,
            "classId": 10214731,
            "description": "",
            "geometryType": "rectangle",
            "labelerLogin": "Yalda2HITL",
            "createdAt": "2022-07-18T14:28:49.818Z",
            "updatedAt": "2022-07-18T14:28:49.818Z",
            "tags": [
                {
                    "id": 151023872,
                    "tagId": 30308107,
                    "name": "Transcription",
                    "value": " \u0633\u0644\u0633\u0644\u0629 \u0641\u064a \u0627\u0644\u062a\u0631\u0628\u064a\u0629 \u0627\u0644\u0625\u0633\u0644\u0627\u0645\u064a\u0629",
                    "labelerLogin": "Yalda2HITL",
                    "createdAt": "2022-07-18T14:28:49.818Z",
                    "updatedAt": "2022-07-18T14:28:49.818Z"
                }
            ],
            "classTitle": "Title",
            "points": {
                "exterior": [
                    [
                        547,
                        517
                    ],
                    [
                        873,
                        580
                    ]
                ],
                "interior": []
            }
        },
        {
            "id": 972021633,
            "classId": 10214731,
            "description": "",
            "geometryType": "rectangle",
            "labelerLogin": "Yalda2HITL",
            "createdAt": "2022-07-18T14:28:49.818Z",
            "updatedAt": "2022-07-18T14:28:49.818Z",
            "tags": [
                {
                    "id": 151023873,
                    "tagId": 30308107,
                    "name": "Transcription",
                    "value": " \u0646\u062d\u0648 \u0628\u0646\u0627\u0621 \u062c\u064a\u0644 \u064a\u062d\u0645\u0644 \u0631\u0633\u0627\u0644\u0629 \u0627\u0644\u0625\u0633\u0644\u0627\u0645 \u0627\u0644\u0633\u0645\u062d\u0629",
                    "labelerLogin": "Yalda2HITL",
                    "createdAt": "2022-07-18T14:28:49.818Z",
                    "updatedAt": "2022-07-18T14:28:49.818Z"
                }
            ],
            "classTitle": "Title",
            "points": {
                "exterior": [
                    [
                        617,
                        587
                    ],
                    [
                        872,
                        619
                    ]
                ],
                "interior": []
            }
        },
        {
            "id": 972021630,
            "classId": 10214732,
            "description": "",
            "geometryType": "rectangle",
            "labelerLogin": "Yalda2HITL",
            "createdAt": "2022-07-18T14:28:49.818Z",
            "updatedAt": "2022-07-18T14:28:49.818Z",
            "tags": [],
            "classTitle": "Body text",
            "points": {
                "exterior": [
                    [
                        290,
                        643
                    ],
                    [
                        552,
                        709
                    ]
                ],
                "interior": []
            }
        },
        {
            "id": 972021629,
            "classId": 10214732,
            "description": "",
            "geometryType": "rectangle",
            "labelerLogin": "Yalda2HITL",
            "createdAt": "2022-07-18T14:28:49.818Z",
            "updatedAt": "2022-07-18T14:28:49.818Z",
            "tags": [],
            "classTitle": "Body text",
            "points": {
                "exterior": [
                    [
                        373,
                        705
                    ],
                    [
                        541,
                        745
                    ]
                ],
                "interior": []
            }
        },
        {
            "id": 972021628,
            "classId": 10214732,
            "description": "",
            "geometryType": "rectangle",
            "labelerLogin": "Yalda2HITL",
            "createdAt": "2022-07-18T14:28:49.818Z",
            "updatedAt": "2022-07-18T14:28:49.818Z",
            "tags": [],
            "classTitle": "Body text",
            "points": {
                "exterior": [
                    [
                        309,
                        395
                    ],
                    [
                        435,
                        582
                    ]
                ],
                "interior": []
            }
        },
        {
            "id": 972021636,
            "classId": 10214732,
            "description": "",
            "geometryType": "rectangle",
            "labelerLogin": "Yalda2HITL",
            "createdAt": "2022-07-18T14:28:49.818Z",
            "updatedAt": "2022-07-18T14:28:49.818Z",
            "tags": [],
            "classTitle": "Body text",
            "points": {
                "exterior": [
                    [
                        732,
                        1205
                    ],
                    [
                        846,
                        1218
                    ]
                ],
                "interior": []
            }
        },
        {
            "id": 972021635,
            "classId": 10214732,
            "description": "",
            "geometryType": "rectangle",
            "labelerLogin": "Yalda2HITL",
            "createdAt": "2022-07-18T14:28:49.818Z",
            "updatedAt": "2022-07-18T14:28:49.818Z",
            "tags": [],
            "classTitle": "Body text",
            "points": {
                "exterior": [
                    [
                        725,
                        1125
                    ],
                    [
                        849,
                        1195
                    ]
                ],
                "interior": []
            }
        },
        {
            "id": 972021627,
            "classId": 10214732,
            "description": "",
            "geometryType": "rectangle",
            "labelerLogin": "Yalda2HITL",
            "createdAt": "2022-07-18T14:28:49.818Z",
            "updatedAt": "2022-07-18T14:28:49.818Z",
            "tags": [],
            "classTitle": "Body text",
            "points": {
                "exterior": [
                    [
                        410,
                        1128
                    ],
                    [
                        675,
                        1167
                    ]
                ],
                "interior": []
            }
        },
        {
            "id": 972021634,
            "classId": 10214732,
            "description": "",
            "geometryType": "rectangle",
            "labelerLogin": "Yalda2HITL",
            "createdAt": "2022-07-18T14:28:49.818Z",
            "updatedAt": "2022-07-18T14:28:49.818Z",
            "tags": [],
            "classTitle": "Body text",
            "points": {
                "exterior": [
                    [
                        457,
                        1169
                    ],
                    [
                        674,
                        1191
                    ]
                ],
                "interior": []
            }
        },
        {
            "id": 972021637,
            "classId": 10214732,
            "description": "",
            "geometryType": "rectangle",
            "labelerLogin": "Yalda2HITL",
            "createdAt": "2022-07-18T14:28:49.818Z",
            "updatedAt": "2022-07-18T14:28:49.818Z",
            "tags": [],
            "classTitle": "Body text",
            "points": {
                "exterior": [
                    [
                        518,
                        1195
                    ],
                    [
                        674,
                        1224
                    ]
                ],
                "interior": []
            }
        },
        {
            "id": 972021710,
            "classId": 10214730,
            "description": "",
            "geometryType": "polygon",
            "labelerLogin": "Yalda2HITL",
            "createdAt": "2022-07-18T14:28:49.818Z",
            "updatedAt": "2022-07-18T14:28:49.818Z",
            "tags": [],
            "classTitle": "Page",
            "points": {
                "exterior": [
                    [
                        970,
                        300
                    ],
                    [
                        929,
                        294
                    ],
                    [
                        615,
                        290
                    ],
                    [
                        325,
                        283
                    ],
                    [
                        288,
                        283
                    ],
                    [
                        261,
                        282
                    ],
                    [
                        248,
                        287
                    ],
                    [
                        248,
                        307
                    ],
                    [
                        249,
                        324
                    ],
                    [
                        251,
                        485
                    ],
                    [
                        256,
                        1125
                    ],
                    [
                        258,
                        1253
                    ],
                    [
                        257,
                        1272
                    ],
                    [
                        265,
                        1279
                    ],
                    [
                        276,
                        1285
                    ],
                    [
                        332,
                        1283
                    ],
                    [
                        421,
                        1283
                    ],
                    [
                        568,
                        1283
                    ],
                    [
                        778,
                        1287
                    ],
                    [
                        868,
                        1290
                    ],
                    [
                        905,
                        1293
                    ],
                    [
                        936,
                        1291
                    ],
                    [
                        943,
                        1290
                    ],
                    [
                        953,
                        1008
                    ],
                    [
                        962,
                        642
                    ],
                    [
                        968,
                        405
                    ],
                    [
                        970,
                        345
                    ],
                    [
                        970,
                        312
                    ]
                ],
                "interior": []
            }
        }
    ]
}