{
    "description": "",
    "tags": [],
    "size": {
        "height": 1600,
        "width": 1200
    },
    "objects": [
        {
            "id": 972021614,
            "classId": 10214732,
            "description": "",
            "geometryType": "rectangle",
            "labelerLogin": "Yalda2HITL",
            "createdAt": "2022-07-18T14:28:49.818Z",
            "updatedAt": "2022-07-18T14:28:49.818Z",
            "tags": [],
            "classTitle": "Body text",
            "points": {
                "exterior": [
                    [
                        782,
                        383
                    ],
                    [
                        856,
                        428
                    ]
                ],
                "interior": []
            }
        },
        {
            "id": 972021613,
            "classId": 10214732,
            "description": "",
            "geometryType": "rectangle",
            "labelerLogin": "Yalda2HITL",
            "createdAt": "2022-07-18T14:28:49.818Z",
            "updatedAt": "2022-07-18T14:28:49.818Z",
            "tags": [],
            "classTitle": "Body text",
            "points": {
                "exterior": [
                    [
                        762,
                        333
                    ],
                    [
                        873,
                        446
                    ]
                ],
                "interior": []
            }
        },
        {
            "id": 972021612,
            "classId": 10214732,
            "description": "",
            "geometryType": "rectangle",
            "labelerLogin": "Yalda2HITL",
            "createdAt": "2022-07-18T14:28:49.818Z",
            "updatedAt": "2022-07-18T14:28:49.818Z",
            "tags": [],
            "classTitle": "Body text",
            "points": {
                "exterior": [
                    [
                        785,
                        450
                    ],
                    [
                        851,
                        474
                    ]
                ],
                "interior": []
            }
        },
        {
            "id": 972021615,
            "classId": 10214732,
            "description": "",
            "geometryType": "rectangle",
            "labelerLogin": "Yalda2HITL",
            "createdAt": "2022-07-18T14:28:49.818Z",
            "updatedAt": "2022-07-18T14:28:49.818Z",
            "tags": [],
            "classTitle": "Body text",
            "points": {
                "exterior": [
                    [
                        736,
                        470
                    ],
                    [
                        899,
                        493
                    ]
                ],
                "interior": []
            }
        },
        {
            "id": 972021616,
            "classId": 10214731,
            "description": "",
            "geometryType": "rectangle",
            "labelerLogin": "Yalda2HITL",
            "createdAt": "2022-07-18T14:28:49.818Z",
            "updatedAt": "2022-07-18T14:28:49.818Z",
            "tags": [
                {
                    "id": 151023868,
                    "tagId": 30308107,
                    "name": "Transcription",
                    "value": "\u0642\u0628\u0633",
                    "labelerLogin": "Yalda2HITL",
                    "createdAt": "2022-07-18T14:28:49.818Z",
                    "updatedAt": "2022-07-18T14:28:49.818Z"
                }
            ],
            "classTitle": "Title",
            "points": {
                "exterior": [
                    [
                        494,
                        519
                    ],
                    [
                        671,
                        687
                    ]
                ],
                "interior": []
            }
        },
        {
            "id": 972021610,
            "classId": 10214731,
            "description": "",
            "geometryType": "rectangle",
            "labelerLogin": "Yalda2HITL",
            "createdAt": "2022-07-18T14:28:49.818Z",
            "updatedAt": "2022-07-18T14:28:49.818Z",
            "tags": [
                {
                    "id": 151023866,
                    "tagId": 30308107,
                    "name": "Transcription",
                    "value": "\u0645\u0646 \u0646\u0648\u0631 \u062d\u0636\u0627\u0631\u062a\u0646\u0627",
                    "labelerLogin": "Yalda2HITL",
                    "createdAt": "2022-07-18T14:28:49.818Z",
                    "updatedAt": "2022-07-18T14:28:49.818Z"
                }
            ],
            "classTitle": "Title",
            "points": {
                "exterior": [
                    [
                        333,
                        658
                    ],
                    [
                        835,
                        810
                    ]
                ],
                "interior": []
            }
        },
        {
            "id": 972021708,
            "classId": 10214730,
            "description": "",
            "geometryType": "polygon",
            "labelerLogin": "Yalda2HITL",
            "createdAt": "2022-07-18T14:28:49.818Z",
            "updatedAt": "2022-07-18T14:28:49.818Z",
            "tags": [],
            "classTitle": "Page",
            "points": {
                "exterior": [
                    [
                        973,
                        259
                    ],
                    [
                        938,
                        256
                    ],
                    [
                        924,
                        256
                    ],
                    [
                        886,
                        256
                    ],
                    [
                        627,
                        256
                    ],
                    [
                        598,
                        257
                    ],
                    [
                        376,
                        253
                    ],
                    [
                        339,
                        251
                    ],
                    [
                        272,
                        249
                    ],
                    [
                        255,
                        248
                    ],
                    [
                        246,
                        247
                    ],
                    [
                        232,
                        255
                    ],
                    [
                        222,
                        273
                    ],
                    [
                        225,
                        284
                    ],
                    [
                        223,
                        304
                    ],
                    [
                        225,
                        362
                    ],
                    [
                        225,
                        371
                    ],
                    [
                        226,
                        393
                    ],
                    [
                        230,
                        413
                    ],
                    [
                        229,
                        431
                    ],
                    [
                        232,
                        441
                    ],
                    [
                        232,
                        459
                    ],
                    [
                        232,
                        476
                    ],
                    [
                        233,
                        552
                    ],
                    [
                        238,
                        677
                    ],
                    [
                        239,
                        710
                    ],
                    [
                        239,
                        767
                    ],
                    [
                        240,
                        801
                    ],
                    [
                        242,
                        868
                    ],
                    [
                        247,
                        944
                    ],
                    [
                        247,
                        989
                    ],
                    [
                        246,
                        1009
                    ],
                    [
                        248,
                        1030
                    ],
                    [
                        247,
                        1108
                    ],
                    [
                        249,
                        1168
                    ],
                    [
                        249,
                        1209
                    ],
                    [
                        250,
                        1223
                    ],
                    [
                        252,
                        1249
                    ],
                    [
                        254,
                        1265
                    ],
                    [
                        258,
                        1275
                    ],
                    [
                        269,
                        1273
                    ],
                    [
                        297,
                        1271
                    ],
                    [
                        428,
                        1268
                    ],
                    [
                        653,
                        1265
                    ],
                    [
                        860,
                        1265
                    ],
                    [
                        908,
                        1265
                    ],
                    [
                        941,
                        1267
                    ],
                    [
                        949,
                        1262
                    ],
                    [
                        951,
                        1203
                    ],
                    [
                        960,
                        714
                    ],
                    [
                        967,
                        372
                    ],
                    [
                        971,
                        287
                    ]
                ],
                "interior": []
            }
        }
    ]
}