{
    "description": "",
    "tags": [],
    "size": {
        "height": 1600,
        "width": 1200
    },
    "objects": [
        {
            "id": 972021618,
            "classId": 10214731,
            "description": "",
            "geometryType": "rectangle",
            "labelerLogin": "Yalda2HITL",
            "createdAt": "2022-07-18T14:28:49.818Z",
            "updatedAt": "2022-07-18T14:28:49.818Z",
            "tags": [
                {
                    "id": 151023870,
                    "tagId": 30308107,
                    "name": "Transcription",
                    "value": "\u0627\u0644\u0645\u062c\u0627\u0644 \u0627\u0644\u062c\u063a\u0631\u0627\u0641\u064a ",
                    "labelerLogin": "Yalda2HITL",
                    "createdAt": "2022-07-18T14:28:49.818Z",
                    "updatedAt": "2022-07-18T14:28:49.818Z"
                }
            ],
            "classTitle": "Title",
            "points": {
                "exterior": [
                    [
                        256,
                        307
                    ],
                    [
                        927,
                        433
                    ]
                ],
                "interior": []
            }
        },
        {
            "id": 972021617,
            "classId": 10214731,
            "description": "",
            "geometryType": "rectangle",
            "labelerLogin": "Yalda2HITL",
            "createdAt": "2022-07-18T14:28:49.818Z",
            "updatedAt": "2022-07-18T14:28:49.818Z",
            "tags": [
                {
                    "id": 151023869,
                    "tagId": 30308107,
                    "name": "Transcription",
                    "value": "\u0627\u0644\u0644\u0628\u0646\u0627\u0646\u064a \u0648\u0627\u0644\u0639\u0631\u0628\u064a",
                    "labelerLogin": "Yalda2HITL",
                    "createdAt": "2022-07-18T14:28:49.818Z",
                    "updatedAt": "2022-07-18T14:28:49.818Z"
                }
            ],
            "classTitle": "Title",
            "points": {
                "exterior": [
                    [
                        352,
                        434
                    ],
                    [
                        830,
                        521
                    ]
                ],
                "interior": []
            }
        },
        {
            "id": 972021623,
            "classId": 10214732,
            "description": "",
            "geometryType": "rectangle",
            "labelerLogin": "Yalda2HITL",
            "createdAt": "2022-07-18T14:28:49.818Z",
            "updatedAt": "2022-07-18T14:28:49.818Z",
            "tags": [],
            "classTitle": "Body text",
            "points": {
                "exterior": [
                    [
                        284,
                        611
                    ],
                    [
                        431,
                        638
                    ]
                ],
                "interior": []
            }
        },
        {
            "id": 972021622,
            "classId": 10214732,
            "description": "",
            "geometryType": "rectangle",
            "labelerLogin": "Yalda2HITL",
            "createdAt": "2022-07-18T14:28:49.818Z",
            "updatedAt": "2022-07-18T14:28:49.818Z",
            "tags": [],
            "classTitle": "Body text",
            "points": {
                "exterior": [
                    [
                        286,
                        646
                    ],
                    [
                        418,
                        678
                    ]
                ],
                "interior": []
            }
        },
        {
            "id": 972021626,
            "classId": 10214732,
            "description": "",
            "geometryType": "rectangle",
            "labelerLogin": "Yalda2HITL",
            "createdAt": "2022-07-18T14:28:49.818Z",
            "updatedAt": "2022-07-18T14:28:49.818Z",
            "tags": [],
            "classTitle": "Body text",
            "points": {
                "exterior": [
                    [
                        286,
                        688
                    ],
                    [
                        388,
                        720
                    ]
                ],
                "interior": []
            }
        },
        {
            "id": 972021625,
            "classId": 10214732,
            "description": "",
            "geometryType": "rectangle",
            "labelerLogin": "Yalda2HITL",
            "createdAt": "2022-07-18T14:28:49.818Z",
            "updatedAt": "2022-07-18T14:28:49.818Z",
            "tags": [],
            "classTitle": "Body text",
            "points": {
                "exterior": [
                    [
                        786,
                        1227
                    ],
                    [
                        881,
                        1247
                    ]
                ],
                "interior": []
            }
        },
        {
            "id": 972021621,
            "classId": 10214732,
            "description": "",
            "geometryType": "rectangle",
            "labelerLogin": "Yalda2HITL",
            "createdAt": "2022-07-18T14:28:49.818Z",
            "updatedAt": "2022-07-18T14:28:49.818Z",
            "tags": [],
            "classTitle": "Body text",
            "points": {
                "exterior": [
                    [
                        284,
                        1210
                    ],
                    [
                        666,
                        1236
                    ]
                ],
                "interior": []
            }
        },
        {
            "id": 972021619,
            "classId": 10214732,
            "description": "",
            "geometryType": "rectangle",
            "labelerLogin": "Yalda2HITL",
            "createdAt": "2022-07-18T14:28:49.818Z",
            "updatedAt": "2022-07-18T14:28:49.818Z",
            "tags": [],
            "classTitle": "Body text",
            "points": {
                "exterior": [
                    [
                        285,
                        1245
                    ],
                    [
                        422,
                        1267
                    ]
                ],
                "interior": []
            }
        },
        {
            "id": 972021624,
            "classId": 10214732,
            "description": "",
            "geometryType": "rectangle",
            "labelerLogin": "Yalda2HITL",
            "createdAt": "2022-07-18T14:28:49.818Z",
            "updatedAt": "2022-07-18T14:28:49.818Z",
            "tags": [],
            "classTitle": "Body text",
            "points": {
                "exterior": [
                    [
                        286,
                        1188
                    ],
                    [
                        339,
                        1210
                    ]
                ],
                "interior": []
            }
        },
        {
            "id": 972021620,
            "classId": 10214732,
            "description": "",
            "geometryType": "rectangle",
            "labelerLogin": "Yalda2HITL",
            "createdAt": "2022-07-18T14:28:49.818Z",
            "updatedAt": "2022-07-18T14:28:49.818Z",
            "tags": [],
            "classTitle": "Body text",
            "points": {
                "exterior": [
                    [
                        286,
                        1157
                    ],
                    [
                        324,
                        1186
                    ]
                ],
                "interior": []
            }
        },
        {
            "id": 972021709,
            "classId": 10214730,
            "description": "",
            "geometryType": "polygon",
            "labelerLogin": "Yalda2HITL",
            "createdAt": "2022-07-18T14:28:49.818Z",
            "updatedAt": "2022-07-18T14:28:49.818Z",
            "tags": [],
            "classTitle": "Page",
            "points": {
                "exterior": [
                    [
                        985,
                        266
                    ],
                    [
                        926,
                        264
                    ],
                    [
                        846,
                        264
                    ],
                    [
                        767,
                        262
                    ],
                    [
                        672,
                        263
                    ],
                    [
                        588,
                        261
                    ],
                    [
                        560,
                        261
                    ],
                    [
                        522,
                        261
                    ],
                    [
                        399,
                        259
                    ],
                    [
                        347,
                        258
                    ],
                    [
                        321,
                        259
                    ],
                    [
                        293,
                        258
                    ],
                    [
                        274,
                        258
                    ],
                    [
                        241,
                        260
                    ],
                    [
                        227,
                        266
                    ],
                    [
                        219,
                        272
                    ],
                    [
                        218,
                        283
                    ],
                    [
                        215,
                        315
                    ],
                    [
                        217,
                        339
                    ],
                    [
                        216,
                        379
                    ],
                    [
                        221,
                        541
                    ],
                    [
                        224,
                        649
                    ],
                    [
                        225,
                        668
                    ],
                    [
                        225,
                        718
                    ],
                    [
                        224,
                        921
                    ],
                    [
                        227,
                        1014
                    ],
                    [
                        227,
                        1111
                    ],
                    [
                        227,
                        1129
                    ],
                    [
                        227,
                        1172
                    ],
                    [
                        229,
                        1201
                    ],
                    [
                        228,
                        1227
                    ],
                    [
                        227,
                        1273
                    ],
                    [
                        225,
                        1305
                    ],
                    [
                        226,
                        1308
                    ],
                    [
                        234,
                        1309
                    ],
                    [
                        242,
                        1312
                    ],
                    [
                        251,
                        1314
                    ],
                    [
                        264,
                        1321
                    ],
                    [
                        278,
                        1321
                    ],
                    [
                        299,
                        1321
                    ],
                    [
                        396,
                        1318
                    ],
                    [
                        433,
                        1320
                    ],
                    [
                        459,
                        1318
                    ],
                    [
                        507,
                        1318
                    ],
                    [
                        547,
                        1318
                    ],
                    [
                        658,
                        1319
                    ],
                    [
                        758,
                        1319
                    ],
                    [
                        878,
                        1320
                    ],
                    [
                        922,
                        1321
                    ],
                    [
                        940,
                        1321
                    ],
                    [
                        953,
                        1320
                    ],
                    [
                        965,
                        1319
                    ],
                    [
                        966,
                        1312
                    ],
                    [
                        970,
                        1303
                    ],
                    [
                        975,
                        1294
                    ],
                    [
                        981,
                        1293
                    ],
                    [
                        980,
                        1284
                    ],
                    [
                        978,
                        1276
                    ],
                    [
                        982,
                        1278
                    ],
                    [
                        985,
                        1272
                    ],
                    [
                        979,
                        1271
                    ],
                    [
                        976,
                        1268
                    ],
                    [
                        975,
                        1260
                    ],
                    [
                        975,
                        1238
                    ],
                    [
                        975,
                        1161
                    ],
                    [
                        978,
                        993
                    ],
                    [
                        981,
                        864
                    ],
                    [
                        983,
                        782
                    ],
                    [
                        985,
                        693
                    ],
                    [
                        987,
                        636
                    ],
                    [
                        989,
                        551
                    ],
                    [
                        991,
                        496
                    ],
                    [
                        994,
                        403
                    ],
                    [
                        995,
                        337
                    ],
                    [
                        996,
                        317
                    ],
                    [
                        998,
                        307
                    ],
                    [
                        995,
                        306
                    ],
                    [
                        990,
                        305
                    ],
                    [
                        989,
                        297
                    ],
                    [
                        989,
                        287
                    ],
                    [
                        989,
                        277
                    ],
                    [
                        989,
                        271
                    ]
                ],
                "interior": []
            }
        }
    ]
}