{
    "description": "",
    "tags": [],
    "size": {
        "height": 1600,
        "width": 1200
    },
    "objects": [
        {
            "id": 972021408,
            "classId": 10214731,
            "description": "",
            "geometryType": "rectangle",
            "labelerLogin": "Yalda2HITL",
            "createdAt": "2022-07-18T14:28:49.817Z",
            "updatedAt": "2022-07-18T14:28:49.817Z",
            "tags": [
                {
                    "id": 151023824,
                    "tagId": 30308107,
                    "name": "Transcription",
                    "value": "\u0633\u0646\u0627\u0628\u0644 \u0627\u0644\u0625\u0646\u0634\u0627\u0621 ",
                    "labelerLogin": "Yalda2HITL",
                    "createdAt": "2022-07-18T14:28:49.818Z",
                    "updatedAt": "2022-07-18T14:28:49.818Z"
                }
            ],
            "classTitle": "Title",
            "points": {
                "exterior": [
                    [
                        420,
                        561
                    ],
                    [
                        811,
                        660
                    ]
                ],
                "interior": []
            }
        },
        {
            "id": 972021411,
            "classId": 10214731,
            "description": "",
            "geometryType": "rectangle",
            "labelerLogin": "Yalda2HITL",
            "createdAt": "2022-07-18T14:28:49.817Z",
            "updatedAt": "2022-07-18T14:28:49.817Z",
            "tags": [
                {
                    "id": 151023825,
                    "tagId": 30308107,
                    "name": "Transcription",
                    "value": " \u0627\u0644\u062a\u0627\u0633\u0639 \u0627\u0644\u0623\u0633\u0627\u0633\u064a",
                    "labelerLogin": "Yalda2HITL",
                    "createdAt": "2022-07-18T14:28:49.818Z",
                    "updatedAt": "2022-07-18T14:28:49.818Z"
                }
            ],
            "classTitle": "Title",
            "points": {
                "exterior": [
                    [
                        521,
                        714
                    ],
                    [
                        706,
                        760
                    ]
                ],
                "interior": []
            }
        },
        {
            "id": 972021410,
            "classId": 10214732,
            "description": "",
            "geometryType": "rectangle",
            "labelerLogin": "Yalda2HITL",
            "createdAt": "2022-07-18T14:28:49.817Z",
            "updatedAt": "2022-07-18T14:28:49.817Z",
            "tags": [],
            "classTitle": "Body text",
            "points": {
                "exterior": [
                    [
                        382,
                        983
                    ],
                    [
                        856,
                        1024
                    ]
                ],
                "interior": []
            }
        },
        {
            "id": 972021409,
            "classId": 10214732,
            "description": "",
            "geometryType": "rectangle",
            "labelerLogin": "Yalda2HITL",
            "createdAt": "2022-07-18T14:28:49.817Z",
            "updatedAt": "2022-07-18T14:28:49.817Z",
            "tags": [],
            "classTitle": "Body text",
            "points": {
                "exterior": [
                    [
                        558,
                        1173
                    ],
                    [
                        680,
                        1213
                    ]
                ],
                "interior": []
            }
        },
        {
            "id": 972021412,
            "classId": 10214730,
            "description": "",
            "geometryType": "polygon",
            "labelerLogin": "Yalda2HITL",
            "createdAt": "2022-07-18T14:28:49.817Z",
            "updatedAt": "2022-07-18T14:28:49.817Z",
            "tags": [],
            "classTitle": "Page",
            "points": {
                "exterior": [
                    [
                        843,
                        1239
                    ],
                    [
                        653,
                        1237
                    ],
                    [
                        418,
                        1238
                    ],
                    [
                        354,
                        1238
                    ],
                    [
                        317,
                        1241
                    ],
                    [
                        319,
                        1139
                    ],
                    [
                        316,
                        1027
                    ],
                    [
                        316,
                        813
                    ],
                    [
                        306,
                        598
                    ],
                    [
                        304,
                        446
                    ],
                    [
                        305,
                        399
                    ],
                    [
                        310,
                        387
                    ],
                    [
                        317,
                        382
                    ],
                    [
                        335,
                        378
                    ],
                    [
                        350,
                        378
                    ],
                    [
                        393,
                        381
                    ],
                    [
                        432,
                        381
                    ],
                    [
                        483,
                        382
                    ],
                    [
                        558,
                        382
                    ],
                    [
                        656,
                        383
                    ],
                    [
                        700,
                        381
                    ],
                    [
                        773,
                        378
                    ],
                    [
                        860,
                        375
                    ],
                    [
                        901,
                        375
                    ],
                    [
                        923,
                        375
                    ],
                    [
                        923,
                        411
                    ],
                    [
                        921,
                        698
                    ],
                    [
                        921,
                        944
                    ],
                    [
                        920,
                        1125
                    ],
                    [
                        920,
                        1192
                    ],
                    [
                        929,
                        1185
                    ],
                    [
                        935,
                        1184
                    ],
                    [
                        938,
                        1184
                    ],
                    [
                        939,
                        1193
                    ],
                    [
                        939,
                        1201
                    ],
                    [
                        939,
                        1209
                    ],
                    [
                        939,
                        1215
                    ],
                    [
                        940,
                        1222
                    ],
                    [
                        936,
                        1230
                    ],
                    [
                        931,
                        1235
                    ],
                    [
                        925,
                        1238
                    ],
                    [
                        920,
                        1239
                    ]
                ],
                "interior": []
            }
        }
    ]
}