{
    "description": "",
    "tags": [],
    "size": {
        "height": 1280,
        "width": 720
    },
    "objects": [
        {
            "id": 972021835,
            "classId": 10214730,
            "description": "",
            "geometryType": "polygon",
            "labelerLogin": "Yalda2HITL",
            "createdAt": "2022-07-18T14:29:02.013Z",
            "updatedAt": "2022-07-18T14:29:02.013Z",
            "tags": [],
            "classTitle": "Page",
            "points": {
                "exterior": [
                    [
                        61,
                        285
                    ],
                    [
                        65,
                        286
                    ],
                    [
                        171,
                        288
                    ],
                    [
                        245,
                        291
                    ],
                    [
                        296,
                        294
                    ],
                    [
                        410,
                        298
                    ],
                    [
                        490,
                        301
                    ],
                    [
                        525,
                        299
                    ],
                    [
                        553,
                        393
                    ],
                    [
                        601,
                        548
                    ],
                    [
                        673,
                        789
                    ],
                    [
                        719,
                        938
                    ],
                    [
                        720,
                        1013
                    ],
                    [
                        716,
                        1022
                    ],
                    [
                        706,
                        1027
                    ],
                    [
                        702,
                        1025
                    ],
                    [
                        570,
                        1040
                    ],
                    [
                        370,
                        1061
                    ],
                    [
                        186,
                        1081
                    ],
                    [
                        62,
                        1093
                    ],
                    [
                        52,
                        1088
                    ],
                    [
                        38,
                        1081
                    ],
                    [
                        21,
                        1072
                    ],
                    [
                        24,
                        975
                    ],
                    [
                        38,
                        713
                    ],
                    [
                        47,
                        514
                    ],
                    [
                        59,
                        301
                    ]
                ],
                "interior": []
            }
        },
        {
            "id": 972021836,
            "classId": 10214731,
            "description": "",
            "geometryType": "rectangle",
            "labelerLogin": "Yalda2HITL",
            "createdAt": "2022-07-18T14:29:02.013Z",
            "updatedAt": "2022-07-18T14:29:02.013Z",
            "tags": [
                {
                    "id": 151023904,
                    "tagId": 30308107,
                    "name": "Transcription",
                    "value": "\u0623\u0634\u0647\u0631 \u0665\u0660 \u062e\u0631\u0627\u0641\u0629",
                    "labelerLogin": "Yalda2HITL",
                    "createdAt": "2022-07-18T14:29:02.013Z",
                    "updatedAt": "2022-07-18T14:29:02.013Z"
                }
            ],
            "classTitle": "Title",
            "points": {
                "exterior": [
                    [
                        149,
                        320
                    ],
                    [
                        497,
                        381
                    ]
                ],
                "interior": []
            }
        },
        {
            "id": 972021837,
            "classId": 10214731,
            "description": "",
            "geometryType": "rectangle",
            "labelerLogin": "Yalda2HITL",
            "createdAt": "2022-07-18T14:29:02.013Z",
            "updatedAt": "2022-07-18T14:29:02.013Z",
            "tags": [
                {
                    "id": 151023905,
                    "tagId": 30308107,
                    "name": "Transcription",
                    "value": "\u0641\u0649 \u0639\u0644\u0645 \u0627\u0644\u0646\u0641\u0633",
                    "labelerLogin": "Yalda2HITL",
                    "createdAt": "2022-07-18T14:29:02.013Z",
                    "updatedAt": "2022-07-18T14:29:02.013Z"
                }
            ],
            "classTitle": "Title",
            "points": {
                "exterior": [
                    [
                        162,
                        375
                    ],
                    [
                        499,
                        438
                    ]
                ],
                "interior": []
            }
        },
        {
            "id": 972021839,
            "classId": 10214732,
            "description": "",
            "geometryType": "rectangle",
            "labelerLogin": "Yalda2HITL",
            "createdAt": "2022-07-18T14:29:02.013Z",
            "updatedAt": "2022-07-18T14:29:02.013Z",
            "tags": [],
            "classTitle": "Body text",
            "points": {
                "exterior": [
                    [
                        137,
                        444
                    ],
                    [
                        527,
                        472
                    ]
                ],
                "interior": []
            }
        },
        {
            "id": 972021838,
            "classId": 10214732,
            "description": "",
            "geometryType": "rectangle",
            "labelerLogin": "Yalda2HITL",
            "createdAt": "2022-07-18T14:29:02.013Z",
            "updatedAt": "2022-07-18T14:29:02.013Z",
            "tags": [],
            "classTitle": "Body text",
            "points": {
                "exterior": [
                    [
                        137,
                        870
                    ],
                    [
                        667,
                        935
                    ]
                ],
                "interior": []
            }
        }
    ]
}