{
    "description": "",
    "tags": [],
    "size": {
        "height": 1632,
        "width": 918
    },
    "objects": [
        {
            "id": 972020115,
            "classId": 10214732,
            "description": "",
            "geometryType": "rectangle",
            "labelerLogin": "Yalda2HITL",
            "createdAt": "2022-07-18T14:26:56.985Z",
            "updatedAt": "2022-07-18T14:26:56.985Z",
            "tags": [],
            "classTitle": "Body text",
            "points": {
                "exterior": [
                    [
                        278,
                        614
                    ],
                    [
                        677,
                        679
                    ]
                ],
                "interior": []
            }
        },
        {
            "id": 972020149,
            "classId": 10214732,
            "description": "",
            "geometryType": "rectangle",
            "labelerLogin": "Yalda2HITL",
            "createdAt": "2022-07-18T14:26:56.985Z",
            "updatedAt": "2022-07-18T14:26:56.985Z",
            "tags": [],
            "classTitle": "Body text",
            "points": {
                "exterior": [
                    [
                        360,
                        678
                    ],
                    [
                        587,
                        731
                    ]
                ],
                "interior": []
            }
        },
        {
            "id": 972020164,
            "classId": 10214732,
            "description": "",
            "geometryType": "rectangle",
            "labelerLogin": "Yalda2HITL",
            "createdAt": "2022-07-18T14:26:56.985Z",
            "updatedAt": "2022-07-18T14:26:56.985Z",
            "tags": [],
            "classTitle": "Body text",
            "points": {
                "exterior": [
                    [
                        153,
                        1039
                    ],
                    [
                        237,
                        1074
                    ]
                ],
                "interior": []
            }
        },
        {
            "id": 972020139,
            "classId": 10214732,
            "description": "",
            "geometryType": "rectangle",
            "labelerLogin": "Yalda2HITL",
            "createdAt": "2022-07-18T14:26:56.985Z",
            "updatedAt": "2022-07-18T14:26:56.985Z",
            "tags": [],
            "classTitle": "Body text",
            "points": {
                "exterior": [
                    [
                        161,
                        1258
                    ],
                    [
                        203,
                        1289
                    ]
                ],
                "interior": []
            }
        },
        {
            "id": 972020165,
            "classId": 10214731,
            "description": "",
            "geometryType": "rectangle",
            "labelerLogin": "Yalda2HITL",
            "createdAt": "2022-07-18T14:26:56.985Z",
            "updatedAt": "2022-07-18T14:26:56.985Z",
            "tags": [
                {
                    "id": 151023656,
                    "tagId": 30308107,
                    "name": "Transcription",
                    "value": "\u0642\u0644\u0628 \u0639\u062c\u0648\u0632",
                    "labelerLogin": "Yalda2HITL",
                    "createdAt": "2022-07-18T14:26:56.986Z",
                    "updatedAt": "2022-07-18T14:26:56.986Z"
                }
            ],
            "classTitle": "Title",
            "points": {
                "exterior": [
                    [
                        213,
                        465
                    ],
                    [
                        721,
                        605
                    ]
                ],
                "interior": []
            }
        },
        {
            "id": 972020158,
            "classId": 10214730,
            "description": "",
            "geometryType": "polygon",
            "labelerLogin": "Yalda2HITL",
            "createdAt": "2022-07-18T14:26:56.985Z",
            "updatedAt": "2022-07-18T14:26:56.985Z",
            "tags": [],
            "classTitle": "Page",
            "points": {
                "exterior": [
                    [
                        816,
                        418
                    ],
                    [
                        97,
                        373
                    ],
                    [
                        90,
                        1341
                    ],
                    [
                        732,
                        1368
                    ]
                ],
                "interior": []
            }
        }
    ]
}