{
    "description": "",
    "tags": [],
    "size": {
        "height": 960,
        "width": 720
    },
    "objects": [
        {
            "id": 972020194,
            "classId": 10214730,
            "description": "",
            "geometryType": "polygon",
            "labelerLogin": "Yalda2HITL",
            "createdAt": "2022-07-18T14:26:56.985Z",
            "updatedAt": "2022-07-18T14:26:56.985Z",
            "tags": [],
            "classTitle": "Page",
            "points": {
                "exterior": [
                    [
                        547,
                        230
                    ],
                    [
                        170,
                        216
                    ],
                    [
                        105,
                        807
                    ],
                    [
                        583,
                        815
                    ]
                ],
                "interior": []
            }
        },
        {
            "id": 972020193,
            "classId": 10214732,
            "description": "",
            "geometryType": "rectangle",
            "labelerLogin": "Yalda2HITL",
            "createdAt": "2022-07-18T14:26:56.985Z",
            "updatedAt": "2022-07-18T14:26:56.985Z",
            "tags": [],
            "classTitle": "Body text",
            "points": {
                "exterior": [
                    [
                        317,
                        271
                    ],
                    [
                        395,
                        293
                    ]
                ],
                "interior": []
            }
        },
        {
            "id": 972020192,
            "classId": 10214732,
            "description": "",
            "geometryType": "rectangle",
            "labelerLogin": "Yalda2HITL",
            "createdAt": "2022-07-18T14:26:56.985Z",
            "updatedAt": "2022-07-18T14:26:56.985Z",
            "tags": [],
            "classTitle": "Body text",
            "points": {
                "exterior": [
                    [
                        191,
                        231
                    ],
                    [
                        521,
                        255
                    ]
                ],
                "interior": []
            }
        },
        {
            "id": 972020195,
            "classId": 10214732,
            "description": "",
            "geometryType": "rectangle",
            "labelerLogin": "Yalda2HITL",
            "createdAt": "2022-07-18T14:26:56.985Z",
            "updatedAt": "2022-07-18T14:26:56.985Z",
            "tags": [],
            "classTitle": "Body text",
            "points": {
                "exterior": [
                    [
                        285,
                        313
                    ],
                    [
                        422,
                        341
                    ]
                ],
                "interior": []
            }
        },
        {
            "id": 972020196,
            "classId": 10214732,
            "description": "",
            "geometryType": "rectangle",
            "labelerLogin": "Yalda2HITL",
            "createdAt": "2022-07-18T14:26:56.985Z",
            "updatedAt": "2022-07-18T14:26:56.985Z",
            "tags": [],
            "classTitle": "Body text",
            "points": {
                "exterior": [
                    [
                        391,
                        446
                    ],
                    [
                        484,
                        478
                    ]
                ],
                "interior": []
            }
        },
        {
            "id": 972020191,
            "classId": 10214732,
            "description": "",
            "geometryType": "rectangle",
            "labelerLogin": "Yalda2HITL",
            "createdAt": "2022-07-18T14:26:56.985Z",
            "updatedAt": "2022-07-18T14:26:56.985Z",
            "tags": [],
            "classTitle": "Body text",
            "points": {
                "exterior": [
                    [
                        374,
                        481
                    ],
                    [
                        486,
                        514
                    ]
                ],
                "interior": []
            }
        },
        {
            "id": 972020147,
            "classId": 10214732,
            "description": "",
            "geometryType": "rectangle",
            "labelerLogin": "Yalda2HITL",
            "createdAt": "2022-07-18T14:26:56.985Z",
            "updatedAt": "2022-07-18T14:26:56.985Z",
            "tags": [],
            "classTitle": "Body text",
            "points": {
                "exterior": [
                    [
                        379,
                        517
                    ],
                    [
                        488,
                        550
                    ]
                ],
                "interior": []
            }
        },
        {
            "id": 972020146,
            "classId": 10214732,
            "description": "",
            "geometryType": "rectangle",
            "labelerLogin": "Yalda2HITL",
            "createdAt": "2022-07-18T14:26:56.985Z",
            "updatedAt": "2022-07-18T14:26:56.985Z",
            "tags": [],
            "classTitle": "Body text",
            "points": {
                "exterior": [
                    [
                        382,
                        554
                    ],
                    [
                        488,
                        588
                    ]
                ],
                "interior": []
            }
        },
        {
            "id": 972020167,
            "classId": 10214731,
            "description": "",
            "geometryType": "rectangle",
            "labelerLogin": "Yalda2HITL",
            "createdAt": "2022-07-18T14:26:56.985Z",
            "updatedAt": "2022-07-18T14:26:56.985Z",
            "tags": [
                {
                    "id": 151023657,
                    "tagId": 30308107,
                    "name": "Transcription",
                    "value": "\u0639\u0628\u062f \u0627\u0644\u0631\u062d\u0645\u0646 \u0627\u0644\u0628\u0632\u0627\u0632",
                    "labelerLogin": "Yalda2HITL",
                    "createdAt": "2022-07-18T14:26:56.986Z",
                    "updatedAt": "2022-07-18T14:26:56.986Z"
                }
            ],
            "classTitle": "Title",
            "points": {
                "exterior": [
                    [
                        218,
                        364
                    ],
                    [
                        487,
                        433
                    ]
                ],
                "interior": []
            }
        }
    ]
}