{
    "description": "",
    "tags": [],
    "size": {
        "height": 4032,
        "width": 3024
    },
    "objects": [
        {
            "id": 972020520,
            "classId": 10214730,
            "description": "",
            "geometryType": "polygon",
            "labelerLogin": "Yalda2HITL",
            "createdAt": "2022-07-18T14:26:56.986Z",
            "updatedAt": "2022-07-18T14:26:56.986Z",
            "tags": [],
            "classTitle": "Page",
            "points": {
                "exterior": [
                    [
                        2684,
                        340
                    ],
                    [
                        365,
                        252
                    ],
                    [
                        164,
                        3821
                    ],
                    [
                        2583,
                        3891
                    ]
                ],
                "interior": []
            }
        },
        {
            "id": 972020519,
            "classId": 10214732,
            "description": "",
            "geometryType": "rectangle",
            "labelerLogin": "Yalda2HITL",
            "createdAt": "2022-07-18T14:26:56.986Z",
            "updatedAt": "2022-07-18T14:26:56.986Z",
            "tags": [],
            "classTitle": "Body text",
            "points": {
                "exterior": [
                    [
                        987,
                        2703
                    ],
                    [
                        1861,
                        3009
                    ]
                ],
                "interior": []
            }
        },
        {
            "id": 972020168,
            "classId": 10214732,
            "description": "",
            "geometryType": "rectangle",
            "labelerLogin": "Yalda2HITL",
            "createdAt": "2022-07-18T14:26:56.985Z",
            "updatedAt": "2022-07-18T14:26:56.985Z",
            "tags": [],
            "classTitle": "Body text",
            "points": {
                "exterior": [
                    [
                        752,
                        2995
                    ],
                    [
                        2044,
                        3208
                    ]
                ],
                "interior": []
            }
        },
        {
            "id": 972020518,
            "classId": 10214732,
            "description": "",
            "geometryType": "rectangle",
            "labelerLogin": "Yalda2HITL",
            "createdAt": "2022-07-18T14:26:56.986Z",
            "updatedAt": "2022-07-18T14:26:56.986Z",
            "tags": [],
            "classTitle": "Body text",
            "points": {
                "exterior": [
                    [
                        1169,
                        3493
                    ],
                    [
                        1658,
                        3652
                    ]
                ],
                "interior": []
            }
        },
        {
            "id": 972020521,
            "classId": 10214731,
            "description": "",
            "geometryType": "rectangle",
            "labelerLogin": "Yalda2HITL",
            "createdAt": "2022-07-18T14:26:56.986Z",
            "updatedAt": "2022-07-18T14:26:56.986Z",
            "tags": [
                {
                    "id": 151023676,
                    "tagId": 30308107,
                    "name": "Transcription",
                    "value": "\u0627\u0644\u0628\u062f\u0627\u0626\u0639",
                    "labelerLogin": "Yalda2HITL",
                    "createdAt": "2022-07-18T14:26:56.986Z",
                    "updatedAt": "2022-07-18T14:26:56.986Z"
                }
            ],
            "classTitle": "Title",
            "points": {
                "exterior": [
                    [
                        989,
                        790
                    ],
                    [
                        2042,
                        1134
                    ]
                ],
                "interior": []
            }
        },
        {
            "id": 972020522,
            "classId": 10214731,
            "description": "",
            "geometryType": "rectangle",
            "labelerLogin": "Yalda2HITL",
            "createdAt": "2022-07-18T14:26:56.986Z",
            "updatedAt": "2022-07-18T14:26:56.986Z",
            "tags": [
                {
                    "id": 151023677,
                    "tagId": 30308107,
                    "name": "Transcription",
                    "value": "\u0648\u0627\u0644\u0637\u0631\u0627\u0626\u0641",
                    "labelerLogin": "Yalda2HITL",
                    "createdAt": "2022-07-18T14:26:56.986Z",
                    "updatedAt": "2022-07-18T14:26:56.986Z"
                }
            ],
            "classTitle": "Title",
            "points": {
                "exterior": [
                    [
                        921,
                        1134
                    ],
                    [
                        2053,
                        1528
                    ]
                ],
                "interior": []
            }
        }
    ]
}