{
    "description": "",
    "tags": [],
    "size": {
        "height": 3968,
        "width": 2976
    },
    "objects": [
        {
            "id": 972022236,
            "classId": 10214731,
            "description": "",
            "geometryType": "rectangle",
            "labelerLogin": "Yalda2HITL",
            "createdAt": "2022-07-18T14:29:21.938Z",
            "updatedAt": "2022-07-18T14:29:21.938Z",
            "tags": [
                {
                    "id": 151023984,
                    "tagId": 30308107,
                    "name": "Transcription",
                    "value": "\u0631\u064e\u064a\u0627\u0636\u064f \u0627\u0644\u0635\u0651\u064e\u0627\u0644\u062d\u064a\u0652\u0646\u064e",
                    "labelerLogin": "Yalda2HITL",
                    "createdAt": "2022-07-18T14:29:21.938Z",
                    "updatedAt": "2022-07-18T14:29:21.938Z"
                }
            ],
            "classTitle": "Title",
            "points": {
                "exterior": [
                    [
                        913,
                        1164
                    ],
                    [
                        1991,
                        1535
                    ]
                ],
                "interior": []
            }
        },
        {
            "id": 972022243,
            "classId": 10214732,
            "description": "",
            "geometryType": "rectangle",
            "labelerLogin": "Yalda2HITL",
            "createdAt": "2022-07-18T14:29:21.938Z",
            "updatedAt": "2022-07-18T14:29:21.938Z",
            "tags": [],
            "classTitle": "Body text",
            "points": {
                "exterior": [
                    [
                        1362,
                        1562
                    ],
                    [
                        1532,
                        1639
                    ]
                ],
                "interior": []
            }
        },
        {
            "id": 972022235,
            "classId": 10214732,
            "description": "",
            "geometryType": "rectangle",
            "labelerLogin": "Yalda2HITL",
            "createdAt": "2022-07-18T14:29:21.938Z",
            "updatedAt": "2022-07-18T14:29:21.938Z",
            "tags": [],
            "classTitle": "Body text",
            "points": {
                "exterior": [
                    [
                        879,
                        1652
                    ],
                    [
                        2009,
                        1846
                    ]
                ],
                "interior": []
            }
        },
        {
            "id": 972022234,
            "classId": 10214732,
            "description": "",
            "geometryType": "rectangle",
            "labelerLogin": "Yalda2HITL",
            "createdAt": "2022-07-18T14:29:21.938Z",
            "updatedAt": "2022-07-18T14:29:21.938Z",
            "tags": [],
            "classTitle": "Body text",
            "points": {
                "exterior": [
                    [
                        1303,
                        1862
                    ],
                    [
                        1569,
                        1909
                    ]
                ],
                "interior": []
            }
        },
        {
            "id": 972022245,
            "classId": 10214732,
            "description": "",
            "geometryType": "rectangle",
            "labelerLogin": "Yalda2HITL",
            "createdAt": "2022-07-18T14:29:21.938Z",
            "updatedAt": "2022-07-18T14:29:21.938Z",
            "tags": [],
            "classTitle": "Body text",
            "points": {
                "exterior": [
                    [
                        1063,
                        2034
                    ],
                    [
                        1832,
                        2137
                    ]
                ],
                "interior": []
            }
        },
        {
            "id": 972022244,
            "classId": 10214732,
            "description": "",
            "geometryType": "rectangle",
            "labelerLogin": "Yalda2HITL",
            "createdAt": "2022-07-18T14:29:21.938Z",
            "updatedAt": "2022-07-18T14:29:21.938Z",
            "tags": [],
            "classTitle": "Body text",
            "points": {
                "exterior": [
                    [
                        1187,
                        2159
                    ],
                    [
                        1686,
                        2303
                    ]
                ],
                "interior": []
            }
        },
        {
            "id": 972022247,
            "classId": 10214732,
            "description": "",
            "geometryType": "rectangle",
            "labelerLogin": "Yalda2HITL",
            "createdAt": "2022-07-18T14:29:21.938Z",
            "updatedAt": "2022-07-18T14:29:21.938Z",
            "tags": [],
            "classTitle": "Body text",
            "points": {
                "exterior": [
                    [
                        1212,
                        2742
                    ],
                    [
                        1693,
                        2854
                    ]
                ],
                "interior": []
            }
        },
        {
            "id": 972022240,
            "classId": 10214730,
            "description": "",
            "geometryType": "polygon",
            "labelerLogin": "Yalda2HITL",
            "createdAt": "2022-07-18T14:29:21.938Z",
            "updatedAt": "2022-07-18T14:29:21.938Z",
            "tags": [],
            "classTitle": "Page",
            "points": {
                "exterior": [
                    [
                        323,
                        841
                    ],
                    [
                        318,
                        603
                    ],
                    [
                        324,
                        411
                    ],
                    [
                        341,
                        406
                    ],
                    [
                        406,
                        400
                    ],
                    [
                        503,
                        399
                    ],
                    [
                        668,
                        393
                    ],
                    [
                        802,
                        393
                    ],
                    [
                        1688,
                        382
                    ],
                    [
                        2320,
                        368
                    ],
                    [
                        2469,
                        368
                    ],
                    [
                        2487,
                        365
                    ],
                    [
                        2499,
                        358
                    ],
                    [
                        2515,
                        358
                    ],
                    [
                        2528,
                        369
                    ],
                    [
                        2539,
                        377
                    ],
                    [
                        2557,
                        385
                    ],
                    [
                        2569,
                        386
                    ],
                    [
                        2584,
                        385
                    ],
                    [
                        2591,
                        413
                    ],
                    [
                        2593,
                        456
                    ],
                    [
                        2597,
                        521
                    ],
                    [
                        2611,
                        822
                    ],
                    [
                        2621,
                        1019
                    ],
                    [
                        2630,
                        1343
                    ],
                    [
                        2656,
                        2157
                    ],
                    [
                        2672,
                        2598
                    ],
                    [
                        2690,
                        3103
                    ],
                    [
                        2699,
                        3237
                    ],
                    [
                        2698,
                        3560
                    ],
                    [
                        2703,
                        3634
                    ],
                    [
                        2703,
                        3670
                    ],
                    [
                        2682,
                        3675
                    ],
                    [
                        2649,
                        3674
                    ],
                    [
                        2631,
                        3669
                    ],
                    [
                        2618,
                        3669
                    ],
                    [
                        2570,
                        3669
                    ],
                    [
                        2432,
                        3672
                    ],
                    [
                        2165,
                        3674
                    ],
                    [
                        1854,
                        3675
                    ],
                    [
                        1249,
                        3677
                    ],
                    [
                        799,
                        3678
                    ],
                    [
                        323,
                        3688
                    ],
                    [
                        319,
                        3530
                    ],
                    [
                        333,
                        2154
                    ],
                    [
                        325,
                        1397
                    ]
                ],
                "interior": []
            }
        }
    ]
}