{
    "description": "",
    "tags": [],
    "size": {
        "height": 3968,
        "width": 2976
    },
    "objects": [
        {
            "id": 972022246,
            "classId": 10214731,
            "description": "",
            "geometryType": "rectangle",
            "labelerLogin": "Yalda2HITL",
            "createdAt": "2022-07-18T14:29:21.938Z",
            "updatedAt": "2022-07-18T14:29:21.938Z",
            "tags": [
                {
                    "id": 151023986,
                    "tagId": 30308107,
                    "name": "Transcription",
                    "value": "\u0627\u0644\u062a\u0651\u0650\u0628\u0652\u064a\u064e\u0627\u0646\u064f",
                    "labelerLogin": "Yalda2HITL",
                    "createdAt": "2022-07-18T14:29:21.938Z",
                    "updatedAt": "2022-07-18T14:29:21.938Z"
                }
            ],
            "classTitle": "Title",
            "points": {
                "exterior": [
                    [
                        1177,
                        965
                    ],
                    [
                        1930,
                        1258
                    ]
                ],
                "interior": []
            }
        },
        {
            "id": 972022450,
            "classId": 10214731,
            "description": "",
            "geometryType": "rectangle",
            "labelerLogin": "Yalda2HITL",
            "createdAt": "2022-07-18T14:29:21.938Z",
            "updatedAt": "2022-07-18T14:29:21.938Z",
            "tags": [
                {
                    "id": 151024024,
                    "tagId": 30308107,
                    "name": "Transcription",
                    "value": "\u0641\u064a \u0622\u062f\u064e\u0627\u0628\u0650 \u062d\u064e\u0645\u064e\u0644\u0629\u0650 \u0627\u0644\u0642\u064f\u0631\u0652\u0622\u0646",
                    "labelerLogin": "Yalda2HITL",
                    "createdAt": "2022-07-18T14:29:21.938Z",
                    "updatedAt": "2022-07-18T14:29:21.938Z"
                }
            ],
            "classTitle": "Title",
            "points": {
                "exterior": [
                    [
                        951,
                        1293
                    ],
                    [
                        2155,
                        1538
                    ]
                ],
                "interior": []
            }
        },
        {
            "id": 972022242,
            "classId": 10214732,
            "description": "",
            "geometryType": "rectangle",
            "labelerLogin": "Yalda2HITL",
            "createdAt": "2022-07-18T14:29:21.938Z",
            "updatedAt": "2022-07-18T14:29:21.938Z",
            "tags": [],
            "classTitle": "Body text",
            "points": {
                "exterior": [
                    [
                        1455,
                        2207
                    ],
                    [
                        1572,
                        2281
                    ]
                ],
                "interior": []
            }
        },
        {
            "id": 972022232,
            "classId": 10214732,
            "description": "",
            "geometryType": "rectangle",
            "labelerLogin": "Yalda2HITL",
            "createdAt": "2022-07-18T14:29:21.938Z",
            "updatedAt": "2022-07-18T14:29:21.938Z",
            "tags": [],
            "classTitle": "Body text",
            "points": {
                "exterior": [
                    [
                        889,
                        2290
                    ],
                    [
                        2135,
                        2451
                    ]
                ],
                "interior": []
            }
        },
        {
            "id": 972022237,
            "classId": 10214732,
            "description": "",
            "geometryType": "rectangle",
            "labelerLogin": "Yalda2HITL",
            "createdAt": "2022-07-18T14:29:21.938Z",
            "updatedAt": "2022-07-18T14:29:21.938Z",
            "tags": [],
            "classTitle": "Body text",
            "points": {
                "exterior": [
                    [
                        1347,
                        2447
                    ],
                    [
                        1676,
                        2519
                    ]
                ],
                "interior": []
            }
        },
        {
            "id": 972022248,
            "classId": 10214732,
            "description": "",
            "geometryType": "rectangle",
            "labelerLogin": "Yalda2HITL",
            "createdAt": "2022-07-18T14:29:21.938Z",
            "updatedAt": "2022-07-18T14:29:21.938Z",
            "tags": [],
            "classTitle": "Body text",
            "points": {
                "exterior": [
                    [
                        1282,
                        3152
                    ],
                    [
                        1682,
                        3259
                    ]
                ],
                "interior": []
            }
        },
        {
            "id": 972022250,
            "classId": 10214730,
            "description": "",
            "geometryType": "polygon",
            "labelerLogin": "Yalda2HITL",
            "createdAt": "2022-07-18T14:29:21.938Z",
            "updatedAt": "2022-07-18T14:29:21.938Z",
            "tags": [],
            "classTitle": "Page",
            "points": {
                "exterior": [
                    [
                        2702,
                        427
                    ],
                    [
                        2699,
                        495
                    ],
                    [
                        2694,
                        735
                    ],
                    [
                        2678,
                        1410
                    ],
                    [
                        2669,
                        1997
                    ],
                    [
                        2659,
                        2657
                    ],
                    [
                        2649,
                        3230
                    ],
                    [
                        2641,
                        3633
                    ],
                    [
                        2632,
                        3692
                    ],
                    [
                        2595,
                        3695
                    ],
                    [
                        2564,
                        3700
                    ],
                    [
                        2530,
                        3705
                    ],
                    [
                        2494,
                        3710
                    ],
                    [
                        2446,
                        3716
                    ],
                    [
                        2339,
                        3723
                    ],
                    [
                        2267,
                        3723
                    ],
                    [
                        2173,
                        3723
                    ],
                    [
                        2034,
                        3718
                    ],
                    [
                        1849,
                        3705
                    ],
                    [
                        1689,
                        3696
                    ],
                    [
                        1495,
                        3683
                    ],
                    [
                        1181,
                        3674
                    ],
                    [
                        963,
                        3674
                    ],
                    [
                        811,
                        3670
                    ],
                    [
                        617,
                        3671
                    ],
                    [
                        498,
                        3668
                    ],
                    [
                        398,
                        3667
                    ],
                    [
                        267,
                        3666
                    ],
                    [
                        254,
                        3661
                    ],
                    [
                        259,
                        3552
                    ],
                    [
                        259,
                        3497
                    ],
                    [
                        365,
                        571
                    ],
                    [
                        373,
                        331
                    ],
                    [
                        378,
                        328
                    ],
                    [
                        383,
                        322
                    ],
                    [
                        396,
                        323
                    ],
                    [
                        400,
                        317
                    ],
                    [
                        409,
                        311
                    ],
                    [
                        415,
                        305
                    ],
                    [
                        421,
                        301
                    ],
                    [
                        532,
                        307
                    ],
                    [
                        1310,
                        352
                    ],
                    [
                        1526,
                        356
                    ],
                    [
                        1780,
                        351
                    ],
                    [
                        2085,
                        348
                    ],
                    [
                        2259,
                        351
                    ],
                    [
                        2413,
                        357
                    ],
                    [
                        2497,
                        367
                    ],
                    [
                        2580,
                        381
                    ],
                    [
                        2640,
                        401
                    ],
                    [
                        2670,
                        409
                    ]
                ],
                "interior": []
            }
        }
    ]
}