{
    "description": "",
    "tags": [],
    "size": {
        "height": 3968,
        "width": 2976
    },
    "objects": [
        {
            "id": 972022319,
            "classId": 10214731,
            "description": "",
            "geometryType": "rectangle",
            "labelerLogin": "Yalda2HITL",
            "createdAt": "2022-07-18T14:29:21.938Z",
            "updatedAt": "2022-07-18T14:29:21.938Z",
            "tags": [
                {
                    "id": 151024000,
                    "tagId": 30308107,
                    "name": "Transcription",
                    "value": "\u0623\u062c\u0643\u0627\u0645 \u0627\u0644\u062a\u062c\u0648\u064a\u062f",
                    "labelerLogin": "Yalda2HITL",
                    "createdAt": "2022-07-18T14:29:21.938Z",
                    "updatedAt": "2022-07-18T14:29:21.938Z"
                }
            ],
            "classTitle": "Title",
            "points": {
                "exterior": [
                    [
                        765,
                        1024
                    ],
                    [
                        2295,
                        1381
                    ]
                ],
                "interior": []
            }
        },
        {
            "id": 972022318,
            "classId": 10214732,
            "description": "",
            "geometryType": "rectangle",
            "labelerLogin": "Yalda2HITL",
            "createdAt": "2022-07-18T14:29:21.938Z",
            "updatedAt": "2022-07-18T14:29:21.938Z",
            "tags": [],
            "classTitle": "Body text",
            "points": {
                "exterior": [
                    [
                        427,
                        1747
                    ],
                    [
                        2443,
                        2380
                    ]
                ],
                "interior": []
            }
        },
        {
            "id": 972022317,
            "classId": 10214732,
            "description": "",
            "geometryType": "rectangle",
            "labelerLogin": "Yalda2HITL",
            "createdAt": "2022-07-18T14:29:21.938Z",
            "updatedAt": "2022-07-18T14:29:21.938Z",
            "tags": [],
            "classTitle": "Body text",
            "points": {
                "exterior": [
                    [
                        1369,
                        2990
                    ],
                    [
                        1755,
                        3059
                    ]
                ],
                "interior": []
            }
        },
        {
            "id": 972022315,
            "classId": 10214732,
            "description": "",
            "geometryType": "rectangle",
            "labelerLogin": "Yalda2HITL",
            "createdAt": "2022-07-18T14:29:21.938Z",
            "updatedAt": "2022-07-18T14:29:21.938Z",
            "tags": [],
            "classTitle": "Body text",
            "points": {
                "exterior": [
                    [
                        1127,
                        3066
                    ],
                    [
                        1992,
                        3174
                    ]
                ],
                "interior": []
            }
        },
        {
            "id": 972022321,
            "classId": 10214732,
            "description": "",
            "geometryType": "rectangle",
            "labelerLogin": "Yalda2HITL",
            "createdAt": "2022-07-18T14:29:21.938Z",
            "updatedAt": "2022-07-18T14:29:21.938Z",
            "tags": [],
            "classTitle": "Body text",
            "points": {
                "exterior": [
                    [
                        1462,
                        3198
                    ],
                    [
                        1679,
                        3283
                    ]
                ],
                "interior": []
            }
        },
        {
            "id": 972022316,
            "classId": 10214732,
            "description": "",
            "geometryType": "rectangle",
            "labelerLogin": "Yalda2HITL",
            "createdAt": "2022-07-18T14:29:21.938Z",
            "updatedAt": "2022-07-18T14:29:21.938Z",
            "tags": [],
            "classTitle": "Body text",
            "points": {
                "exterior": [
                    [
                        1069,
                        3284
                    ],
                    [
                        2079,
                        3441
                    ]
                ],
                "interior": []
            }
        },
        {
            "id": 972022322,
            "classId": 10214732,
            "description": "",
            "geometryType": "rectangle",
            "labelerLogin": "Yalda2HITL",
            "createdAt": "2022-07-18T14:29:21.938Z",
            "updatedAt": "2022-07-18T14:29:21.938Z",
            "tags": [],
            "classTitle": "Body text",
            "points": {
                "exterior": [
                    [
                        1400,
                        3451
                    ],
                    [
                        1759,
                        3526
                    ]
                ],
                "interior": []
            }
        },
        {
            "id": 972022323,
            "classId": 10214730,
            "description": "",
            "geometryType": "polygon",
            "labelerLogin": "Yalda2HITL",
            "createdAt": "2022-07-18T14:29:21.938Z",
            "updatedAt": "2022-07-18T14:29:21.938Z",
            "tags": [],
            "classTitle": "Page",
            "points": {
                "exterior": [
                    [
                        426,
                        535
                    ],
                    [
                        690,
                        529
                    ],
                    [
                        1096,
                        519
                    ],
                    [
                        1501,
                        506
                    ],
                    [
                        1650,
                        503
                    ],
                    [
                        2055,
                        488
                    ],
                    [
                        2406,
                        473
                    ],
                    [
                        2537,
                        471
                    ],
                    [
                        2565,
                        471
                    ],
                    [
                        2605,
                        470
                    ],
                    [
                        2628,
                        470
                    ],
                    [
                        2644,
                        472
                    ],
                    [
                        2645,
                        500
                    ],
                    [
                        2650,
                        633
                    ],
                    [
                        2662,
                        983
                    ],
                    [
                        2664,
                        1119
                    ],
                    [
                        2686,
                        1823
                    ],
                    [
                        2693,
                        2119
                    ],
                    [
                        2702,
                        2436
                    ],
                    [
                        2704,
                        2598
                    ],
                    [
                        2712,
                        2811
                    ],
                    [
                        2715,
                        3061
                    ],
                    [
                        2726,
                        3429
                    ],
                    [
                        2730,
                        3562
                    ],
                    [
                        2733,
                        3664
                    ],
                    [
                        2734,
                        3740
                    ],
                    [
                        2694,
                        3741
                    ],
                    [
                        2649,
                        3741
                    ],
                    [
                        2620,
                        3748
                    ],
                    [
                        2557,
                        3745
                    ],
                    [
                        2373,
                        3753
                    ],
                    [
                        2082,
                        3762
                    ],
                    [
                        1775,
                        3772
                    ],
                    [
                        1570,
                        3776
                    ],
                    [
                        1351,
                        3783
                    ],
                    [
                        937,
                        3797
                    ],
                    [
                        811,
                        3804
                    ],
                    [
                        718,
                        3810
                    ],
                    [
                        481,
                        3824
                    ],
                    [
                        472,
                        3818
                    ],
                    [
                        462,
                        3811
                    ],
                    [
                        456,
                        3522
                    ],
                    [
                        450,
                        2850
                    ],
                    [
                        436,
                        2203
                    ],
                    [
                        430,
                        1630
                    ]
                ],
                "interior": []
            }
        }
    ]
}