{
    "description": "",
    "tags": [],
    "size": {
        "height": 3968,
        "width": 2976
    },
    "objects": [
        {
            "id": 972022249,
            "classId": 10214731,
            "description": "",
            "geometryType": "rectangle",
            "labelerLogin": "Yalda2HITL",
            "createdAt": "2022-07-18T14:29:21.938Z",
            "updatedAt": "2022-07-18T14:29:21.938Z",
            "tags": [
                {
                    "id": 151023987,
                    "tagId": 30308107,
                    "name": "Transcription",
                    "value": "\u0641\u064a \u0627\u0644\u062d\u0628 \u0648\u0627\u0644\u062d\u064a\u0627\u0629 ",
                    "labelerLogin": "Yalda2HITL",
                    "createdAt": "2022-07-18T14:29:21.938Z",
                    "updatedAt": "2022-07-18T14:29:21.938Z"
                }
            ],
            "classTitle": "Title",
            "points": {
                "exterior": [
                    [
                        577,
                        845
                    ],
                    [
                        2286,
                        1477
                    ]
                ],
                "interior": []
            }
        },
        {
            "id": 972022269,
            "classId": 10214732,
            "description": "",
            "geometryType": "rectangle",
            "labelerLogin": "Yalda2HITL",
            "createdAt": "2022-07-18T14:29:21.938Z",
            "updatedAt": "2022-07-18T14:29:21.938Z",
            "tags": [],
            "classTitle": "Body text",
            "points": {
                "exterior": [
                    [
                        1050,
                        3338
                    ],
                    [
                        1900,
                        3480
                    ]
                ],
                "interior": []
            }
        },
        {
            "id": 972022270,
            "classId": 10214730,
            "description": "",
            "geometryType": "polygon",
            "labelerLogin": "Yalda2HITL",
            "createdAt": "2022-07-18T14:29:21.938Z",
            "updatedAt": "2022-07-18T14:29:21.938Z",
            "tags": [],
            "classTitle": "Page",
            "points": {
                "exterior": [
                    [
                        324,
                        473
                    ],
                    [
                        721,
                        456
                    ],
                    [
                        1252,
                        437
                    ],
                    [
                        1937,
                        413
                    ],
                    [
                        2272,
                        394
                    ],
                    [
                        2502,
                        383
                    ],
                    [
                        2572,
                        388
                    ],
                    [
                        2578,
                        637
                    ],
                    [
                        2579,
                        1059
                    ],
                    [
                        2587,
                        1684
                    ],
                    [
                        2593,
                        2710
                    ],
                    [
                        2598,
                        3355
                    ],
                    [
                        2607,
                        3719
                    ],
                    [
                        2585,
                        3730
                    ],
                    [
                        2550,
                        3732
                    ],
                    [
                        2526,
                        3733
                    ],
                    [
                        2495,
                        3732
                    ],
                    [
                        2463,
                        3735
                    ],
                    [
                        2423,
                        3736
                    ],
                    [
                        2159,
                        3733
                    ],
                    [
                        1733,
                        3736
                    ],
                    [
                        1200,
                        3743
                    ],
                    [
                        947,
                        3749
                    ],
                    [
                        739,
                        3755
                    ],
                    [
                        549,
                        3759
                    ],
                    [
                        404,
                        3766
                    ],
                    [
                        378,
                        3767
                    ],
                    [
                        368,
                        3729
                    ],
                    [
                        361,
                        3575
                    ],
                    [
                        359,
                        2911
                    ],
                    [
                        354,
                        1977
                    ],
                    [
                        360,
                        1916
                    ],
                    [
                        355,
                        1734
                    ]
                ],
                "interior": []
            }
        }
    ]
}