{
    "description": "",
    "tags": [],
    "size": {
        "height": 3968,
        "width": 2976
    },
    "objects": [
        {
            "id": 972022300,
            "classId": 10214731,
            "description": "",
            "geometryType": "rectangle",
            "labelerLogin": "Yalda2HITL",
            "createdAt": "2022-07-18T14:29:21.938Z",
            "updatedAt": "2022-07-18T14:29:21.938Z",
            "tags": [
                {
                    "id": 151023996,
                    "tagId": 30308107,
                    "name": "Transcription",
                    "value": "\u0639\u0644\u0627\u0642\u0627\u062a \u062e\u0637\u0631\u0629 ",
                    "labelerLogin": "Yalda2HITL",
                    "createdAt": "2022-07-18T14:29:21.938Z",
                    "updatedAt": "2022-07-18T14:29:21.938Z"
                }
            ],
            "classTitle": "Title",
            "points": {
                "exterior": [
                    [
                        771,
                        1002
                    ],
                    [
                        2159,
                        1260
                    ]
                ],
                "interior": []
            }
        },
        {
            "id": 972022299,
            "classId": 10214732,
            "description": "",
            "geometryType": "rectangle",
            "labelerLogin": "Yalda2HITL",
            "createdAt": "2022-07-18T14:29:21.938Z",
            "updatedAt": "2022-07-18T14:29:21.938Z",
            "tags": [],
            "classTitle": "Body text",
            "points": {
                "exterior": [
                    [
                        596,
                        689
                    ],
                    [
                        763,
                        788
                    ]
                ],
                "interior": []
            }
        },
        {
            "id": 972022301,
            "classId": 10214732,
            "description": "",
            "geometryType": "rectangle",
            "labelerLogin": "Yalda2HITL",
            "createdAt": "2022-07-18T14:29:21.938Z",
            "updatedAt": "2022-07-18T14:29:21.938Z",
            "tags": [],
            "classTitle": "Body text",
            "points": {
                "exterior": [
                    [
                        675,
                        802
                    ],
                    [
                        732,
                        911
                    ]
                ],
                "interior": []
            }
        },
        {
            "id": 972022298,
            "classId": 10214732,
            "description": "",
            "geometryType": "rectangle",
            "labelerLogin": "Yalda2HITL",
            "createdAt": "2022-07-18T14:29:21.938Z",
            "updatedAt": "2022-07-18T14:29:21.938Z",
            "tags": [],
            "classTitle": "Body text",
            "points": {
                "exterior": [
                    [
                        1111,
                        1403
                    ],
                    [
                        1821,
                        1513
                    ]
                ],
                "interior": []
            }
        },
        {
            "id": 972022302,
            "classId": 10214732,
            "description": "",
            "geometryType": "rectangle",
            "labelerLogin": "Yalda2HITL",
            "createdAt": "2022-07-18T14:29:21.938Z",
            "updatedAt": "2022-07-18T14:29:21.938Z",
            "tags": [],
            "classTitle": "Body text",
            "points": {
                "exterior": [
                    [
                        548,
                        3305
                    ],
                    [
                        764,
                        3449
                    ]
                ],
                "interior": []
            }
        },
        {
            "id": 972022297,
            "classId": 10214732,
            "description": "",
            "geometryType": "rectangle",
            "labelerLogin": "Yalda2HITL",
            "createdAt": "2022-07-18T14:29:21.938Z",
            "updatedAt": "2022-07-18T14:29:21.938Z",
            "tags": [],
            "classTitle": "Body text",
            "points": {
                "exterior": [
                    [
                        542,
                        3475
                    ],
                    [
                        761,
                        3507
                    ]
                ],
                "interior": []
            }
        },
        {
            "id": 972022304,
            "classId": 10214730,
            "description": "",
            "geometryType": "polygon",
            "labelerLogin": "Yalda2HITL",
            "createdAt": "2022-07-18T14:29:21.938Z",
            "updatedAt": "2022-07-18T14:29:21.938Z",
            "tags": [],
            "classTitle": "Page",
            "points": {
                "exterior": [
                    [
                        226,
                        742
                    ],
                    [
                        224,
                        569
                    ],
                    [
                        223,
                        458
                    ],
                    [
                        228,
                        420
                    ],
                    [
                        343,
                        425
                    ],
                    [
                        538,
                        436
                    ],
                    [
                        1072,
                        459
                    ],
                    [
                        1406,
                        471
                    ],
                    [
                        1656,
                        479
                    ],
                    [
                        1798,
                        483
                    ],
                    [
                        1951,
                        491
                    ],
                    [
                        2289,
                        509
                    ],
                    [
                        2452,
                        517
                    ],
                    [
                        2522,
                        518
                    ],
                    [
                        2551,
                        522
                    ],
                    [
                        2565,
                        524
                    ],
                    [
                        2580,
                        534
                    ],
                    [
                        2594,
                        543
                    ],
                    [
                        2604,
                        555
                    ],
                    [
                        2611,
                        563
                    ],
                    [
                        2616,
                        567
                    ],
                    [
                        2605,
                        576
                    ],
                    [
                        2604,
                        599
                    ],
                    [
                        2601,
                        685
                    ],
                    [
                        2592,
                        971
                    ],
                    [
                        2578,
                        1305
                    ],
                    [
                        2560,
                        2055
                    ],
                    [
                        2557,
                        2200
                    ],
                    [
                        2548,
                        2261
                    ],
                    [
                        2542,
                        2418
                    ],
                    [
                        2526,
                        3115
                    ],
                    [
                        2509,
                        3762
                    ],
                    [
                        2509,
                        3775
                    ],
                    [
                        2502,
                        3783
                    ],
                    [
                        2483,
                        3788
                    ],
                    [
                        2465,
                        3791
                    ],
                    [
                        2436,
                        3793
                    ],
                    [
                        2293,
                        3802
                    ],
                    [
                        2086,
                        3808
                    ],
                    [
                        1842,
                        3819
                    ],
                    [
                        1580,
                        3827
                    ],
                    [
                        1397,
                        3827
                    ],
                    [
                        1204,
                        3832
                    ],
                    [
                        1068,
                        3835
                    ],
                    [
                        862,
                        3834
                    ],
                    [
                        676,
                        3828
                    ],
                    [
                        604,
                        3828
                    ],
                    [
                        518,
                        3826
                    ],
                    [
                        401,
                        3831
                    ],
                    [
                        324,
                        3829
                    ],
                    [
                        246,
                        3831
                    ],
                    [
                        228,
                        3827
                    ],
                    [
                        225,
                        3810
                    ],
                    [
                        225,
                        3704
                    ],
                    [
                        240,
                        2771
                    ],
                    [
                        240,
                        2718
                    ],
                    [
                        255,
                        2694
                    ],
                    [
                        266,
                        2667
                    ],
                    [
                        278,
                        2639
                    ],
                    [
                        281,
                        2595
                    ],
                    [
                        275,
                        2532
                    ],
                    [
                        268,
                        2512
                    ],
                    [
                        251,
                        2494
                    ],
                    [
                        238,
                        2484
                    ],
                    [
                        240,
                        2401
                    ],
                    [
                        237,
                        2172
                    ],
                    [
                        234,
                        1914
                    ],
                    [
                        221,
                        1061
                    ]
                ],
                "interior": []
            }
        }
    ]
}