{
    "description": "",
    "tags": [],
    "size": {
        "height": 3968,
        "width": 2976
    },
    "objects": [
        {
            "id": 972022377,
            "classId": 10214731,
            "description": "",
            "geometryType": "rectangle",
            "labelerLogin": "Yalda2HITL",
            "createdAt": "2022-07-18T14:29:21.938Z",
            "updatedAt": "2022-07-18T14:29:21.938Z",
            "tags": [
                {
                    "id": 151024011,
                    "tagId": 30308107,
                    "name": "Transcription",
                    "value": "\u0627\u0644\u0623\u0633\u0648\u0627\u0642 \u0648\u0627\u0644\u0645\u0624\u0633\u0633\u0627\u062a \u0627\u0644\u0645\u0627\u0644\u064a\u0629 ",
                    "labelerLogin": "Yalda2HITL",
                    "createdAt": "2022-07-18T14:29:21.938Z",
                    "updatedAt": "2022-07-18T14:29:21.938Z"
                }
            ],
            "classTitle": "Title",
            "points": {
                "exterior": [
                    [
                        875,
                        934
                    ],
                    [
                        2068,
                        1242
                    ]
                ],
                "interior": []
            }
        },
        {
            "id": 972022373,
            "classId": 10214731,
            "description": "",
            "geometryType": "rectangle",
            "labelerLogin": "Yalda2HITL",
            "createdAt": "2022-07-18T14:29:21.938Z",
            "updatedAt": "2022-07-18T14:29:21.938Z",
            "tags": [
                {
                    "id": 151024010,
                    "tagId": 30308107,
                    "name": "Transcription",
                    "value": "\u0628\u0646\u0648\u0643 \u062a\u062c\u0627\u0631\u064a\u0629-\u0623\u0633\u0648\u0627\u0642 \u0627\u0644\u0623\u0648\u0631\u0627\u0642 \u0627\u0644\u0645\u0627\u0644\u064a\u0629-\u0634\u0631\u0643\u0627\u062a \u0627\u0644\u062a\u0623\u0645\u064a\u0646-\u0634\u0631\u0643\u0627\u062a \u0627\u0644\u0625\u0633\u062a\u062b\u0645\u0627\u0631  ",
                    "labelerLogin": "Yalda2HITL",
                    "createdAt": "2022-07-18T14:29:21.938Z",
                    "updatedAt": "2022-07-18T14:29:21.938Z"
                }
            ],
            "classTitle": "Title",
            "points": {
                "exterior": [
                    [
                        787,
                        1282
                    ],
                    [
                        2200,
                        1462
                    ]
                ],
                "interior": []
            }
        },
        {
            "id": 972022376,
            "classId": 10214732,
            "description": "",
            "geometryType": "rectangle",
            "labelerLogin": "Yalda2HITL",
            "createdAt": "2022-07-18T14:29:21.938Z",
            "updatedAt": "2022-07-18T14:29:21.938Z",
            "tags": [],
            "classTitle": "Body text",
            "points": {
                "exterior": [
                    [
                        1039,
                        2857
                    ],
                    [
                        1921,
                        2931
                    ]
                ],
                "interior": []
            }
        },
        {
            "id": 972022375,
            "classId": 10214732,
            "description": "",
            "geometryType": "rectangle",
            "labelerLogin": "Yalda2HITL",
            "createdAt": "2022-07-18T14:29:21.938Z",
            "updatedAt": "2022-07-18T14:29:21.938Z",
            "tags": [],
            "classTitle": "Body text",
            "points": {
                "exterior": [
                    [
                        891,
                        2977
                    ],
                    [
                        2037,
                        3059
                    ]
                ],
                "interior": []
            }
        },
        {
            "id": 972022374,
            "classId": 10214732,
            "description": "",
            "geometryType": "rectangle",
            "labelerLogin": "Yalda2HITL",
            "createdAt": "2022-07-18T14:29:21.938Z",
            "updatedAt": "2022-07-18T14:29:21.938Z",
            "tags": [],
            "classTitle": "Body text",
            "points": {
                "exterior": [
                    [
                        816,
                        3075
                    ],
                    [
                        2151,
                        3145
                    ]
                ],
                "interior": []
            }
        },
        {
            "id": 972022378,
            "classId": 10214730,
            "description": "",
            "geometryType": "polygon",
            "labelerLogin": "Yalda2HITL",
            "createdAt": "2022-07-18T14:29:21.938Z",
            "updatedAt": "2022-07-18T14:29:21.938Z",
            "tags": [],
            "classTitle": "Page",
            "points": {
                "exterior": [
                    [
                        543,
                        730
                    ],
                    [
                        642,
                        729
                    ],
                    [
                        736,
                        731
                    ],
                    [
                        926,
                        727
                    ],
                    [
                        1155,
                        726
                    ],
                    [
                        1313,
                        723
                    ],
                    [
                        1596,
                        721
                    ],
                    [
                        1830,
                        721
                    ],
                    [
                        2087,
                        721
                    ],
                    [
                        2281,
                        717
                    ],
                    [
                        2376,
                        714
                    ],
                    [
                        2393,
                        714
                    ],
                    [
                        2407,
                        718
                    ],
                    [
                        2406,
                        726
                    ],
                    [
                        2409,
                        741
                    ],
                    [
                        2412,
                        755
                    ],
                    [
                        2415,
                        766
                    ],
                    [
                        2412,
                        803
                    ],
                    [
                        2401,
                        1344
                    ],
                    [
                        2402,
                        1693
                    ],
                    [
                        2390,
                        1694
                    ],
                    [
                        2386,
                        1850
                    ],
                    [
                        2384,
                        1996
                    ],
                    [
                        2374,
                        2411
                    ],
                    [
                        2369,
                        2636
                    ],
                    [
                        2362,
                        2937
                    ],
                    [
                        2361,
                        3211
                    ],
                    [
                        2353,
                        3213
                    ],
                    [
                        2353,
                        3270
                    ],
                    [
                        2343,
                        3277
                    ],
                    [
                        2307,
                        3279
                    ],
                    [
                        2262,
                        3279
                    ],
                    [
                        2173,
                        3279
                    ],
                    [
                        2040,
                        3285
                    ],
                    [
                        1898,
                        3288
                    ],
                    [
                        1806,
                        3290
                    ],
                    [
                        1705,
                        3289
                    ],
                    [
                        1563,
                        3286
                    ],
                    [
                        1465,
                        3288
                    ],
                    [
                        1372,
                        3287
                    ],
                    [
                        1257,
                        3285
                    ],
                    [
                        1120,
                        3282
                    ],
                    [
                        888,
                        3277
                    ],
                    [
                        769,
                        3270
                    ],
                    [
                        715,
                        3269
                    ],
                    [
                        616,
                        3268
                    ],
                    [
                        591,
                        3268
                    ],
                    [
                        579,
                        3139
                    ],
                    [
                        563,
                        2852
                    ],
                    [
                        554,
                        2646
                    ],
                    [
                        547,
                        2312
                    ],
                    [
                        545,
                        1821
                    ],
                    [
                        547,
                        1288
                    ],
                    [
                        546,
                        832
                    ]
                ],
                "interior": []
            }
        }
    ]
}