{
    "description": "",
    "tags": [],
    "size": {
        "height": 3968,
        "width": 2976
    },
    "objects": [
        {
            "id": 972022404,
            "classId": 10214732,
            "description": "",
            "geometryType": "rectangle",
            "labelerLogin": "Yalda2HITL",
            "createdAt": "2022-07-18T14:29:21.938Z",
            "updatedAt": "2022-07-18T14:29:21.938Z",
            "tags": [],
            "classTitle": "Body text",
            "points": {
                "exterior": [
                    [
                        1084,
                        840
                    ],
                    [
                        1789,
                        947
                    ]
                ],
                "interior": []
            }
        },
        {
            "id": 972022401,
            "classId": 10214732,
            "description": "",
            "geometryType": "rectangle",
            "labelerLogin": "Yalda2HITL",
            "createdAt": "2022-07-18T14:29:21.938Z",
            "updatedAt": "2022-07-18T14:29:21.938Z",
            "tags": [],
            "classTitle": "Body text",
            "points": {
                "exterior": [
                    [
                        668,
                        1054
                    ],
                    [
                        2266,
                        1120
                    ]
                ],
                "interior": []
            }
        },
        {
            "id": 972022403,
            "classId": 10214731,
            "description": "",
            "geometryType": "rectangle",
            "labelerLogin": "Yalda2HITL",
            "createdAt": "2022-07-18T14:29:21.938Z",
            "updatedAt": "2022-07-18T14:29:21.938Z",
            "tags": [
                {
                    "id": 151024017,
                    "tagId": 30308107,
                    "name": "Transcription",
                    "value": "\u0627\u0644\u0645\u0636\u0627\u0631\u0628\u0629 \u0648\u062a\u0637\u0628\u064a\u0642\u0627\u062a\u0647\u0627 ",
                    "labelerLogin": "Yalda2HITL",
                    "createdAt": "2022-07-18T14:29:21.938Z",
                    "updatedAt": "2022-07-18T14:29:21.938Z"
                }
            ],
            "classTitle": "Title",
            "points": {
                "exterior": [
                    [
                        1267,
                        1536
                    ],
                    [
                        1633,
                        1598
                    ]
                ],
                "interior": []
            }
        },
        {
            "id": 972022398,
            "classId": 10214731,
            "description": "",
            "geometryType": "rectangle",
            "labelerLogin": "Yalda2HITL",
            "createdAt": "2022-07-18T14:29:21.938Z",
            "updatedAt": "2022-07-18T14:29:21.938Z",
            "tags": [
                {
                    "id": 151024014,
                    "tagId": 30308107,
                    "name": "Transcription",
                    "value": "\u0627\u0644\u0639\u0645\u0644\u064a\u0629 \u0648\u0627\u0644\u062d\u062f\u064a\u062b\u0629 \u0641\u064a ",
                    "labelerLogin": "Yalda2HITL",
                    "createdAt": "2022-07-18T14:29:21.938Z",
                    "updatedAt": "2022-07-18T14:29:21.938Z"
                }
            ],
            "classTitle": "Title",
            "points": {
                "exterior": [
                    [
                        1266,
                        1651
                    ],
                    [
                        1634,
                        1718
                    ]
                ],
                "interior": []
            }
        },
        {
            "id": 972022399,
            "classId": 10214731,
            "description": "",
            "geometryType": "rectangle",
            "labelerLogin": "Yalda2HITL",
            "createdAt": "2022-07-18T14:29:21.938Z",
            "updatedAt": "2022-07-18T14:29:21.938Z",
            "tags": [
                {
                    "id": 151024015,
                    "tagId": 30308107,
                    "name": "Transcription",
                    "value": "\u0627\u0644\u0645\u0635\u0627\u0631\u0641 \u0627\u0644\u0625\u0633\u0644\u0627\u0645\u064a\u0629 ",
                    "labelerLogin": "Yalda2HITL",
                    "createdAt": "2022-07-18T14:29:21.938Z",
                    "updatedAt": "2022-07-18T14:29:21.938Z"
                }
            ],
            "classTitle": "Title",
            "points": {
                "exterior": [
                    [
                        1287,
                        1760
                    ],
                    [
                        1615,
                        1822
                    ]
                ],
                "interior": []
            }
        },
        {
            "id": 972022400,
            "classId": 10214731,
            "description": "",
            "geometryType": "rectangle",
            "labelerLogin": "Yalda2HITL",
            "createdAt": "2022-07-18T14:29:21.938Z",
            "updatedAt": "2022-07-18T14:29:21.938Z",
            "tags": [
                {
                    "id": 151024016,
                    "tagId": 30308107,
                    "name": "Transcription",
                    "value": "\u0645\u0639 \u0639\u0631\u0636 \u0644\u0623\u0647\u0645 \u0627\u0644\u0646\u0645\u0627\u0630\u062c \u0627\u0644\u0645\u0642\u062a\u0631\u062d\u0629 \u0644\u0644\u062a\u0637\u0628\u064a\u0642 ",
                    "labelerLogin": "Yalda2HITL",
                    "createdAt": "2022-07-18T14:29:21.938Z",
                    "updatedAt": "2022-07-18T14:29:21.938Z"
                }
            ],
            "classTitle": "Title",
            "points": {
                "exterior": [
                    [
                        1171,
                        1906
                    ],
                    [
                        1729,
                        1958
                    ]
                ],
                "interior": []
            }
        },
        {
            "id": 972022397,
            "classId": 10214732,
            "description": "",
            "geometryType": "rectangle",
            "labelerLogin": "Yalda2HITL",
            "createdAt": "2022-07-18T14:29:21.938Z",
            "updatedAt": "2022-07-18T14:29:21.938Z",
            "tags": [],
            "classTitle": "Body text",
            "points": {
                "exterior": [
                    [
                        1262,
                        2235
                    ],
                    [
                        1654,
                        2281
                    ]
                ],
                "interior": []
            }
        },
        {
            "id": 972022396,
            "classId": 10214732,
            "description": "",
            "geometryType": "rectangle",
            "labelerLogin": "Yalda2HITL",
            "createdAt": "2022-07-18T14:29:21.938Z",
            "updatedAt": "2022-07-18T14:29:21.938Z",
            "tags": [],
            "classTitle": "Body text",
            "points": {
                "exterior": [
                    [
                        1210,
                        2332
                    ],
                    [
                        1702,
                        2369
                    ]
                ],
                "interior": []
            }
        },
        {
            "id": 972022402,
            "classId": 10214732,
            "description": "",
            "geometryType": "rectangle",
            "labelerLogin": "Yalda2HITL",
            "createdAt": "2022-07-18T14:29:21.938Z",
            "updatedAt": "2022-07-18T14:29:21.938Z",
            "tags": [],
            "classTitle": "Body text",
            "points": {
                "exterior": [
                    [
                        991,
                        3031
                    ],
                    [
                        1777,
                        3101
                    ]
                ],
                "interior": []
            }
        },
        {
            "id": 972022395,
            "classId": 10214732,
            "description": "",
            "geometryType": "rectangle",
            "labelerLogin": "Yalda2HITL",
            "createdAt": "2022-07-18T14:29:21.938Z",
            "updatedAt": "2022-07-18T14:29:21.938Z",
            "tags": [],
            "classTitle": "Body text",
            "points": {
                "exterior": [
                    [
                        1002,
                        3120
                    ],
                    [
                        1762,
                        3170
                    ]
                ],
                "interior": []
            }
        },
        {
            "id": 972022408,
            "classId": 10214730,
            "description": "",
            "geometryType": "polygon",
            "labelerLogin": "Yalda2HITL",
            "createdAt": "2022-07-18T14:29:21.938Z",
            "updatedAt": "2022-07-18T14:29:21.938Z",
            "tags": [],
            "classTitle": "Page",
            "points": {
                "exterior": [
                    [
                        564,
                        804
                    ],
                    [
                        715,
                        801
                    ],
                    [
                        880,
                        801
                    ],
                    [
                        1085,
                        798
                    ],
                    [
                        1696,
                        789
                    ],
                    [
                        2160,
                        779
                    ],
                    [
                        2318,
                        775
                    ],
                    [
                        2405,
                        775
                    ],
                    [
                        2427,
                        772
                    ],
                    [
                        2436,
                        796
                    ],
                    [
                        2433,
                        824
                    ],
                    [
                        2438,
                        849
                    ],
                    [
                        2437,
                        872
                    ],
                    [
                        2436,
                        910
                    ],
                    [
                        2431,
                        933
                    ],
                    [
                        2429,
                        959
                    ],
                    [
                        2426,
                        993
                    ],
                    [
                        2422,
                        1213
                    ],
                    [
                        2406,
                        1521
                    ],
                    [
                        2399,
                        1652
                    ],
                    [
                        2396,
                        1760
                    ],
                    [
                        2399,
                        1793
                    ],
                    [
                        2403,
                        1825
                    ],
                    [
                        2390,
                        1849
                    ],
                    [
                        2371,
                        2200
                    ],
                    [
                        2362,
                        2487
                    ],
                    [
                        2352,
                        2701
                    ],
                    [
                        2350,
                        2778
                    ],
                    [
                        2345,
                        2856
                    ],
                    [
                        2339,
                        2996
                    ],
                    [
                        2335,
                        3070
                    ],
                    [
                        2335,
                        3086
                    ],
                    [
                        2338,
                        3095
                    ],
                    [
                        2336,
                        3102
                    ],
                    [
                        2328,
                        3108
                    ],
                    [
                        2328,
                        3149
                    ],
                    [
                        2327,
                        3182
                    ],
                    [
                        2329,
                        3193
                    ],
                    [
                        2330,
                        3207
                    ],
                    [
                        2321,
                        3217
                    ],
                    [
                        2310,
                        3220
                    ],
                    [
                        2292,
                        3219
                    ],
                    [
                        2280,
                        3220
                    ],
                    [
                        2260,
                        3221
                    ],
                    [
                        2179,
                        3218
                    ],
                    [
                        2079,
                        3214
                    ],
                    [
                        1962,
                        3215
                    ],
                    [
                        1824,
                        3215
                    ],
                    [
                        1701,
                        3212
                    ],
                    [
                        1595,
                        3214
                    ],
                    [
                        1529,
                        3211
                    ],
                    [
                        1445,
                        3212
                    ],
                    [
                        1356,
                        3209
                    ],
                    [
                        1280,
                        3209
                    ],
                    [
                        1211,
                        3210
                    ],
                    [
                        1029,
                        3206
                    ],
                    [
                        876,
                        3203
                    ],
                    [
                        697,
                        3202
                    ],
                    [
                        683,
                        3195
                    ],
                    [
                        672,
                        3190
                    ],
                    [
                        669,
                        3144
                    ],
                    [
                        638,
                        2340
                    ],
                    [
                        615,
                        1739
                    ],
                    [
                        588,
                        1227
                    ]
                ],
                "interior": []
            }
        }
    ]
}