{
    "description": "",
    "tags": [],
    "size": {
        "height": 3968,
        "width": 2976
    },
    "objects": [
        {
            "id": 972022393,
            "classId": 10214732,
            "description": "",
            "geometryType": "rectangle",
            "labelerLogin": "Yalda2HITL",
            "createdAt": "2022-07-18T14:29:21.938Z",
            "updatedAt": "2022-07-18T14:29:21.938Z",
            "tags": [],
            "classTitle": "Body text",
            "points": {
                "exterior": [
                    [
                        800,
                        1046
                    ],
                    [
                        1885,
                        1151
                    ]
                ],
                "interior": []
            }
        },
        {
            "id": 972022392,
            "classId": 10214731,
            "description": "",
            "geometryType": "rectangle",
            "labelerLogin": "Yalda2HITL",
            "createdAt": "2022-07-18T14:29:21.938Z",
            "updatedAt": "2022-07-18T14:29:21.938Z",
            "tags": [
                {
                    "id": 151024013,
                    "tagId": 30308107,
                    "name": "Transcription",
                    "value": "\u0627\u0642\u062a\u0635\u064e\u0627\u062f\u064a\u064b\u0627\u062a \u0627\u0644\u0646\u0642\u064f\u0648\u062f\u0652 \u0648\u0627\u0644\u0628\u064f\u0646\u0648\u0643",
                    "labelerLogin": "Yalda2HITL",
                    "createdAt": "2022-07-18T14:29:21.938Z",
                    "updatedAt": "2022-07-18T14:29:21.938Z"
                }
            ],
            "classTitle": "Title",
            "points": {
                "exterior": [
                    [
                        914,
                        1249
                    ],
                    [
                        1912,
                        1453
                    ]
                ],
                "interior": []
            }
        },
        {
            "id": 972022391,
            "classId": 10214732,
            "description": "",
            "geometryType": "rectangle",
            "labelerLogin": "Yalda2HITL",
            "createdAt": "2022-07-18T14:29:21.938Z",
            "updatedAt": "2022-07-18T14:29:21.938Z",
            "tags": [],
            "classTitle": "Body text",
            "points": {
                "exterior": [
                    [
                        1079,
                        2625
                    ],
                    [
                        1810,
                        2669
                    ]
                ],
                "interior": []
            }
        },
        {
            "id": 972022389,
            "classId": 10214732,
            "description": "",
            "geometryType": "rectangle",
            "labelerLogin": "Yalda2HITL",
            "createdAt": "2022-07-18T14:29:21.938Z",
            "updatedAt": "2022-07-18T14:29:21.938Z",
            "tags": [],
            "classTitle": "Body text",
            "points": {
                "exterior": [
                    [
                        964,
                        2679
                    ],
                    [
                        1929,
                        2747
                    ]
                ],
                "interior": []
            }
        },
        {
            "id": 972022390,
            "classId": 10214732,
            "description": "",
            "geometryType": "rectangle",
            "labelerLogin": "Yalda2HITL",
            "createdAt": "2022-07-18T14:29:21.938Z",
            "updatedAt": "2022-07-18T14:29:21.938Z",
            "tags": [],
            "classTitle": "Body text",
            "points": {
                "exterior": [
                    [
                        1361,
                        2982
                    ],
                    [
                        1516,
                        3017
                    ]
                ],
                "interior": []
            }
        },
        {
            "id": 972022394,
            "classId": 10214730,
            "description": "",
            "geometryType": "polygon",
            "labelerLogin": "Yalda2HITL",
            "createdAt": "2022-07-18T14:29:21.938Z",
            "updatedAt": "2022-07-18T14:29:21.938Z",
            "tags": [],
            "classTitle": "Page",
            "points": {
                "exterior": [
                    [
                        496,
                        770
                    ],
                    [
                        504,
                        748
                    ],
                    [
                        590,
                        746
                    ],
                    [
                        718,
                        745
                    ],
                    [
                        931,
                        737
                    ],
                    [
                        1237,
                        730
                    ],
                    [
                        1507,
                        720
                    ],
                    [
                        1725,
                        715
                    ],
                    [
                        1949,
                        704
                    ],
                    [
                        2133,
                        694
                    ],
                    [
                        2248,
                        692
                    ],
                    [
                        2286,
                        688
                    ],
                    [
                        2301,
                        692
                    ],
                    [
                        2302,
                        710
                    ],
                    [
                        2303,
                        743
                    ],
                    [
                        2299,
                        1067
                    ],
                    [
                        2298,
                        1167
                    ],
                    [
                        2291,
                        1417
                    ],
                    [
                        2292,
                        1487
                    ],
                    [
                        2290,
                        1685
                    ],
                    [
                        2283,
                        1690
                    ],
                    [
                        2284,
                        1741
                    ],
                    [
                        2283,
                        1868
                    ],
                    [
                        2277,
                        2035
                    ],
                    [
                        2274,
                        2403
                    ],
                    [
                        2268,
                        2806
                    ],
                    [
                        2268,
                        2851
                    ],
                    [
                        2266,
                        3018
                    ],
                    [
                        2265,
                        3066
                    ],
                    [
                        2264,
                        3080
                    ],
                    [
                        2264,
                        3116
                    ],
                    [
                        2265,
                        3129
                    ],
                    [
                        2268,
                        3138
                    ],
                    [
                        2269,
                        3150
                    ],
                    [
                        2268,
                        3157
                    ],
                    [
                        2262,
                        3161
                    ],
                    [
                        2250,
                        3163
                    ],
                    [
                        2231,
                        3165
                    ],
                    [
                        2190,
                        3168
                    ],
                    [
                        2154,
                        3167
                    ],
                    [
                        2105,
                        3166
                    ],
                    [
                        2053,
                        3167
                    ],
                    [
                        1995,
                        3169
                    ],
                    [
                        1955,
                        3167
                    ],
                    [
                        1910,
                        3167
                    ],
                    [
                        1850,
                        3167
                    ],
                    [
                        1798,
                        3167
                    ],
                    [
                        1731,
                        3168
                    ],
                    [
                        1651,
                        3168
                    ],
                    [
                        1592,
                        3168
                    ],
                    [
                        1461,
                        3168
                    ],
                    [
                        1391,
                        3169
                    ],
                    [
                        1290,
                        3170
                    ],
                    [
                        1200,
                        3170
                    ],
                    [
                        1109,
                        3171
                    ],
                    [
                        941,
                        3174
                    ],
                    [
                        856,
                        3176
                    ],
                    [
                        708,
                        3182
                    ],
                    [
                        665,
                        3183
                    ],
                    [
                        631,
                        3183
                    ],
                    [
                        620,
                        3183
                    ],
                    [
                        611,
                        3171
                    ],
                    [
                        611,
                        3149
                    ],
                    [
                        596,
                        3145
                    ],
                    [
                        594,
                        3134
                    ],
                    [
                        602,
                        3127
                    ],
                    [
                        609,
                        3122
                    ],
                    [
                        613,
                        3111
                    ],
                    [
                        612,
                        3077
                    ],
                    [
                        605,
                        2692
                    ],
                    [
                        592,
                        2309
                    ],
                    [
                        589,
                        2195
                    ],
                    [
                        586,
                        2091
                    ],
                    [
                        568,
                        1664
                    ],
                    [
                        536,
                        1241
                    ]
                ],
                "interior": []
            }
        }
    ]
}