{
    "description": "",
    "tags": [],
    "size": {
        "height": 3968,
        "width": 2976
    },
    "objects": [
        {
            "id": 972022448,
            "classId": 10214731,
            "description": "",
            "geometryType": "rectangle",
            "labelerLogin": "Yalda2HITL",
            "createdAt": "2022-07-18T14:29:21.938Z",
            "updatedAt": "2022-07-18T14:29:21.938Z",
            "tags": [
                {
                    "id": 151024023,
                    "tagId": 30308107,
                    "name": "Transcription",
                    "value": "\u0627\u0644\u062a\u0631\u0628\u064a\u0629 \u0627\u0644\u0625\u0633\u0644\u0627\u0645\u064a\u0629 ",
                    "labelerLogin": "Yalda2HITL",
                    "createdAt": "2022-07-18T14:29:21.938Z",
                    "updatedAt": "2022-07-18T14:29:21.938Z"
                }
            ],
            "classTitle": "Title",
            "points": {
                "exterior": [
                    [
                        687,
                        757
                    ],
                    [
                        2052,
                        1034
                    ]
                ],
                "interior": []
            }
        },
        {
            "id": 972022447,
            "classId": 10214732,
            "description": "",
            "geometryType": "rectangle",
            "labelerLogin": "Yalda2HITL",
            "createdAt": "2022-07-18T14:29:21.938Z",
            "updatedAt": "2022-07-18T14:29:21.938Z",
            "tags": [],
            "classTitle": "Body text",
            "points": {
                "exterior": [
                    [
                        1367,
                        764
                    ],
                    [
                        1491,
                        819
                    ]
                ],
                "interior": []
            }
        },
        {
            "id": 972022452,
            "classId": 10214732,
            "description": "",
            "geometryType": "rectangle",
            "labelerLogin": "Yalda2HITL",
            "createdAt": "2022-07-18T14:29:21.938Z",
            "updatedAt": "2022-07-18T14:29:21.938Z",
            "tags": [],
            "classTitle": "Body text",
            "points": {
                "exterior": [
                    [
                        1344,
                        616
                    ],
                    [
                        2021,
                        744
                    ]
                ],
                "interior": []
            }
        },
        {
            "id": 972022446,
            "classId": 10214732,
            "description": "",
            "geometryType": "rectangle",
            "labelerLogin": "Yalda2HITL",
            "createdAt": "2022-07-18T14:29:21.938Z",
            "updatedAt": "2022-07-18T14:29:21.938Z",
            "tags": [],
            "classTitle": "Body text",
            "points": {
                "exterior": [
                    [
                        701,
                        1070
                    ],
                    [
                        1146,
                        1137
                    ]
                ],
                "interior": []
            }
        },
        {
            "id": 972022445,
            "classId": 10214732,
            "description": "",
            "geometryType": "rectangle",
            "labelerLogin": "Yalda2HITL",
            "createdAt": "2022-07-18T14:29:21.938Z",
            "updatedAt": "2022-07-18T14:29:21.938Z",
            "tags": [],
            "classTitle": "Body text",
            "points": {
                "exterior": [
                    [
                        1368,
                        2794
                    ],
                    [
                        1567,
                        2901
                    ]
                ],
                "interior": []
            }
        },
        {
            "id": 972022444,
            "classId": 10214732,
            "description": "",
            "geometryType": "rectangle",
            "labelerLogin": "Yalda2HITL",
            "createdAt": "2022-07-18T14:29:21.938Z",
            "updatedAt": "2022-07-18T14:29:21.938Z",
            "tags": [],
            "classTitle": "Body text",
            "points": {
                "exterior": [
                    [
                        1811,
                        2866
                    ],
                    [
                        2063,
                        2959
                    ]
                ],
                "interior": []
            }
        },
        {
            "id": 972022443,
            "classId": 10214732,
            "description": "",
            "geometryType": "rectangle",
            "labelerLogin": "Yalda2HITL",
            "createdAt": "2022-07-18T14:29:21.938Z",
            "updatedAt": "2022-07-18T14:29:21.938Z",
            "tags": [],
            "classTitle": "Body text",
            "points": {
                "exterior": [
                    [
                        666,
                        2963
                    ],
                    [
                        2217,
                        3198
                    ]
                ],
                "interior": []
            }
        },
        {
            "id": 972022449,
            "classId": 10214730,
            "description": "",
            "geometryType": "polygon",
            "labelerLogin": "Yalda2HITL",
            "createdAt": "2022-07-18T14:29:21.938Z",
            "updatedAt": "2022-07-18T14:29:21.938Z",
            "tags": [],
            "classTitle": "Page",
            "points": {
                "exterior": [
                    [
                        485,
                        1301
                    ],
                    [
                        479,
                        1095
                    ],
                    [
                        481,
                        918
                    ],
                    [
                        478,
                        836
                    ],
                    [
                        467,
                        726
                    ],
                    [
                        470,
                        641
                    ],
                    [
                        464,
                        608
                    ],
                    [
                        462,
                        568
                    ],
                    [
                        465,
                        556
                    ],
                    [
                        469,
                        545
                    ],
                    [
                        473,
                        531
                    ],
                    [
                        474,
                        505
                    ],
                    [
                        477,
                        481
                    ],
                    [
                        478,
                        467
                    ],
                    [
                        503,
                        471
                    ],
                    [
                        535,
                        477
                    ],
                    [
                        614,
                        490
                    ],
                    [
                        687,
                        501
                    ],
                    [
                        789,
                        512
                    ],
                    [
                        882,
                        520
                    ],
                    [
                        960,
                        526
                    ],
                    [
                        1038,
                        526
                    ],
                    [
                        1114,
                        527
                    ],
                    [
                        1159,
                        525
                    ],
                    [
                        1209,
                        525
                    ],
                    [
                        1254,
                        523
                    ],
                    [
                        1354,
                        522
                    ],
                    [
                        1428,
                        520
                    ],
                    [
                        1505,
                        514
                    ],
                    [
                        1592,
                        508
                    ],
                    [
                        1663,
                        506
                    ],
                    [
                        1745,
                        502
                    ],
                    [
                        1876,
                        498
                    ],
                    [
                        1960,
                        495
                    ],
                    [
                        2039,
                        493
                    ],
                    [
                        2124,
                        490
                    ],
                    [
                        2162,
                        488
                    ],
                    [
                        2192,
                        479
                    ],
                    [
                        2216,
                        478
                    ],
                    [
                        2236,
                        476
                    ],
                    [
                        2270,
                        467
                    ],
                    [
                        2284,
                        462
                    ],
                    [
                        2296,
                        459
                    ],
                    [
                        2306,
                        463
                    ],
                    [
                        2310,
                        470
                    ],
                    [
                        2313,
                        478
                    ],
                    [
                        2328,
                        481
                    ],
                    [
                        2331,
                        487
                    ],
                    [
                        2341,
                        510
                    ],
                    [
                        2344,
                        534
                    ],
                    [
                        2343,
                        573
                    ],
                    [
                        2346,
                        662
                    ],
                    [
                        2355,
                        774
                    ],
                    [
                        2361,
                        891
                    ],
                    [
                        2386,
                        1279
                    ],
                    [
                        2401,
                        1639
                    ],
                    [
                        2421,
                        2004
                    ],
                    [
                        2440,
                        2289
                    ],
                    [
                        2423,
                        2338
                    ],
                    [
                        2427,
                        2574
                    ],
                    [
                        2450,
                        2881
                    ],
                    [
                        2461,
                        3108
                    ],
                    [
                        2463,
                        3168
                    ],
                    [
                        2459,
                        3180
                    ],
                    [
                        2437,
                        3189
                    ],
                    [
                        2421,
                        3194
                    ],
                    [
                        2370,
                        3205
                    ],
                    [
                        2329,
                        3202
                    ],
                    [
                        2291,
                        3205
                    ],
                    [
                        2217,
                        3210
                    ],
                    [
                        2150,
                        3211
                    ],
                    [
                        2053,
                        3218
                    ],
                    [
                        1809,
                        3233
                    ],
                    [
                        1583,
                        3243
                    ],
                    [
                        1353,
                        3254
                    ],
                    [
                        1238,
                        3261
                    ],
                    [
                        1199,
                        3263
                    ],
                    [
                        1154,
                        3268
                    ],
                    [
                        1104,
                        3274
                    ],
                    [
                        1039,
                        3281
                    ],
                    [
                        898,
                        3300
                    ],
                    [
                        779,
                        3319
                    ],
                    [
                        697,
                        3332
                    ],
                    [
                        641,
                        3343
                    ],
                    [
                        609,
                        3351
                    ],
                    [
                        568,
                        3360
                    ],
                    [
                        543,
                        3365
                    ],
                    [
                        519,
                        3368
                    ],
                    [
                        505,
                        3370
                    ],
                    [
                        501,
                        3345
                    ],
                    [
                        491,
                        3318
                    ],
                    [
                        491,
                        3248
                    ],
                    [
                        490,
                        3206
                    ],
                    [
                        493,
                        3185
                    ],
                    [
                        492,
                        3136
                    ],
                    [
                        491,
                        3071
                    ],
                    [
                        497,
                        2914
                    ],
                    [
                        497,
                        2807
                    ],
                    [
                        505,
                        2744
                    ],
                    [
                        509,
                        2695
                    ],
                    [
                        511,
                        2653
                    ],
                    [
                        510,
                        2578
                    ],
                    [
                        507,
                        2450
                    ],
                    [
                        502,
                        2167
                    ],
                    [
                        494,
                        1865
                    ],
                    [
                        491,
                        1815
                    ],
                    [
                        488,
                        1790
                    ],
                    [
                        493,
                        1710
                    ],
                    [
                        492,
                        1651
                    ],
                    [
                        486,
                        1622
                    ],
                    [
                        483,
                        1507
                    ]
                ],
                "interior": []
            }
        }
    ]
}