{
    "description": "",
    "tags": [],
    "size": {
        "height": 4032,
        "width": 3024
    },
    "objects": [
        {
            "id": 972020391,
            "classId": 10214732,
            "description": "",
            "geometryType": "rectangle",
            "labelerLogin": "Yalda2HITL",
            "createdAt": "2022-07-18T14:26:56.985Z",
            "updatedAt": "2022-07-18T14:26:56.985Z",
            "tags": [],
            "classTitle": "Body text",
            "points": {
                "exterior": [
                    [
                        585,
                        1593
                    ],
                    [
                        2359,
                        1759
                    ]
                ],
                "interior": []
            }
        },
        {
            "id": 972020385,
            "classId": 10214732,
            "description": "",
            "geometryType": "rectangle",
            "labelerLogin": "Yalda2HITL",
            "createdAt": "2022-07-18T14:26:56.985Z",
            "updatedAt": "2022-07-18T14:26:56.985Z",
            "tags": [],
            "classTitle": "Body text",
            "points": {
                "exterior": [
                    [
                        561,
                        1712
                    ],
                    [
                        2350,
                        1863
                    ]
                ],
                "interior": []
            }
        },
        {
            "id": 972020380,
            "classId": 10214732,
            "description": "",
            "geometryType": "rectangle",
            "labelerLogin": "Yalda2HITL",
            "createdAt": "2022-07-18T14:26:56.985Z",
            "updatedAt": "2022-07-18T14:26:56.985Z",
            "tags": [],
            "classTitle": "Body text",
            "points": {
                "exterior": [
                    [
                        569,
                        1809
                    ],
                    [
                        2344,
                        1980
                    ]
                ],
                "interior": []
            }
        },
        {
            "id": 972020379,
            "classId": 10214732,
            "description": "",
            "geometryType": "rectangle",
            "labelerLogin": "Yalda2HITL",
            "createdAt": "2022-07-18T14:26:56.985Z",
            "updatedAt": "2022-07-18T14:26:56.985Z",
            "tags": [],
            "classTitle": "Body text",
            "points": {
                "exterior": [
                    [
                        547,
                        1917
                    ],
                    [
                        2342,
                        2060
                    ]
                ],
                "interior": []
            }
        },
        {
            "id": 972020383,
            "classId": 10214732,
            "description": "",
            "geometryType": "rectangle",
            "labelerLogin": "Yalda2HITL",
            "createdAt": "2022-07-18T14:26:56.985Z",
            "updatedAt": "2022-07-18T14:26:56.985Z",
            "tags": [],
            "classTitle": "Body text",
            "points": {
                "exterior": [
                    [
                        561,
                        2020
                    ],
                    [
                        2330,
                        2173
                    ]
                ],
                "interior": []
            }
        },
        {
            "id": 972020378,
            "classId": 10214732,
            "description": "",
            "geometryType": "rectangle",
            "labelerLogin": "Yalda2HITL",
            "createdAt": "2022-07-18T14:26:56.985Z",
            "updatedAt": "2022-07-18T14:26:56.985Z",
            "tags": [],
            "classTitle": "Body text",
            "points": {
                "exterior": [
                    [
                        550,
                        2114
                    ],
                    [
                        2327,
                        2281
                    ]
                ],
                "interior": []
            }
        },
        {
            "id": 972020377,
            "classId": 10214732,
            "description": "",
            "geometryType": "rectangle",
            "labelerLogin": "Yalda2HITL",
            "createdAt": "2022-07-18T14:26:56.985Z",
            "updatedAt": "2022-07-18T14:26:56.985Z",
            "tags": [],
            "classTitle": "Body text",
            "points": {
                "exterior": [
                    [
                        1150,
                        2259
                    ],
                    [
                        2316,
                        2390
                    ]
                ],
                "interior": []
            }
        },
        {
            "id": 972020382,
            "classId": 10214732,
            "description": "",
            "geometryType": "rectangle",
            "labelerLogin": "Yalda2HITL",
            "createdAt": "2022-07-18T14:26:56.985Z",
            "updatedAt": "2022-07-18T14:26:56.985Z",
            "tags": [],
            "classTitle": "Body text",
            "points": {
                "exterior": [
                    [
                        532,
                        2336
                    ],
                    [
                        2308,
                        2483
                    ]
                ],
                "interior": []
            }
        },
        {
            "id": 972020381,
            "classId": 10214732,
            "description": "",
            "geometryType": "rectangle",
            "labelerLogin": "Yalda2HITL",
            "createdAt": "2022-07-18T14:26:56.985Z",
            "updatedAt": "2022-07-18T14:26:56.985Z",
            "tags": [],
            "classTitle": "Body text",
            "points": {
                "exterior": [
                    [
                        968,
                        2449
                    ],
                    [
                        2296,
                        2597
                    ]
                ],
                "interior": []
            }
        },
        {
            "id": 972020376,
            "classId": 10214732,
            "description": "",
            "geometryType": "rectangle",
            "labelerLogin": "Yalda2HITL",
            "createdAt": "2022-07-18T14:26:56.985Z",
            "updatedAt": "2022-07-18T14:26:56.985Z",
            "tags": [],
            "classTitle": "Body text",
            "points": {
                "exterior": [
                    [
                        450,
                        3297
                    ],
                    [
                        859,
                        3343
                    ]
                ],
                "interior": []
            }
        },
        {
            "id": 972020396,
            "classId": 10214732,
            "description": "",
            "geometryType": "rectangle",
            "labelerLogin": "Yalda2HITL",
            "createdAt": "2022-07-18T14:26:56.985Z",
            "updatedAt": "2022-07-18T14:26:56.985Z",
            "tags": [],
            "classTitle": "Body text",
            "points": {
                "exterior": [
                    [
                        393,
                        3556
                    ],
                    [
                        797,
                        3607
                    ]
                ],
                "interior": []
            }
        },
        {
            "id": 972020384,
            "classId": 10214732,
            "description": "",
            "geometryType": "rectangle",
            "labelerLogin": "Yalda2HITL",
            "createdAt": "2022-07-18T14:26:56.985Z",
            "updatedAt": "2022-07-18T14:26:56.985Z",
            "tags": [],
            "classTitle": "Body text",
            "points": {
                "exterior": [
                    [
                        2487,
                        3378
                    ],
                    [
                        2580,
                        3832
                    ]
                ],
                "interior": []
            }
        },
        {
            "id": 972020397,
            "classId": 10214730,
            "description": "",
            "geometryType": "polygon",
            "labelerLogin": "Yalda2HITL",
            "createdAt": "2022-07-18T14:26:56.985Z",
            "updatedAt": "2022-07-18T14:26:56.985Z",
            "tags": [],
            "classTitle": "Page",
            "points": {
                "exterior": [
                    [
                        155,
                        87
                    ],
                    [
                        2797,
                        245
                    ],
                    [
                        2576,
                        3852
                    ],
                    [
                        33,
                        3748
                    ]
                ],
                "interior": []
            }
        }
    ]
}