{
    "description": "",
    "tags": [],
    "size": {
        "height": 4032,
        "width": 3024
    },
    "objects": [
        {
            "id": 972020611,
            "classId": 10214731,
            "description": "",
            "geometryType": "rectangle",
            "labelerLogin": "Yalda2HITL",
            "createdAt": "2022-07-18T14:26:56.986Z",
            "updatedAt": "2022-07-18T14:26:56.986Z",
            "tags": [
                {
                    "id": 151023691,
                    "tagId": 30308107,
                    "name": "Transcription",
                    "value": "\u0627\u0644\u0645\u0633\u0627\u0643\u064a\u0646",
                    "labelerLogin": "Yalda2HITL",
                    "createdAt": "2022-07-18T14:26:56.986Z",
                    "updatedAt": "2022-07-18T14:26:56.986Z"
                }
            ],
            "classTitle": "Title",
            "points": {
                "exterior": [
                    [
                        2151,
                        1673
                    ],
                    [
                        2473,
                        2708
                    ]
                ],
                "interior": []
            }
        },
        {
            "id": 972020443,
            "classId": 10214732,
            "description": "",
            "geometryType": "rectangle",
            "labelerLogin": "Yalda2HITL",
            "createdAt": "2022-07-18T14:26:56.985Z",
            "updatedAt": "2022-07-18T14:26:56.985Z",
            "tags": [],
            "classTitle": "Body text",
            "points": {
                "exterior": [
                    [
                        667,
                        1591
                    ],
                    [
                        1947,
                        1710
                    ]
                ],
                "interior": []
            }
        },
        {
            "id": 972020437,
            "classId": 10214732,
            "description": "",
            "geometryType": "rectangle",
            "labelerLogin": "Yalda2HITL",
            "createdAt": "2022-07-18T14:26:56.985Z",
            "updatedAt": "2022-07-18T14:26:56.985Z",
            "tags": [],
            "classTitle": "Body text",
            "points": {
                "exterior": [
                    [
                        678,
                        1703
                    ],
                    [
                        1952,
                        1799
                    ]
                ],
                "interior": []
            }
        },
        {
            "id": 972020449,
            "classId": 10214732,
            "description": "",
            "geometryType": "rectangle",
            "labelerLogin": "Yalda2HITL",
            "createdAt": "2022-07-18T14:26:56.985Z",
            "updatedAt": "2022-07-18T14:26:56.985Z",
            "tags": [],
            "classTitle": "Body text",
            "points": {
                "exterior": [
                    [
                        683,
                        1793
                    ],
                    [
                        1956,
                        1898
                    ]
                ],
                "interior": []
            }
        },
        {
            "id": 972020436,
            "classId": 10214732,
            "description": "",
            "geometryType": "rectangle",
            "labelerLogin": "Yalda2HITL",
            "createdAt": "2022-07-18T14:26:56.985Z",
            "updatedAt": "2022-07-18T14:26:56.985Z",
            "tags": [],
            "classTitle": "Body text",
            "points": {
                "exterior": [
                    [
                        683,
                        1900
                    ],
                    [
                        1956,
                        2003
                    ]
                ],
                "interior": []
            }
        },
        {
            "id": 972020442,
            "classId": 10214732,
            "description": "",
            "geometryType": "rectangle",
            "labelerLogin": "Yalda2HITL",
            "createdAt": "2022-07-18T14:26:56.985Z",
            "updatedAt": "2022-07-18T14:26:56.985Z",
            "tags": [],
            "classTitle": "Body text",
            "points": {
                "exterior": [
                    [
                        682,
                        1989
                    ],
                    [
                        1960,
                        2102
                    ]
                ],
                "interior": []
            }
        },
        {
            "id": 972020441,
            "classId": 10214732,
            "description": "",
            "geometryType": "rectangle",
            "labelerLogin": "Yalda2HITL",
            "createdAt": "2022-07-18T14:26:56.985Z",
            "updatedAt": "2022-07-18T14:26:56.985Z",
            "tags": [],
            "classTitle": "Body text",
            "points": {
                "exterior": [
                    [
                        1276,
                        2098
                    ],
                    [
                        1972,
                        2195
                    ]
                ],
                "interior": []
            }
        },
        {
            "id": 972020440,
            "classId": 10214732,
            "description": "",
            "geometryType": "rectangle",
            "labelerLogin": "Yalda2HITL",
            "createdAt": "2022-07-18T14:26:56.985Z",
            "updatedAt": "2022-07-18T14:26:56.985Z",
            "tags": [],
            "classTitle": "Body text",
            "points": {
                "exterior": [
                    [
                        676,
                        2195
                    ],
                    [
                        1976,
                        2327
                    ]
                ],
                "interior": []
            }
        },
        {
            "id": 972020454,
            "classId": 10214732,
            "description": "",
            "geometryType": "rectangle",
            "labelerLogin": "Yalda2HITL",
            "createdAt": "2022-07-18T14:26:56.986Z",
            "updatedAt": "2022-07-18T14:26:56.986Z",
            "tags": [],
            "classTitle": "Body text",
            "points": {
                "exterior": [
                    [
                        682,
                        2308
                    ],
                    [
                        1970,
                        2422
                    ]
                ],
                "interior": []
            }
        },
        {
            "id": 972020404,
            "classId": 10214732,
            "description": "",
            "geometryType": "rectangle",
            "labelerLogin": "Yalda2HITL",
            "createdAt": "2022-07-18T14:26:56.985Z",
            "updatedAt": "2022-07-18T14:26:56.985Z",
            "tags": [],
            "classTitle": "Body text",
            "points": {
                "exterior": [
                    [
                        682,
                        2407
                    ],
                    [
                        1979,
                        2541
                    ]
                ],
                "interior": []
            }
        },
        {
            "id": 972020459,
            "classId": 10214732,
            "description": "",
            "geometryType": "rectangle",
            "labelerLogin": "Yalda2HITL",
            "createdAt": "2022-07-18T14:26:56.986Z",
            "updatedAt": "2022-07-18T14:26:56.986Z",
            "tags": [],
            "classTitle": "Body text",
            "points": {
                "exterior": [
                    [
                        1047,
                        2516
                    ],
                    [
                        1979,
                        2613
                    ]
                ],
                "interior": []
            }
        },
        {
            "id": 972020398,
            "classId": 10214732,
            "description": "",
            "geometryType": "rectangle",
            "labelerLogin": "Yalda2HITL",
            "createdAt": "2022-07-18T14:26:56.985Z",
            "updatedAt": "2022-07-18T14:26:56.985Z",
            "tags": [],
            "classTitle": "Body text",
            "points": {
                "exterior": [
                    [
                        687,
                        2611
                    ],
                    [
                        1983,
                        2741
                    ]
                ],
                "interior": []
            }
        },
        {
            "id": 972020447,
            "classId": 10214732,
            "description": "",
            "geometryType": "rectangle",
            "labelerLogin": "Yalda2HITL",
            "createdAt": "2022-07-18T14:26:56.985Z",
            "updatedAt": "2022-07-18T14:26:56.985Z",
            "tags": [],
            "classTitle": "Body text",
            "points": {
                "exterior": [
                    [
                        682,
                        2729
                    ],
                    [
                        1987,
                        2848
                    ]
                ],
                "interior": []
            }
        },
        {
            "id": 972020403,
            "classId": 10214732,
            "description": "",
            "geometryType": "rectangle",
            "labelerLogin": "Yalda2HITL",
            "createdAt": "2022-07-18T14:26:56.985Z",
            "updatedAt": "2022-07-18T14:26:56.985Z",
            "tags": [],
            "classTitle": "Body text",
            "points": {
                "exterior": [
                    [
                        783,
                        2823
                    ],
                    [
                        1993,
                        2941
                    ]
                ],
                "interior": []
            }
        },
        {
            "id": 972020446,
            "classId": 10214732,
            "description": "",
            "geometryType": "rectangle",
            "labelerLogin": "Yalda2HITL",
            "createdAt": "2022-07-18T14:26:56.985Z",
            "updatedAt": "2022-07-18T14:26:56.985Z",
            "tags": [],
            "classTitle": "Body text",
            "points": {
                "exterior": [
                    [
                        720,
                        3032
                    ],
                    [
                        1321,
                        3102
                    ]
                ],
                "interior": []
            }
        },
        {
            "id": 972020453,
            "classId": 10214732,
            "description": "",
            "geometryType": "rectangle",
            "labelerLogin": "Yalda2HITL",
            "createdAt": "2022-07-18T14:26:56.986Z",
            "updatedAt": "2022-07-18T14:26:56.986Z",
            "tags": [],
            "classTitle": "Body text",
            "points": {
                "exterior": [
                    [
                        717,
                        3297
                    ],
                    [
                        1264,
                        3376
                    ]
                ],
                "interior": []
            }
        },
        {
            "id": 972020452,
            "classId": 10214732,
            "description": "",
            "geometryType": "rectangle",
            "labelerLogin": "Yalda2HITL",
            "createdAt": "2022-07-18T14:26:56.986Z",
            "updatedAt": "2022-07-18T14:26:56.986Z",
            "tags": [],
            "classTitle": "Body text",
            "points": {
                "exterior": [
                    [
                        1983,
                        2895
                    ],
                    [
                        2399,
                        3038
                    ]
                ],
                "interior": []
            }
        },
        {
            "id": 972020451,
            "classId": 10214732,
            "description": "",
            "geometryType": "rectangle",
            "labelerLogin": "Yalda2HITL",
            "createdAt": "2022-07-18T14:26:56.985Z",
            "updatedAt": "2022-07-18T14:26:56.985Z",
            "tags": [],
            "classTitle": "Body text",
            "points": {
                "exterior": [
                    [
                        2001,
                        3017
                    ],
                    [
                        2397,
                        3118
                    ]
                ],
                "interior": []
            }
        },
        {
            "id": 972020445,
            "classId": 10214732,
            "description": "",
            "geometryType": "rectangle",
            "labelerLogin": "Yalda2HITL",
            "createdAt": "2022-07-18T14:26:56.985Z",
            "updatedAt": "2022-07-18T14:26:56.985Z",
            "tags": [],
            "classTitle": "Body text",
            "points": {
                "exterior": [
                    [
                        2114,
                        3100
                    ],
                    [
                        2302,
                        3165
                    ]
                ],
                "interior": []
            }
        },
        {
            "id": 972020402,
            "classId": 10214732,
            "description": "",
            "geometryType": "rectangle",
            "labelerLogin": "Yalda2HITL",
            "createdAt": "2022-07-18T14:26:56.985Z",
            "updatedAt": "2022-07-18T14:26:56.985Z",
            "tags": [],
            "classTitle": "Body text",
            "points": {
                "exterior": [
                    [
                        1948,
                        3167
                    ],
                    [
                        2463,
                        3238
                    ]
                ],
                "interior": []
            }
        },
        {
            "id": 972020444,
            "classId": 10214732,
            "description": "",
            "geometryType": "rectangle",
            "labelerLogin": "Yalda2HITL",
            "createdAt": "2022-07-18T14:26:56.985Z",
            "updatedAt": "2022-07-18T14:26:56.985Z",
            "tags": [],
            "classTitle": "Body text",
            "points": {
                "exterior": [
                    [
                        2430,
                        2861
                    ],
                    [
                        2613,
                        3194
                    ]
                ],
                "interior": []
            }
        },
        {
            "id": 972020456,
            "classId": 10214732,
            "description": "",
            "geometryType": "rectangle",
            "labelerLogin": "Yalda2HITL",
            "createdAt": "2022-07-18T14:26:56.986Z",
            "updatedAt": "2022-07-18T14:26:56.986Z",
            "tags": [],
            "classTitle": "Body text",
            "points": {
                "exterior": [
                    [
                        2073,
                        3363
                    ],
                    [
                        2409,
                        3477
                    ]
                ],
                "interior": []
            }
        },
        {
            "id": 972020455,
            "classId": 10214732,
            "description": "",
            "geometryType": "rectangle",
            "labelerLogin": "Yalda2HITL",
            "createdAt": "2022-07-18T14:26:56.986Z",
            "updatedAt": "2022-07-18T14:26:56.986Z",
            "tags": [],
            "classTitle": "Body text",
            "points": {
                "exterior": [
                    [
                        2321,
                        3299
                    ],
                    [
                        2467,
                        3359
                    ]
                ],
                "interior": []
            }
        },
        {
            "id": 972020450,
            "classId": 10214732,
            "description": "",
            "geometryType": "rectangle",
            "labelerLogin": "Yalda2HITL",
            "createdAt": "2022-07-18T14:26:56.985Z",
            "updatedAt": "2022-07-18T14:26:56.985Z",
            "tags": [],
            "classTitle": "Body text",
            "points": {
                "exterior": [
                    [
                        1642,
                        1510
                    ],
                    [
                        1710,
                        1579
                    ]
                ],
                "interior": []
            }
        },
        {
            "id": 972020457,
            "classId": 10214730,
            "description": "",
            "geometryType": "polygon",
            "labelerLogin": "Yalda2HITL",
            "createdAt": "2022-07-18T14:26:56.986Z",
            "updatedAt": "2022-07-18T14:26:56.986Z",
            "tags": [],
            "classTitle": "Page",
            "points": {
                "exterior": [
                    [
                        357,
                        286
                    ],
                    [
                        2648,
                        260
                    ],
                    [
                        2654,
                        2001
                    ],
                    [
                        2760,
                        3627
                    ],
                    [
                        381,
                        3692
                    ]
                ],
                "interior": []
            }
        }
    ]
}