{
    "description": "",
    "tags": [],
    "size": {
        "height": 4032,
        "width": 3024
    },
    "objects": [
        {
            "id": 972020313,
            "classId": 10214730,
            "description": "",
            "geometryType": "polygon",
            "labelerLogin": "Yalda2HITL",
            "createdAt": "2022-07-18T14:26:56.985Z",
            "updatedAt": "2022-07-18T14:26:56.985Z",
            "tags": [],
            "classTitle": "Page",
            "points": {
                "exterior": [
                    [
                        2889,
                        218
                    ],
                    [
                        271,
                        185
                    ],
                    [
                        64,
                        3910
                    ],
                    [
                        1848,
                        4031
                    ],
                    [
                        2757,
                        4031
                    ]
                ],
                "interior": []
            }
        },
        {
            "id": 972020312,
            "classId": 10214732,
            "description": "",
            "geometryType": "rectangle",
            "labelerLogin": "Yalda2HITL",
            "createdAt": "2022-07-18T14:26:56.985Z",
            "updatedAt": "2022-07-18T14:26:56.985Z",
            "tags": [],
            "classTitle": "Body text",
            "points": {
                "exterior": [
                    [
                        791,
                        551
                    ],
                    [
                        2382,
                        628
                    ]
                ],
                "interior": []
            }
        },
        {
            "id": 972020289,
            "classId": 10214732,
            "description": "",
            "geometryType": "rectangle",
            "labelerLogin": "Yalda2HITL",
            "createdAt": "2022-07-18T14:26:56.985Z",
            "updatedAt": "2022-07-18T14:26:56.985Z",
            "tags": [],
            "classTitle": "Body text",
            "points": {
                "exterior": [
                    [
                        768,
                        619
                    ],
                    [
                        2441,
                        709
                    ]
                ],
                "interior": []
            }
        },
        {
            "id": 972020334,
            "classId": 10214732,
            "description": "",
            "geometryType": "rectangle",
            "labelerLogin": "Yalda2HITL",
            "createdAt": "2022-07-18T14:26:56.985Z",
            "updatedAt": "2022-07-18T14:26:56.985Z",
            "tags": [],
            "classTitle": "Body text",
            "points": {
                "exterior": [
                    [
                        785,
                        694
                    ],
                    [
                        2443,
                        785
                    ]
                ],
                "interior": []
            }
        },
        {
            "id": 972020270,
            "classId": 10214732,
            "description": "",
            "geometryType": "rectangle",
            "labelerLogin": "Yalda2HITL",
            "createdAt": "2022-07-18T14:26:56.985Z",
            "updatedAt": "2022-07-18T14:26:56.985Z",
            "tags": [],
            "classTitle": "Body text",
            "points": {
                "exterior": [
                    [
                        1402,
                        787
                    ],
                    [
                        2439,
                        861
                    ]
                ],
                "interior": []
            }
        },
        {
            "id": 972020344,
            "classId": 10214732,
            "description": "",
            "geometryType": "rectangle",
            "labelerLogin": "Yalda2HITL",
            "createdAt": "2022-07-18T14:26:56.985Z",
            "updatedAt": "2022-07-18T14:26:56.985Z",
            "tags": [],
            "classTitle": "Body text",
            "points": {
                "exterior": [
                    [
                        767,
                        846
                    ],
                    [
                        2374,
                        935
                    ]
                ],
                "interior": []
            }
        },
        {
            "id": 972020343,
            "classId": 10214732,
            "description": "",
            "geometryType": "rectangle",
            "labelerLogin": "Yalda2HITL",
            "createdAt": "2022-07-18T14:26:56.985Z",
            "updatedAt": "2022-07-18T14:26:56.985Z",
            "tags": [],
            "classTitle": "Body text",
            "points": {
                "exterior": [
                    [
                        769,
                        920
                    ],
                    [
                        2431,
                        1015
                    ]
                ],
                "interior": []
            }
        },
        {
            "id": 972020310,
            "classId": 10214732,
            "description": "",
            "geometryType": "rectangle",
            "labelerLogin": "Yalda2HITL",
            "createdAt": "2022-07-18T14:26:56.985Z",
            "updatedAt": "2022-07-18T14:26:56.985Z",
            "tags": [],
            "classTitle": "Body text",
            "points": {
                "exterior": [
                    [
                        1147,
                        1013
                    ],
                    [
                        2429,
                        1087
                    ]
                ],
                "interior": []
            }
        },
        {
            "id": 972020311,
            "classId": 10214732,
            "description": "",
            "geometryType": "rectangle",
            "labelerLogin": "Yalda2HITL",
            "createdAt": "2022-07-18T14:26:56.985Z",
            "updatedAt": "2022-07-18T14:26:56.985Z",
            "tags": [],
            "classTitle": "Body text",
            "points": {
                "exterior": [
                    [
                        759,
                        1068
                    ],
                    [
                        2355,
                        1169
                    ]
                ],
                "interior": []
            }
        },
        {
            "id": 972020342,
            "classId": 10214732,
            "description": "",
            "geometryType": "rectangle",
            "labelerLogin": "Yalda2HITL",
            "createdAt": "2022-07-18T14:26:56.985Z",
            "updatedAt": "2022-07-18T14:26:56.985Z",
            "tags": [],
            "classTitle": "Body text",
            "points": {
                "exterior": [
                    [
                        769,
                        1138
                    ],
                    [
                        2414,
                        1239
                    ]
                ],
                "interior": []
            }
        },
        {
            "id": 972020341,
            "classId": 10214732,
            "description": "",
            "geometryType": "rectangle",
            "labelerLogin": "Yalda2HITL",
            "createdAt": "2022-07-18T14:26:56.985Z",
            "updatedAt": "2022-07-18T14:26:56.985Z",
            "tags": [],
            "classTitle": "Body text",
            "points": {
                "exterior": [
                    [
                        753,
                        1220
                    ],
                    [
                        2415,
                        1321
                    ]
                ],
                "interior": []
            }
        },
        {
            "id": 972020340,
            "classId": 10214732,
            "description": "",
            "geometryType": "rectangle",
            "labelerLogin": "Yalda2HITL",
            "createdAt": "2022-07-18T14:26:56.985Z",
            "updatedAt": "2022-07-18T14:26:56.985Z",
            "tags": [],
            "classTitle": "Body text",
            "points": {
                "exterior": [
                    [
                        752,
                        1289
                    ],
                    [
                        2413,
                        1396
                    ]
                ],
                "interior": []
            }
        },
        {
            "id": 972020339,
            "classId": 10214732,
            "description": "",
            "geometryType": "rectangle",
            "labelerLogin": "Yalda2HITL",
            "createdAt": "2022-07-18T14:26:56.985Z",
            "updatedAt": "2022-07-18T14:26:56.985Z",
            "tags": [],
            "classTitle": "Body text",
            "points": {
                "exterior": [
                    [
                        743,
                        1365
                    ],
                    [
                        2412,
                        1467
                    ]
                ],
                "interior": []
            }
        },
        {
            "id": 972020326,
            "classId": 10214732,
            "description": "",
            "geometryType": "rectangle",
            "labelerLogin": "Yalda2HITL",
            "createdAt": "2022-07-18T14:26:56.985Z",
            "updatedAt": "2022-07-18T14:26:56.985Z",
            "tags": [],
            "classTitle": "Body text",
            "points": {
                "exterior": [
                    [
                        1007,
                        1451
                    ],
                    [
                        2404,
                        1543
                    ]
                ],
                "interior": []
            }
        },
        {
            "id": 972020338,
            "classId": 10214732,
            "description": "",
            "geometryType": "rectangle",
            "labelerLogin": "Yalda2HITL",
            "createdAt": "2022-07-18T14:26:56.985Z",
            "updatedAt": "2022-07-18T14:26:56.985Z",
            "tags": [],
            "classTitle": "Body text",
            "points": {
                "exterior": [
                    [
                        747,
                        1501
                    ],
                    [
                        2339,
                        1620
                    ]
                ],
                "interior": []
            }
        },
        {
            "id": 972020337,
            "classId": 10214732,
            "description": "",
            "geometryType": "rectangle",
            "labelerLogin": "Yalda2HITL",
            "createdAt": "2022-07-18T14:26:56.985Z",
            "updatedAt": "2022-07-18T14:26:56.985Z",
            "tags": [],
            "classTitle": "Body text",
            "points": {
                "exterior": [
                    [
                        740,
                        1577
                    ],
                    [
                        2404,
                        1698
                    ]
                ],
                "interior": []
            }
        },
        {
            "id": 972020336,
            "classId": 10214732,
            "description": "",
            "geometryType": "rectangle",
            "labelerLogin": "Yalda2HITL",
            "createdAt": "2022-07-18T14:26:56.985Z",
            "updatedAt": "2022-07-18T14:26:56.985Z",
            "tags": [],
            "classTitle": "Body text",
            "points": {
                "exterior": [
                    [
                        737,
                        1647
                    ],
                    [
                        2399,
                        1777
                    ]
                ],
                "interior": []
            }
        },
        {
            "id": 972020254,
            "classId": 10214732,
            "description": "",
            "geometryType": "rectangle",
            "labelerLogin": "Yalda2HITL",
            "createdAt": "2022-07-18T14:26:56.985Z",
            "updatedAt": "2022-07-18T14:26:56.985Z",
            "tags": [],
            "classTitle": "Body text",
            "points": {
                "exterior": [
                    [
                        729,
                        1725
                    ],
                    [
                        2401,
                        1854
                    ]
                ],
                "interior": []
            }
        },
        {
            "id": 972020253,
            "classId": 10214732,
            "description": "",
            "geometryType": "rectangle",
            "labelerLogin": "Yalda2HITL",
            "createdAt": "2022-07-18T14:26:56.985Z",
            "updatedAt": "2022-07-18T14:26:56.985Z",
            "tags": [],
            "classTitle": "Body text",
            "points": {
                "exterior": [
                    [
                        728,
                        1798
                    ],
                    [
                        2399,
                        1918
                    ]
                ],
                "interior": []
            }
        },
        {
            "id": 972020252,
            "classId": 10214732,
            "description": "",
            "geometryType": "rectangle",
            "labelerLogin": "Yalda2HITL",
            "createdAt": "2022-07-18T14:26:56.985Z",
            "updatedAt": "2022-07-18T14:26:56.985Z",
            "tags": [],
            "classTitle": "Body text",
            "points": {
                "exterior": [
                    [
                        729,
                        1882
                    ],
                    [
                        2394,
                        1990
                    ]
                ],
                "interior": []
            }
        },
        {
            "id": 972020325,
            "classId": 10214732,
            "description": "",
            "geometryType": "rectangle",
            "labelerLogin": "Yalda2HITL",
            "createdAt": "2022-07-18T14:26:56.985Z",
            "updatedAt": "2022-07-18T14:26:56.985Z",
            "tags": [],
            "classTitle": "Body text",
            "points": {
                "exterior": [
                    [
                        722,
                        1964
                    ],
                    [
                        2391,
                        2069
                    ]
                ],
                "interior": []
            }
        },
        {
            "id": 972020288,
            "classId": 10214732,
            "description": "",
            "geometryType": "rectangle",
            "labelerLogin": "Yalda2HITL",
            "createdAt": "2022-07-18T14:26:56.985Z",
            "updatedAt": "2022-07-18T14:26:56.985Z",
            "tags": [],
            "classTitle": "Body text",
            "points": {
                "exterior": [
                    [
                        1556,
                        2061
                    ],
                    [
                        2391,
                        2149
                    ]
                ],
                "interior": []
            }
        },
        {
            "id": 972020251,
            "classId": 10214732,
            "description": "",
            "geometryType": "rectangle",
            "labelerLogin": "Yalda2HITL",
            "createdAt": "2022-07-18T14:26:56.985Z",
            "updatedAt": "2022-07-18T14:26:56.985Z",
            "tags": [],
            "classTitle": "Body text",
            "points": {
                "exterior": [
                    [
                        716,
                        2100
                    ],
                    [
                        2323,
                        2229
                    ]
                ],
                "interior": []
            }
        },
        {
            "id": 972020250,
            "classId": 10214732,
            "description": "",
            "geometryType": "rectangle",
            "labelerLogin": "Yalda2HITL",
            "createdAt": "2022-07-18T14:26:56.985Z",
            "updatedAt": "2022-07-18T14:26:56.985Z",
            "tags": [],
            "classTitle": "Body text",
            "points": {
                "exterior": [
                    [
                        708,
                        2183
                    ],
                    [
                        2382,
                        2304
                    ]
                ],
                "interior": []
            }
        },
        {
            "id": 972020324,
            "classId": 10214732,
            "description": "",
            "geometryType": "rectangle",
            "labelerLogin": "Yalda2HITL",
            "createdAt": "2022-07-18T14:26:56.985Z",
            "updatedAt": "2022-07-18T14:26:56.985Z",
            "tags": [],
            "classTitle": "Body text",
            "points": {
                "exterior": [
                    [
                        1301,
                        2279
                    ],
                    [
                        2384,
                        2386
                    ]
                ],
                "interior": []
            }
        },
        {
            "id": 972020323,
            "classId": 10214732,
            "description": "",
            "geometryType": "rectangle",
            "labelerLogin": "Yalda2HITL",
            "createdAt": "2022-07-18T14:26:56.985Z",
            "updatedAt": "2022-07-18T14:26:56.985Z",
            "tags": [],
            "classTitle": "Body text",
            "points": {
                "exterior": [
                    [
                        1410,
                        2913
                    ],
                    [
                        1600,
                        2982
                    ]
                ],
                "interior": []
            }
        },
        {
            "id": 972020249,
            "classId": 10214732,
            "description": "",
            "geometryType": "rectangle",
            "labelerLogin": "Yalda2HITL",
            "createdAt": "2022-07-18T14:26:56.985Z",
            "updatedAt": "2022-07-18T14:26:56.985Z",
            "tags": [],
            "classTitle": "Body text",
            "points": {
                "exterior": [
                    [
                        1042,
                        2979
                    ],
                    [
                        1953,
                        3075
                    ]
                ],
                "interior": []
            }
        },
        {
            "id": 972020333,
            "classId": 10214732,
            "description": "",
            "geometryType": "rectangle",
            "labelerLogin": "Yalda2HITL",
            "createdAt": "2022-07-18T14:26:56.985Z",
            "updatedAt": "2022-07-18T14:26:56.985Z",
            "tags": [],
            "classTitle": "Body text",
            "points": {
                "exterior": [
                    [
                        1175,
                        3079
                    ],
                    [
                        1824,
                        3160
                    ]
                ],
                "interior": []
            }
        },
        {
            "id": 972020332,
            "classId": 10214732,
            "description": "",
            "geometryType": "rectangle",
            "labelerLogin": "Yalda2HITL",
            "createdAt": "2022-07-18T14:26:56.985Z",
            "updatedAt": "2022-07-18T14:26:56.985Z",
            "tags": [],
            "classTitle": "Body text",
            "points": {
                "exterior": [
                    [
                        1174,
                        3135
                    ],
                    [
                        1827,
                        3213
                    ]
                ],
                "interior": []
            }
        },
        {
            "id": 972020345,
            "classId": 10214732,
            "description": "",
            "geometryType": "rectangle",
            "labelerLogin": "Yalda2HITL",
            "createdAt": "2022-07-18T14:26:56.985Z",
            "updatedAt": "2022-07-18T14:26:56.985Z",
            "tags": [],
            "classTitle": "Body text",
            "points": {
                "exterior": [
                    [
                        1046,
                        3192
                    ],
                    [
                        1947,
                        3279
                    ]
                ],
                "interior": []
            }
        },
        {
            "id": 972020331,
            "classId": 10214732,
            "description": "",
            "geometryType": "rectangle",
            "labelerLogin": "Yalda2HITL",
            "createdAt": "2022-07-18T14:26:56.985Z",
            "updatedAt": "2022-07-18T14:26:56.985Z",
            "tags": [],
            "classTitle": "Body text",
            "points": {
                "exterior": [
                    [
                        1331,
                        3275
                    ],
                    [
                        1656,
                        3331
                    ]
                ],
                "interior": []
            }
        },
        {
            "id": 972020330,
            "classId": 10214732,
            "description": "",
            "geometryType": "rectangle",
            "labelerLogin": "Yalda2HITL",
            "createdAt": "2022-07-18T14:26:56.985Z",
            "updatedAt": "2022-07-18T14:26:56.985Z",
            "tags": [],
            "classTitle": "Body text",
            "points": {
                "exterior": [
                    [
                        1259,
                        3353
                    ],
                    [
                        1718,
                        3424
                    ]
                ],
                "interior": []
            }
        },
        {
            "id": 972020329,
            "classId": 10214732,
            "description": "",
            "geometryType": "rectangle",
            "labelerLogin": "Yalda2HITL",
            "createdAt": "2022-07-18T14:26:56.985Z",
            "updatedAt": "2022-07-18T14:26:56.985Z",
            "tags": [],
            "classTitle": "Body text",
            "points": {
                "exterior": [
                    [
                        1254,
                        3500
                    ],
                    [
                        1711,
                        3571
                    ]
                ],
                "interior": []
            }
        },
        {
            "id": 972020328,
            "classId": 10214732,
            "description": "",
            "geometryType": "rectangle",
            "labelerLogin": "Yalda2HITL",
            "createdAt": "2022-07-18T14:26:56.985Z",
            "updatedAt": "2022-07-18T14:26:56.985Z",
            "tags": [],
            "classTitle": "Body text",
            "points": {
                "exterior": [
                    [
                        1255,
                        3549
                    ],
                    [
                        1709,
                        3620
                    ]
                ],
                "interior": []
            }
        },
        {
            "id": 972020327,
            "classId": 10214732,
            "description": "",
            "geometryType": "rectangle",
            "labelerLogin": "Yalda2HITL",
            "createdAt": "2022-07-18T14:26:56.985Z",
            "updatedAt": "2022-07-18T14:26:56.985Z",
            "tags": [],
            "classTitle": "Body text",
            "points": {
                "exterior": [
                    [
                        1253,
                        3602
                    ],
                    [
                        1708,
                        3669
                    ]
                ],
                "interior": []
            }
        },
        {
            "id": 972020335,
            "classId": 10214732,
            "description": "",
            "geometryType": "rectangle",
            "labelerLogin": "Yalda2HITL",
            "createdAt": "2022-07-18T14:26:56.985Z",
            "updatedAt": "2022-07-18T14:26:56.985Z",
            "tags": [],
            "classTitle": "Body text",
            "points": {
                "exterior": [
                    [
                        1244,
                        3648
                    ],
                    [
                        1714,
                        3719
                    ]
                ],
                "interior": []
            }
        }
    ]
}