{
    "description": "",
    "tags": [],
    "size": {
        "height": 4032,
        "width": 3024
    },
    "objects": [
        {
            "id": 972020435,
            "classId": 10214732,
            "description": "",
            "geometryType": "rectangle",
            "labelerLogin": "Yalda2HITL",
            "createdAt": "2022-07-18T14:26:56.985Z",
            "updatedAt": "2022-07-18T14:26:56.985Z",
            "tags": [],
            "classTitle": "Body text",
            "points": {
                "exterior": [
                    [
                        1632,
                        731
                    ],
                    [
                        2191,
                        928
                    ]
                ],
                "interior": []
            }
        },
        {
            "id": 972020434,
            "classId": 10214732,
            "description": "",
            "geometryType": "rectangle",
            "labelerLogin": "Yalda2HITL",
            "createdAt": "2022-07-18T14:26:56.985Z",
            "updatedAt": "2022-07-18T14:26:56.985Z",
            "tags": [],
            "classTitle": "Body text",
            "points": {
                "exterior": [
                    [
                        1080,
                        1093
                    ],
                    [
                        2590,
                        1197
                    ]
                ],
                "interior": []
            }
        },
        {
            "id": 972020433,
            "classId": 10214732,
            "description": "",
            "geometryType": "rectangle",
            "labelerLogin": "Yalda2HITL",
            "createdAt": "2022-07-18T14:26:56.985Z",
            "updatedAt": "2022-07-18T14:26:56.985Z",
            "tags": [],
            "classTitle": "Body text",
            "points": {
                "exterior": [
                    [
                        1082,
                        1197
                    ],
                    [
                        2693,
                        1279
                    ]
                ],
                "interior": []
            }
        },
        {
            "id": 972020432,
            "classId": 10214732,
            "description": "",
            "geometryType": "rectangle",
            "labelerLogin": "Yalda2HITL",
            "createdAt": "2022-07-18T14:26:56.985Z",
            "updatedAt": "2022-07-18T14:26:56.985Z",
            "tags": [],
            "classTitle": "Body text",
            "points": {
                "exterior": [
                    [
                        1080,
                        1284
                    ],
                    [
                        2699,
                        1362
                    ]
                ],
                "interior": []
            }
        },
        {
            "id": 972020431,
            "classId": 10214732,
            "description": "",
            "geometryType": "rectangle",
            "labelerLogin": "Yalda2HITL",
            "createdAt": "2022-07-18T14:26:56.985Z",
            "updatedAt": "2022-07-18T14:26:56.985Z",
            "tags": [],
            "classTitle": "Body text",
            "points": {
                "exterior": [
                    [
                        1128,
                        1362
                    ],
                    [
                        2704,
                        1453
                    ]
                ],
                "interior": []
            }
        },
        {
            "id": 972020430,
            "classId": 10214732,
            "description": "",
            "geometryType": "rectangle",
            "labelerLogin": "Yalda2HITL",
            "createdAt": "2022-07-18T14:26:56.985Z",
            "updatedAt": "2022-07-18T14:26:56.985Z",
            "tags": [],
            "classTitle": "Body text",
            "points": {
                "exterior": [
                    [
                        1087,
                        1507
                    ],
                    [
                        2593,
                        1584
                    ]
                ],
                "interior": []
            }
        },
        {
            "id": 972020429,
            "classId": 10214732,
            "description": "",
            "geometryType": "rectangle",
            "labelerLogin": "Yalda2HITL",
            "createdAt": "2022-07-18T14:26:56.985Z",
            "updatedAt": "2022-07-18T14:26:56.985Z",
            "tags": [],
            "classTitle": "Body text",
            "points": {
                "exterior": [
                    [
                        1080,
                        1590
                    ],
                    [
                        2683,
                        1670
                    ]
                ],
                "interior": []
            }
        },
        {
            "id": 972020428,
            "classId": 10214732,
            "description": "",
            "geometryType": "rectangle",
            "labelerLogin": "Yalda2HITL",
            "createdAt": "2022-07-18T14:26:56.985Z",
            "updatedAt": "2022-07-18T14:26:56.985Z",
            "tags": [],
            "classTitle": "Body text",
            "points": {
                "exterior": [
                    [
                        1090,
                        1685
                    ],
                    [
                        2686,
                        1758
                    ]
                ],
                "interior": []
            }
        },
        {
            "id": 972020427,
            "classId": 10214732,
            "description": "",
            "geometryType": "rectangle",
            "labelerLogin": "Yalda2HITL",
            "createdAt": "2022-07-18T14:26:56.985Z",
            "updatedAt": "2022-07-18T14:26:56.985Z",
            "tags": [],
            "classTitle": "Body text",
            "points": {
                "exterior": [
                    [
                        1085,
                        1753
                    ],
                    [
                        2686,
                        1838
                    ]
                ],
                "interior": []
            }
        },
        {
            "id": 972020426,
            "classId": 10214732,
            "description": "",
            "geometryType": "rectangle",
            "labelerLogin": "Yalda2HITL",
            "createdAt": "2022-07-18T14:26:56.985Z",
            "updatedAt": "2022-07-18T14:26:56.985Z",
            "tags": [],
            "classTitle": "Body text",
            "points": {
                "exterior": [
                    [
                        1089,
                        1843
                    ],
                    [
                        2683,
                        1943
                    ]
                ],
                "interior": []
            }
        },
        {
            "id": 972020425,
            "classId": 10214732,
            "description": "",
            "geometryType": "rectangle",
            "labelerLogin": "Yalda2HITL",
            "createdAt": "2022-07-18T14:26:56.985Z",
            "updatedAt": "2022-07-18T14:26:56.985Z",
            "tags": [],
            "classTitle": "Body text",
            "points": {
                "exterior": [
                    [
                        2461,
                        1926
                    ],
                    [
                        2686,
                        2016
                    ]
                ],
                "interior": []
            }
        },
        {
            "id": 972020424,
            "classId": 10214732,
            "description": "",
            "geometryType": "rectangle",
            "labelerLogin": "Yalda2HITL",
            "createdAt": "2022-07-18T14:26:56.985Z",
            "updatedAt": "2022-07-18T14:26:56.985Z",
            "tags": [],
            "classTitle": "Body text",
            "points": {
                "exterior": [
                    [
                        1077,
                        2076
                    ],
                    [
                        2582,
                        2151
                    ]
                ],
                "interior": []
            }
        },
        {
            "id": 972020422,
            "classId": 10214732,
            "description": "",
            "geometryType": "rectangle",
            "labelerLogin": "Yalda2HITL",
            "createdAt": "2022-07-18T14:26:56.985Z",
            "updatedAt": "2022-07-18T14:26:56.985Z",
            "tags": [],
            "classTitle": "Body text",
            "points": {
                "exterior": [
                    [
                        1093,
                        2140
                    ],
                    [
                        2688,
                        2244
                    ]
                ],
                "interior": []
            }
        },
        {
            "id": 972020421,
            "classId": 10214732,
            "description": "",
            "geometryType": "rectangle",
            "labelerLogin": "Yalda2HITL",
            "createdAt": "2022-07-18T14:26:56.985Z",
            "updatedAt": "2022-07-18T14:26:56.985Z",
            "tags": [],
            "classTitle": "Body text",
            "points": {
                "exterior": [
                    [
                        1834,
                        2228
                    ],
                    [
                        2678,
                        2319
                    ]
                ],
                "interior": []
            }
        },
        {
            "id": 972020420,
            "classId": 10214732,
            "description": "",
            "geometryType": "rectangle",
            "labelerLogin": "Yalda2HITL",
            "createdAt": "2022-07-18T14:26:56.985Z",
            "updatedAt": "2022-07-18T14:26:56.985Z",
            "tags": [],
            "classTitle": "Body text",
            "points": {
                "exterior": [
                    [
                        1090,
                        2360
                    ],
                    [
                        2587,
                        2459
                    ]
                ],
                "interior": []
            }
        },
        {
            "id": 972020419,
            "classId": 10214732,
            "description": "",
            "geometryType": "rectangle",
            "labelerLogin": "Yalda2HITL",
            "createdAt": "2022-07-18T14:26:56.985Z",
            "updatedAt": "2022-07-18T14:26:56.985Z",
            "tags": [],
            "classTitle": "Body text",
            "points": {
                "exterior": [
                    [
                        1090,
                        2440
                    ],
                    [
                        2683,
                        2554
                    ]
                ],
                "interior": []
            }
        },
        {
            "id": 972020418,
            "classId": 10214732,
            "description": "",
            "geometryType": "rectangle",
            "labelerLogin": "Yalda2HITL",
            "createdAt": "2022-07-18T14:26:56.985Z",
            "updatedAt": "2022-07-18T14:26:56.985Z",
            "tags": [],
            "classTitle": "Body text",
            "points": {
                "exterior": [
                    [
                        1093,
                        2539
                    ],
                    [
                        2678,
                        2627
                    ]
                ],
                "interior": []
            }
        },
        {
            "id": 972020417,
            "classId": 10214732,
            "description": "",
            "geometryType": "rectangle",
            "labelerLogin": "Yalda2HITL",
            "createdAt": "2022-07-18T14:26:56.985Z",
            "updatedAt": "2022-07-18T14:26:56.985Z",
            "tags": [],
            "classTitle": "Body text",
            "points": {
                "exterior": [
                    [
                        2404,
                        2629
                    ],
                    [
                        2688,
                        2699
                    ]
                ],
                "interior": []
            }
        },
        {
            "id": 972020416,
            "classId": 10214732,
            "description": "",
            "geometryType": "rectangle",
            "labelerLogin": "Yalda2HITL",
            "createdAt": "2022-07-18T14:26:56.985Z",
            "updatedAt": "2022-07-18T14:26:56.985Z",
            "tags": [],
            "classTitle": "Body text",
            "points": {
                "exterior": [
                    [
                        1098,
                        2751
                    ],
                    [
                        2587,
                        2849
                    ]
                ],
                "interior": []
            }
        },
        {
            "id": 972020415,
            "classId": 10214732,
            "description": "",
            "geometryType": "rectangle",
            "labelerLogin": "Yalda2HITL",
            "createdAt": "2022-07-18T14:26:56.985Z",
            "updatedAt": "2022-07-18T14:26:56.985Z",
            "tags": [],
            "classTitle": "Body text",
            "points": {
                "exterior": [
                    [
                        1090,
                        2839
                    ],
                    [
                        2686,
                        2937
                    ]
                ],
                "interior": []
            }
        },
        {
            "id": 972020414,
            "classId": 10214732,
            "description": "",
            "geometryType": "rectangle",
            "labelerLogin": "Yalda2HITL",
            "createdAt": "2022-07-18T14:26:56.985Z",
            "updatedAt": "2022-07-18T14:26:56.985Z",
            "tags": [],
            "classTitle": "Body text",
            "points": {
                "exterior": [
                    [
                        1090,
                        2921
                    ],
                    [
                        2686,
                        3022
                    ]
                ],
                "interior": []
            }
        },
        {
            "id": 972020413,
            "classId": 10214732,
            "description": "",
            "geometryType": "rectangle",
            "labelerLogin": "Yalda2HITL",
            "createdAt": "2022-07-18T14:26:56.985Z",
            "updatedAt": "2022-07-18T14:26:56.985Z",
            "tags": [],
            "classTitle": "Body text",
            "points": {
                "exterior": [
                    [
                        1095,
                        3002
                    ],
                    [
                        2691,
                        3108
                    ]
                ],
                "interior": []
            }
        },
        {
            "id": 972020412,
            "classId": 10214732,
            "description": "",
            "geometryType": "rectangle",
            "labelerLogin": "Yalda2HITL",
            "createdAt": "2022-07-18T14:26:56.985Z",
            "updatedAt": "2022-07-18T14:26:56.985Z",
            "tags": [],
            "classTitle": "Body text",
            "points": {
                "exterior": [
                    [
                        1915,
                        3090
                    ],
                    [
                        2696,
                        3183
                    ]
                ],
                "interior": []
            }
        },
        {
            "id": 972020411,
            "classId": 10214732,
            "description": "",
            "geometryType": "rectangle",
            "labelerLogin": "Yalda2HITL",
            "createdAt": "2022-07-18T14:26:56.985Z",
            "updatedAt": "2022-07-18T14:26:56.985Z",
            "tags": [],
            "classTitle": "Body text",
            "points": {
                "exterior": [
                    [
                        1093,
                        3240
                    ],
                    [
                        2603,
                        3322
                    ]
                ],
                "interior": []
            }
        },
        {
            "id": 972020410,
            "classId": 10214732,
            "description": "",
            "geometryType": "rectangle",
            "labelerLogin": "Yalda2HITL",
            "createdAt": "2022-07-18T14:26:56.985Z",
            "updatedAt": "2022-07-18T14:26:56.985Z",
            "tags": [],
            "classTitle": "Body text",
            "points": {
                "exterior": [
                    [
                        1085,
                        3322
                    ],
                    [
                        2709,
                        3415
                    ]
                ],
                "interior": []
            }
        },
        {
            "id": 972020409,
            "classId": 10214732,
            "description": "",
            "geometryType": "rectangle",
            "labelerLogin": "Yalda2HITL",
            "createdAt": "2022-07-18T14:26:56.985Z",
            "updatedAt": "2022-07-18T14:26:56.985Z",
            "tags": [],
            "classTitle": "Body text",
            "points": {
                "exterior": [
                    [
                        1098,
                        3421
                    ],
                    [
                        2706,
                        3509
                    ]
                ],
                "interior": []
            }
        },
        {
            "id": 972020423,
            "classId": 10214732,
            "description": "",
            "geometryType": "rectangle",
            "labelerLogin": "Yalda2HITL",
            "createdAt": "2022-07-18T14:26:56.985Z",
            "updatedAt": "2022-07-18T14:26:56.985Z",
            "tags": [],
            "classTitle": "Body text",
            "points": {
                "exterior": [
                    [
                        1090,
                        3496
                    ],
                    [
                        2712,
                        3581
                    ]
                ],
                "interior": []
            }
        },
        {
            "id": 972020408,
            "classId": 10214732,
            "description": "",
            "geometryType": "rectangle",
            "labelerLogin": "Yalda2HITL",
            "createdAt": "2022-07-18T14:26:56.985Z",
            "updatedAt": "2022-07-18T14:26:56.985Z",
            "tags": [],
            "classTitle": "Body text",
            "points": {
                "exterior": [
                    [
                        2181,
                        3581
                    ],
                    [
                        2719,
                        3679
                    ]
                ],
                "interior": []
            }
        },
        {
            "id": 972020375,
            "classId": 10214730,
            "description": "",
            "geometryType": "polygon",
            "labelerLogin": "Yalda2HITL",
            "createdAt": "2022-07-18T14:26:56.985Z",
            "updatedAt": "2022-07-18T14:26:56.985Z",
            "tags": [],
            "classTitle": "Page",
            "points": {
                "exterior": [
                    [
                        101,
                        62
                    ],
                    [
                        2866,
                        132
                    ],
                    [
                        2812,
                        2223
                    ],
                    [
                        2854,
                        3881
                    ],
                    [
                        190,
                        3905
                    ]
                ],
                "interior": []
            }
        }
    ]
}