{
    "description": "",
    "tags": [],
    "size": {
        "height": 4032,
        "width": 3024
    },
    "objects": [
        {
            "id": 972020388,
            "classId": 10214731,
            "description": "",
            "geometryType": "rectangle",
            "labelerLogin": "Yalda2HITL",
            "createdAt": "2022-07-18T14:26:56.985Z",
            "updatedAt": "2022-07-18T14:26:56.985Z",
            "tags": [
                {
                    "id": 151023668,
                    "tagId": 30308107,
                    "name": "Transcription",
                    "value": "\u0645\u0627\u0626\u0629 \u0639\u0627\u0645",
                    "labelerLogin": "Yalda2HITL",
                    "createdAt": "2022-07-18T14:26:56.986Z",
                    "updatedAt": "2022-07-18T14:26:56.986Z"
                }
            ],
            "classTitle": "Title",
            "points": {
                "exterior": [
                    [
                        1698,
                        733
                    ],
                    [
                        2289,
                        895
                    ]
                ],
                "interior": []
            }
        },
        {
            "id": 972020460,
            "classId": 10214731,
            "description": "",
            "geometryType": "rectangle",
            "labelerLogin": "Yalda2HITL",
            "createdAt": "2022-07-18T14:26:56.986Z",
            "updatedAt": "2022-07-18T14:26:56.986Z",
            "tags": [
                {
                    "id": 151023669,
                    "tagId": 30308107,
                    "name": "Transcription",
                    "value": "\u0645\u0646 \u0627\u0644\u0639\u0632\u0644\u0629",
                    "labelerLogin": "Yalda2HITL",
                    "createdAt": "2022-07-18T14:26:56.986Z",
                    "updatedAt": "2022-07-18T14:26:56.986Z"
                }
            ],
            "classTitle": "Title",
            "points": {
                "exterior": [
                    [
                        1728,
                        892
                    ],
                    [
                        2289,
                        1058
                    ]
                ],
                "interior": []
            }
        },
        {
            "id": 972020484,
            "classId": 10214732,
            "description": "",
            "geometryType": "rectangle",
            "labelerLogin": "Yalda2HITL",
            "createdAt": "2022-07-18T14:26:56.986Z",
            "updatedAt": "2022-07-18T14:26:56.986Z",
            "tags": [],
            "classTitle": "Body text",
            "points": {
                "exterior": [
                    [
                        496,
                        1103
                    ],
                    [
                        2308,
                        1256
                    ]
                ],
                "interior": []
            }
        },
        {
            "id": 972020474,
            "classId": 10214732,
            "description": "",
            "geometryType": "rectangle",
            "labelerLogin": "Yalda2HITL",
            "createdAt": "2022-07-18T14:26:56.986Z",
            "updatedAt": "2022-07-18T14:26:56.986Z",
            "tags": [],
            "classTitle": "Body text",
            "points": {
                "exterior": [
                    [
                        498,
                        1219
                    ],
                    [
                        2311,
                        1381
                    ]
                ],
                "interior": []
            }
        },
        {
            "id": 972020395,
            "classId": 10214732,
            "description": "",
            "geometryType": "rectangle",
            "labelerLogin": "Yalda2HITL",
            "createdAt": "2022-07-18T14:26:56.985Z",
            "updatedAt": "2022-07-18T14:26:56.985Z",
            "tags": [],
            "classTitle": "Body text",
            "points": {
                "exterior": [
                    [
                        504,
                        1347
                    ],
                    [
                        2308,
                        1489
                    ]
                ],
                "interior": []
            }
        },
        {
            "id": 972020483,
            "classId": 10214732,
            "description": "",
            "geometryType": "rectangle",
            "labelerLogin": "Yalda2HITL",
            "createdAt": "2022-07-18T14:26:56.986Z",
            "updatedAt": "2022-07-18T14:26:56.986Z",
            "tags": [],
            "classTitle": "Body text",
            "points": {
                "exterior": [
                    [
                        496,
                        1458
                    ],
                    [
                        2316,
                        1609
                    ]
                ],
                "interior": []
            }
        },
        {
            "id": 972020482,
            "classId": 10214732,
            "description": "",
            "geometryType": "rectangle",
            "labelerLogin": "Yalda2HITL",
            "createdAt": "2022-07-18T14:26:56.986Z",
            "updatedAt": "2022-07-18T14:26:56.986Z",
            "tags": [],
            "classTitle": "Body text",
            "points": {
                "exterior": [
                    [
                        498,
                        1586
                    ],
                    [
                        2313,
                        1734
                    ]
                ],
                "interior": []
            }
        },
        {
            "id": 972020448,
            "classId": 10214732,
            "description": "",
            "geometryType": "rectangle",
            "labelerLogin": "Yalda2HITL",
            "createdAt": "2022-07-18T14:26:56.985Z",
            "updatedAt": "2022-07-18T14:26:56.985Z",
            "tags": [],
            "classTitle": "Body text",
            "points": {
                "exterior": [
                    [
                        504,
                        1720
                    ],
                    [
                        2313,
                        1836
                    ]
                ],
                "interior": []
            }
        },
        {
            "id": 972020467,
            "classId": 10214732,
            "description": "",
            "geometryType": "rectangle",
            "labelerLogin": "Yalda2HITL",
            "createdAt": "2022-07-18T14:26:56.986Z",
            "updatedAt": "2022-07-18T14:26:56.986Z",
            "tags": [],
            "classTitle": "Body text",
            "points": {
                "exterior": [
                    [
                        496,
                        1822
                    ],
                    [
                        2330,
                        1953
                    ]
                ],
                "interior": []
            }
        },
        {
            "id": 972020486,
            "classId": 10214732,
            "description": "",
            "geometryType": "rectangle",
            "labelerLogin": "Yalda2HITL",
            "createdAt": "2022-07-18T14:26:56.986Z",
            "updatedAt": "2022-07-18T14:26:56.986Z",
            "tags": [],
            "classTitle": "Body text",
            "points": {
                "exterior": [
                    [
                        509,
                        1949
                    ],
                    [
                        2331,
                        2073
                    ]
                ],
                "interior": []
            }
        },
        {
            "id": 972020485,
            "classId": 10214732,
            "description": "",
            "geometryType": "rectangle",
            "labelerLogin": "Yalda2HITL",
            "createdAt": "2022-07-18T14:26:56.986Z",
            "updatedAt": "2022-07-18T14:26:56.986Z",
            "tags": [],
            "classTitle": "Body text",
            "points": {
                "exterior": [
                    [
                        512,
                        2057
                    ],
                    [
                        2334,
                        2191
                    ]
                ],
                "interior": []
            }
        },
        {
            "id": 972020476,
            "classId": 10214732,
            "description": "",
            "geometryType": "rectangle",
            "labelerLogin": "Yalda2HITL",
            "createdAt": "2022-07-18T14:26:56.986Z",
            "updatedAt": "2022-07-18T14:26:56.986Z",
            "tags": [],
            "classTitle": "Body text",
            "points": {
                "exterior": [
                    [
                        500,
                        2163
                    ],
                    [
                        2336,
                        2301
                    ]
                ],
                "interior": []
            }
        },
        {
            "id": 972020481,
            "classId": 10214732,
            "description": "",
            "geometryType": "rectangle",
            "labelerLogin": "Yalda2HITL",
            "createdAt": "2022-07-18T14:26:56.986Z",
            "updatedAt": "2022-07-18T14:26:56.986Z",
            "tags": [],
            "classTitle": "Body text",
            "points": {
                "exterior": [
                    [
                        829,
                        2259
                    ],
                    [
                        2329,
                        2402
                    ]
                ],
                "interior": []
            }
        },
        {
            "id": 972020387,
            "classId": 10214732,
            "description": "",
            "geometryType": "rectangle",
            "labelerLogin": "Yalda2HITL",
            "createdAt": "2022-07-18T14:26:56.985Z",
            "updatedAt": "2022-07-18T14:26:56.985Z",
            "tags": [],
            "classTitle": "Body text",
            "points": {
                "exterior": [
                    [
                        500,
                        2372
                    ],
                    [
                        2331,
                        2511
                    ]
                ],
                "interior": []
            }
        },
        {
            "id": 972020466,
            "classId": 10214732,
            "description": "",
            "geometryType": "rectangle",
            "labelerLogin": "Yalda2HITL",
            "createdAt": "2022-07-18T14:26:56.986Z",
            "updatedAt": "2022-07-18T14:26:56.986Z",
            "tags": [],
            "classTitle": "Body text",
            "points": {
                "exterior": [
                    [
                        505,
                        2492
                    ],
                    [
                        2334,
                        2642
                    ]
                ],
                "interior": []
            }
        },
        {
            "id": 972020480,
            "classId": 10214732,
            "description": "",
            "geometryType": "rectangle",
            "labelerLogin": "Yalda2HITL",
            "createdAt": "2022-07-18T14:26:56.986Z",
            "updatedAt": "2022-07-18T14:26:56.986Z",
            "tags": [],
            "classTitle": "Body text",
            "points": {
                "exterior": [
                    [
                        603,
                        2628
                    ],
                    [
                        2338,
                        2767
                    ]
                ],
                "interior": []
            }
        },
        {
            "id": 972020475,
            "classId": 10214732,
            "description": "",
            "geometryType": "rectangle",
            "labelerLogin": "Yalda2HITL",
            "createdAt": "2022-07-18T14:26:56.986Z",
            "updatedAt": "2022-07-18T14:26:56.986Z",
            "tags": [],
            "classTitle": "Body text",
            "points": {
                "exterior": [
                    [
                        307,
                        2590
                    ],
                    [
                        382,
                        3138
                    ]
                ],
                "interior": []
            }
        },
        {
            "id": 972020386,
            "classId": 10214732,
            "description": "",
            "geometryType": "rectangle",
            "labelerLogin": "Yalda2HITL",
            "createdAt": "2022-07-18T14:26:56.985Z",
            "updatedAt": "2022-07-18T14:26:56.985Z",
            "tags": [],
            "classTitle": "Body text",
            "points": {
                "exterior": [
                    [
                        2068,
                        3536
                    ],
                    [
                        2287,
                        3693
                    ]
                ],
                "interior": []
            }
        },
        {
            "id": 972020479,
            "classId": 10214732,
            "description": "",
            "geometryType": "rectangle",
            "labelerLogin": "Yalda2HITL",
            "createdAt": "2022-07-18T14:26:56.986Z",
            "updatedAt": "2022-07-18T14:26:56.986Z",
            "tags": [],
            "classTitle": "Body text",
            "points": {
                "exterior": [
                    [
                        533,
                        3489
                    ],
                    [
                        1017,
                        3559
                    ]
                ],
                "interior": []
            }
        },
        {
            "id": 972020478,
            "classId": 10214732,
            "description": "",
            "geometryType": "rectangle",
            "labelerLogin": "Yalda2HITL",
            "createdAt": "2022-07-18T14:26:56.986Z",
            "updatedAt": "2022-07-18T14:26:56.986Z",
            "tags": [],
            "classTitle": "Body text",
            "points": {
                "exterior": [
                    [
                        498,
                        3698
                    ],
                    [
                        979,
                        3771
                    ]
                ],
                "interior": []
            }
        },
        {
            "id": 972020468,
            "classId": 10214730,
            "description": "",
            "geometryType": "polygon",
            "labelerLogin": "Yalda2HITL",
            "createdAt": "2022-07-18T14:26:56.986Z",
            "updatedAt": "2022-07-18T14:26:56.986Z",
            "tags": [],
            "classTitle": "Page",
            "points": {
                "exterior": [
                    [
                        300,
                        324
                    ],
                    [
                        2756,
                        251
                    ],
                    [
                        2802,
                        3988
                    ],
                    [
                        263,
                        3961
                    ]
                ],
                "interior": []
            }
        }
    ]
}