{
    "description": "",
    "tags": [],
    "size": {
        "height": 1160,
        "width": 719
    },
    "objects": [
        {
            "id": 972013177,
            "classId": 10214730,
            "description": "",
            "geometryType": "polygon",
            "labelerLogin": "Yalda2HITL",
            "createdAt": "2022-07-18T14:24:04.311Z",
            "updatedAt": "2022-07-18T14:24:04.311Z",
            "tags": [],
            "classTitle": "Page",
            "points": {
                "exterior": [
                    [
                        375,
                        99
                    ],
                    [
                        0,
                        287
                    ],
                    [
                        0,
                        634
                    ],
                    [
                        230,
                        1159
                    ],
                    [
                        332,
                        1159
                    ],
                    [
                        718,
                        896
                    ],
                    [
                        718,
                        536
                    ],
                    [
                        545,
                        314
                    ]
                ],
                "interior": []
            }
        },
        {
            "id": 972013170,
            "classId": 10214732,
            "description": "",
            "geometryType": "rectangle",
            "labelerLogin": "Yalda2HITL",
            "createdAt": "2022-07-18T14:24:04.311Z",
            "updatedAt": "2022-07-18T14:24:04.311Z",
            "tags": [],
            "classTitle": "Body text",
            "points": {
                "exterior": [
                    [
                        148,
                        436
                    ],
                    [
                        327,
                        551
                    ]
                ],
                "interior": []
            }
        },
        {
            "id": 972013174,
            "classId": 10214732,
            "description": "",
            "geometryType": "rectangle",
            "labelerLogin": "Yalda2HITL",
            "createdAt": "2022-07-18T14:24:04.311Z",
            "updatedAt": "2022-07-18T14:24:04.311Z",
            "tags": [],
            "classTitle": "Body text",
            "points": {
                "exterior": [
                    [
                        251,
                        545
                    ],
                    [
                        323,
                        611
                    ]
                ],
                "interior": []
            }
        },
        {
            "id": 972013173,
            "classId": 10214732,
            "description": "",
            "geometryType": "rectangle",
            "labelerLogin": "Yalda2HITL",
            "createdAt": "2022-07-18T14:24:04.311Z",
            "updatedAt": "2022-07-18T14:24:04.311Z",
            "tags": [],
            "classTitle": "Body text",
            "points": {
                "exterior": [
                    [
                        152,
                        519
                    ],
                    [
                        451,
                        712
                    ]
                ],
                "interior": []
            }
        },
        {
            "id": 972013172,
            "classId": 10214732,
            "description": "",
            "geometryType": "rectangle",
            "labelerLogin": "Yalda2HITL",
            "createdAt": "2022-07-18T14:24:04.311Z",
            "updatedAt": "2022-07-18T14:24:04.311Z",
            "tags": [],
            "classTitle": "Body text",
            "points": {
                "exterior": [
                    [
                        270,
                        612
                    ],
                    [
                        378,
                        680
                    ]
                ],
                "interior": []
            }
        },
        {
            "id": 972013176,
            "classId": 10214732,
            "description": "",
            "geometryType": "rectangle",
            "labelerLogin": "Yalda2HITL",
            "createdAt": "2022-07-18T14:24:04.311Z",
            "updatedAt": "2022-07-18T14:24:04.311Z",
            "tags": [],
            "classTitle": "Body text",
            "points": {
                "exterior": [
                    [
                        263,
                        393
                    ],
                    [
                        295,
                        420
                    ]
                ],
                "interior": []
            }
        },
        {
            "id": 972013180,
            "classId": 10214732,
            "description": "",
            "geometryType": "rectangle",
            "labelerLogin": "Yalda2HITL",
            "createdAt": "2022-07-18T14:24:04.311Z",
            "updatedAt": "2022-07-18T14:24:04.311Z",
            "tags": [],
            "classTitle": "Body text",
            "points": {
                "exterior": [
                    [
                        339,
                        707
                    ],
                    [
                        413,
                        759
                    ]
                ],
                "interior": []
            }
        },
        {
            "id": 972013178,
            "classId": 10214732,
            "description": "",
            "geometryType": "rectangle",
            "labelerLogin": "Yalda2HITL",
            "createdAt": "2022-07-18T14:24:04.311Z",
            "updatedAt": "2022-07-18T14:24:04.311Z",
            "tags": [],
            "classTitle": "Body text",
            "points": {
                "exterior": [
                    [
                        320,
                        719
                    ],
                    [
                        467,
                        827
                    ]
                ],
                "interior": []
            }
        },
        {
            "id": 972013169,
            "classId": 10214732,
            "description": "",
            "geometryType": "rectangle",
            "labelerLogin": "Yalda2HITL",
            "createdAt": "2022-07-18T14:24:04.311Z",
            "updatedAt": "2022-07-18T14:24:04.311Z",
            "tags": [],
            "classTitle": "Body text",
            "points": {
                "exterior": [
                    [
                        396,
                        830
                    ],
                    [
                        519,
                        937
                    ]
                ],
                "interior": []
            }
        },
        {
            "id": 972013181,
            "classId": 10214732,
            "description": "",
            "geometryType": "rectangle",
            "labelerLogin": "Yalda2HITL",
            "createdAt": "2022-07-18T14:24:04.311Z",
            "updatedAt": "2022-07-18T14:24:04.311Z",
            "tags": [],
            "classTitle": "Body text",
            "points": {
                "exterior": [
                    [
                        113,
                        292
                    ],
                    [
                        204,
                        382
                    ]
                ],
                "interior": []
            }
        },
        {
            "id": 972013175,
            "classId": 10214731,
            "description": "",
            "geometryType": "rectangle",
            "labelerLogin": "Yalda2HITL",
            "createdAt": "2022-07-18T14:24:04.311Z",
            "updatedAt": "2022-07-18T14:24:04.311Z",
            "tags": [
                {
                    "id": 151023189,
                    "tagId": 30308107,
                    "name": "Transcription",
                    "value": "\u0627\u0644\u0645\u0646\u0638\u0648\u0645\u0629 \u0627\u0644\u0628\u064a\u0642\u0648\u0646\u064a\u0629",
                    "labelerLogin": "Yalda2HITL",
                    "createdAt": "2022-07-18T14:24:04.312Z",
                    "updatedAt": "2022-07-18T14:24:04.312Z"
                }
            ],
            "classTitle": "Title",
            "points": {
                "exterior": [
                    [
                        34,
                        312
                    ],
                    [
                        341,
                        508
                    ]
                ],
                "interior": []
            }
        }
    ]
}