{
    "description": "",
    "tags": [],
    "size": {
        "height": 1280,
        "width": 720
    },
    "objects": [
        {
            "id": 972013401,
            "classId": 10214730,
            "description": "",
            "geometryType": "polygon",
            "labelerLogin": "Yalda2HITL",
            "createdAt": "2022-07-18T14:24:04.312Z",
            "updatedAt": "2022-07-18T14:24:04.312Z",
            "tags": [],
            "classTitle": "Page",
            "points": {
                "exterior": [
                    [
                        653,
                        1053
                    ],
                    [
                        258,
                        1049
                    ],
                    [
                        63,
                        1054
                    ],
                    [
                        61,
                        694
                    ],
                    [
                        53,
                        346
                    ],
                    [
                        50,
                        189
                    ],
                    [
                        202,
                        191
                    ],
                    [
                        391,
                        194
                    ],
                    [
                        662,
                        195
                    ],
                    [
                        660,
                        429
                    ],
                    [
                        655,
                        977
                    ],
                    [
                        653,
                        1047
                    ]
                ],
                "interior": []
            }
        },
        {
            "id": 972013270,
            "classId": 10214732,
            "description": "",
            "geometryType": "rectangle",
            "labelerLogin": "Yalda2HITL",
            "createdAt": "2022-07-18T14:24:04.312Z",
            "updatedAt": "2022-07-18T14:24:04.312Z",
            "tags": [],
            "classTitle": "Body text",
            "points": {
                "exterior": [
                    [
                        297,
                        957
                    ],
                    [
                        379,
                        991
                    ]
                ],
                "interior": []
            }
        },
        {
            "id": 972013269,
            "classId": 10214732,
            "description": "",
            "geometryType": "rectangle",
            "labelerLogin": "Yalda2HITL",
            "createdAt": "2022-07-18T14:24:04.312Z",
            "updatedAt": "2022-07-18T14:24:04.312Z",
            "tags": [],
            "classTitle": "Body text",
            "points": {
                "exterior": [
                    [
                        296,
                        930
                    ],
                    [
                        380,
                        959
                    ]
                ],
                "interior": []
            }
        },
        {
            "id": 972013400,
            "classId": 10214732,
            "description": "",
            "geometryType": "rectangle",
            "labelerLogin": "Yalda2HITL",
            "createdAt": "2022-07-18T14:24:04.312Z",
            "updatedAt": "2022-07-18T14:24:04.312Z",
            "tags": [],
            "classTitle": "Body text",
            "points": {
                "exterior": [
                    [
                        316,
                        828
                    ],
                    [
                        432,
                        849
                    ]
                ],
                "interior": []
            }
        },
        {
            "id": 972013271,
            "classId": 10214732,
            "description": "",
            "geometryType": "rectangle",
            "labelerLogin": "Yalda2HITL",
            "createdAt": "2022-07-18T14:24:04.312Z",
            "updatedAt": "2022-07-18T14:24:04.312Z",
            "tags": [],
            "classTitle": "Body text",
            "points": {
                "exterior": [
                    [
                        359,
                        804
                    ],
                    [
                        389,
                        820
                    ]
                ],
                "interior": []
            }
        },
        {
            "id": 972013399,
            "classId": 10214732,
            "description": "",
            "geometryType": "rectangle",
            "labelerLogin": "Yalda2HITL",
            "createdAt": "2022-07-18T14:24:04.312Z",
            "updatedAt": "2022-07-18T14:24:04.312Z",
            "tags": [],
            "classTitle": "Body text",
            "points": {
                "exterior": [
                    [
                        319,
                        716
                    ],
                    [
                        440,
                        734
                    ]
                ],
                "interior": []
            }
        },
        {
            "id": 972013398,
            "classId": 10214732,
            "description": "",
            "geometryType": "rectangle",
            "labelerLogin": "Yalda2HITL",
            "createdAt": "2022-07-18T14:24:04.312Z",
            "updatedAt": "2022-07-18T14:24:04.312Z",
            "tags": [],
            "classTitle": "Body text",
            "points": {
                "exterior": [
                    [
                        323,
                        688
                    ],
                    [
                        434,
                        707
                    ]
                ],
                "interior": []
            }
        },
        {
            "id": 972013273,
            "classId": 10214732,
            "description": "",
            "geometryType": "rectangle",
            "labelerLogin": "Yalda2HITL",
            "createdAt": "2022-07-18T14:24:04.312Z",
            "updatedAt": "2022-07-18T14:24:04.312Z",
            "tags": [],
            "classTitle": "Body text",
            "points": {
                "exterior": [
                    [
                        355,
                        665
                    ],
                    [
                        403,
                        682
                    ]
                ],
                "interior": []
            }
        },
        {
            "id": 972013268,
            "classId": 10214732,
            "description": "",
            "geometryType": "rectangle",
            "labelerLogin": "Yalda2HITL",
            "createdAt": "2022-07-18T14:24:04.312Z",
            "updatedAt": "2022-07-18T14:24:04.312Z",
            "tags": [],
            "classTitle": "Body text",
            "points": {
                "exterior": [
                    [
                        333,
                        617
                    ],
                    [
                        416,
                        636
                    ]
                ],
                "interior": []
            }
        },
        {
            "id": 972013267,
            "classId": 10214732,
            "description": "",
            "geometryType": "rectangle",
            "labelerLogin": "Yalda2HITL",
            "createdAt": "2022-07-18T14:24:04.312Z",
            "updatedAt": "2022-07-18T14:24:04.312Z",
            "tags": [],
            "classTitle": "Body text",
            "points": {
                "exterior": [
                    [
                        253,
                        540
                    ],
                    [
                        493,
                        600
                    ]
                ],
                "interior": []
            }
        },
        {
            "id": 972013397,
            "classId": 10214732,
            "description": "",
            "geometryType": "rectangle",
            "labelerLogin": "Yalda2HITL",
            "createdAt": "2022-07-18T14:24:04.312Z",
            "updatedAt": "2022-07-18T14:24:04.312Z",
            "tags": [],
            "classTitle": "Body text",
            "points": {
                "exterior": [
                    [
                        334,
                        495
                    ],
                    [
                        418,
                        514
                    ]
                ],
                "interior": []
            }
        },
        {
            "id": 972013272,
            "classId": 10214731,
            "description": "",
            "geometryType": "rectangle",
            "labelerLogin": "Yalda2HITL",
            "createdAt": "2022-07-18T14:24:04.312Z",
            "updatedAt": "2022-07-18T14:24:04.312Z",
            "tags": [
                {
                    "id": 151023202,
                    "tagId": 30308107,
                    "name": "Transcription",
                    "value": "\u062d\u0633\u0646 \u0627\u0644\u0639\u0648\u0627\u0642\u0628",
                    "labelerLogin": "Yalda2HITL",
                    "createdAt": "2022-07-18T14:24:04.312Z",
                    "updatedAt": "2022-07-18T14:24:04.312Z"
                }
            ],
            "classTitle": "Title",
            "points": {
                "exterior": [
                    [
                        251,
                        423
                    ],
                    [
                        497,
                        478
                    ]
                ],
                "interior": []
            }
        },
        {
            "id": 972013396,
            "classId": 10214732,
            "description": "",
            "geometryType": "rectangle",
            "labelerLogin": "Yalda2HITL",
            "createdAt": "2022-07-18T14:24:04.312Z",
            "updatedAt": "2022-07-18T14:24:04.312Z",
            "tags": [],
            "classTitle": "Body text",
            "points": {
                "exterior": [
                    [
                        269,
                        258
                    ],
                    [
                        419,
                        291
                    ]
                ],
                "interior": []
            }
        },
        {
            "id": 972013395,
            "classId": 10214732,
            "description": "",
            "geometryType": "rectangle",
            "labelerLogin": "Yalda2HITL",
            "createdAt": "2022-07-18T14:24:04.312Z",
            "updatedAt": "2022-07-18T14:24:04.312Z",
            "tags": [],
            "classTitle": "Body text",
            "points": {
                "exterior": [
                    [
                        519,
                        244
                    ],
                    [
                        534,
                        302
                    ]
                ],
                "interior": []
            }
        }
    ]
}