{
    "description": "",
    "tags": [],
    "size": {
        "height": 1280,
        "width": 720
    },
    "objects": [
        {
            "id": 972013367,
            "classId": 10214730,
            "description": "",
            "geometryType": "polygon",
            "labelerLogin": "Yalda2HITL",
            "createdAt": "2022-07-18T14:24:04.312Z",
            "updatedAt": "2022-07-18T14:24:04.312Z",
            "tags": [],
            "classTitle": "Page",
            "points": {
                "exterior": [
                    [
                        703,
                        189
                    ],
                    [
                        718,
                        241
                    ],
                    [
                        719,
                        266
                    ],
                    [
                        719,
                        279
                    ],
                    [
                        687,
                        338
                    ],
                    [
                        719,
                        466
                    ],
                    [
                        719,
                        487
                    ],
                    [
                        719,
                        868
                    ],
                    [
                        719,
                        1095
                    ],
                    [
                        265,
                        1130
                    ],
                    [
                        0,
                        1146
                    ],
                    [
                        0,
                        489
                    ],
                    [
                        25,
                        342
                    ],
                    [
                        49,
                        198
                    ],
                    [
                        215,
                        193
                    ],
                    [
                        404,
                        185
                    ],
                    [
                        568,
                        189
                    ],
                    [
                        608,
                        185
                    ],
                    [
                        657,
                        186
                    ],
                    [
                        689,
                        188
                    ],
                    [
                        698,
                        189
                    ]
                ],
                "interior": []
            }
        },
        {
            "id": 972013353,
            "classId": 10214732,
            "description": "",
            "geometryType": "rectangle",
            "labelerLogin": "Yalda2HITL",
            "createdAt": "2022-07-18T14:24:04.312Z",
            "updatedAt": "2022-07-18T14:24:04.312Z",
            "tags": [],
            "classTitle": "Body text",
            "points": {
                "exterior": [
                    [
                        220,
                        250
                    ],
                    [
                        451,
                        282
                    ]
                ],
                "interior": []
            }
        },
        {
            "id": 972013352,
            "classId": 10214732,
            "description": "",
            "geometryType": "rectangle",
            "labelerLogin": "Yalda2HITL",
            "createdAt": "2022-07-18T14:24:04.312Z",
            "updatedAt": "2022-07-18T14:24:04.312Z",
            "tags": [],
            "classTitle": "Body text",
            "points": {
                "exterior": [
                    [
                        237,
                        840
                    ],
                    [
                        517,
                        898
                    ]
                ],
                "interior": []
            }
        },
        {
            "id": 972013344,
            "classId": 10214732,
            "description": "",
            "geometryType": "rectangle",
            "labelerLogin": "Yalda2HITL",
            "createdAt": "2022-07-18T14:24:04.312Z",
            "updatedAt": "2022-07-18T14:24:04.312Z",
            "tags": [],
            "classTitle": "Body text",
            "points": {
                "exterior": [
                    [
                        130,
                        776
                    ],
                    [
                        610,
                        849
                    ]
                ],
                "interior": []
            }
        },
        {
            "id": 972013374,
            "classId": 10214731,
            "description": "",
            "geometryType": "rectangle",
            "labelerLogin": "Yalda2HITL",
            "createdAt": "2022-07-18T14:24:04.312Z",
            "updatedAt": "2022-07-18T14:24:04.312Z",
            "tags": [
                {
                    "id": 151023217,
                    "tagId": 30308107,
                    "name": "Transcription",
                    "value": "\u0627\u0644\u0639\u0642\u0644 \u0627\u0644\u0645\u0633\u062a\u0642\u064a\u0644",
                    "labelerLogin": "Yalda2HITL",
                    "createdAt": "2022-07-18T14:24:04.312Z",
                    "updatedAt": "2022-07-18T14:24:04.312Z"
                }
            ],
            "classTitle": "Title",
            "points": {
                "exterior": [
                    [
                        180,
                        361
                    ],
                    [
                        505,
                        424
                    ]
                ],
                "interior": []
            }
        },
        {
            "id": 972013369,
            "classId": 10214731,
            "description": "",
            "geometryType": "rectangle",
            "labelerLogin": "Yalda2HITL",
            "createdAt": "2022-07-18T14:24:04.312Z",
            "updatedAt": "2022-07-18T14:24:04.312Z",
            "tags": [
                {
                    "id": 151023215,
                    "tagId": 30308107,
                    "name": "Transcription",
                    "value": "\u0648 \u0627\u0644\u0642\u0637\u0639\u064a\u0629 \u0627\u0644\u0645\u0639\u0631\u0641\u064a\u0629",
                    "labelerLogin": "Yalda2HITL",
                    "createdAt": "2022-07-18T14:24:04.312Z",
                    "updatedAt": "2022-07-18T14:24:04.312Z"
                }
            ],
            "classTitle": "Title",
            "points": {
                "exterior": [
                    [
                        140,
                        436
                    ],
                    [
                        556,
                        506
                    ]
                ],
                "interior": []
            }
        }
    ]
}