{
    "description": "",
    "tags": [],
    "size": {
        "height": 720,
        "width": 642
    },
    "objects": [
        {
            "id": 972013322,
            "classId": 10214730,
            "description": "",
            "geometryType": "polygon",
            "labelerLogin": "Yalda2HITL",
            "createdAt": "2022-07-18T14:24:04.312Z",
            "updatedAt": "2022-07-18T14:24:04.312Z",
            "tags": [],
            "classTitle": "Page",
            "points": {
                "exterior": [
                    [
                        80,
                        0
                    ],
                    [
                        325,
                        0
                    ],
                    [
                        526,
                        0
                    ],
                    [
                        540,
                        0
                    ],
                    [
                        545,
                        2
                    ],
                    [
                        548,
                        5
                    ],
                    [
                        549,
                        34
                    ],
                    [
                        547,
                        125
                    ],
                    [
                        549,
                        213
                    ],
                    [
                        553,
                        431
                    ],
                    [
                        559,
                        611
                    ],
                    [
                        561,
                        696
                    ],
                    [
                        543,
                        696
                    ],
                    [
                        541,
                        696
                    ],
                    [
                        446,
                        702
                    ],
                    [
                        263,
                        713
                    ],
                    [
                        153,
                        719
                    ],
                    [
                        85,
                        720
                    ],
                    [
                        84,
                        663
                    ],
                    [
                        83,
                        554
                    ],
                    [
                        84,
                        407
                    ],
                    [
                        83,
                        375
                    ],
                    [
                        83,
                        317
                    ],
                    [
                        81,
                        229
                    ],
                    [
                        78,
                        126
                    ],
                    [
                        80,
                        69
                    ],
                    [
                        80,
                        11
                    ]
                ],
                "interior": []
            }
        },
        {
            "id": 972013321,
            "classId": 10214732,
            "description": "",
            "geometryType": "rectangle",
            "labelerLogin": "Yalda2HITL",
            "createdAt": "2022-07-18T14:24:04.312Z",
            "updatedAt": "2022-07-18T14:24:04.312Z",
            "tags": [],
            "classTitle": "Body text",
            "points": {
                "exterior": [
                    [
                        236,
                        464
                    ],
                    [
                        410,
                        522
                    ]
                ],
                "interior": []
            }
        },
        {
            "id": 972013335,
            "classId": 10214732,
            "description": "",
            "geometryType": "rectangle",
            "labelerLogin": "Yalda2HITL",
            "createdAt": "2022-07-18T14:24:04.312Z",
            "updatedAt": "2022-07-18T14:24:04.312Z",
            "tags": [],
            "classTitle": "Body text",
            "points": {
                "exterior": [
                    [
                        135,
                        664
                    ],
                    [
                        443,
                        689
                    ]
                ],
                "interior": []
            }
        },
        {
            "id": 972013308,
            "classId": 10214732,
            "description": "",
            "geometryType": "rectangle",
            "labelerLogin": "Yalda2HITL",
            "createdAt": "2022-07-18T14:24:04.312Z",
            "updatedAt": "2022-07-18T14:24:04.312Z",
            "tags": [],
            "classTitle": "Body text",
            "points": {
                "exterior": [
                    [
                        211,
                        646
                    ],
                    [
                        443,
                        670
                    ]
                ],
                "interior": []
            }
        },
        {
            "id": 972013334,
            "classId": 10214731,
            "description": "",
            "geometryType": "rectangle",
            "labelerLogin": "Yalda2HITL",
            "createdAt": "2022-07-18T14:24:04.312Z",
            "updatedAt": "2022-07-18T14:24:04.312Z",
            "tags": [
                {
                    "id": 151023210,
                    "tagId": 30308107,
                    "name": "Transcription",
                    "value": "\u0644\u0642\u0645\u0627\u0646 \u0627\u0644\u062d\u0643\u064a\u0645",
                    "labelerLogin": "Yalda2HITL",
                    "createdAt": "2022-07-18T14:24:04.312Z",
                    "updatedAt": "2022-07-18T14:24:04.312Z"
                }
            ],
            "classTitle": "Title",
            "points": {
                "exterior": [
                    [
                        148,
                        130
                    ],
                    [
                        485,
                        305
                    ]
                ],
                "interior": []
            }
        }
    ]
}