{
    "description": "",
    "tags": [],
    "size": {
        "height": 1440,
        "width": 1080
    },
    "objects": [
        {
            "id": 972015114,
            "classId": 10214731,
            "description": "",
            "geometryType": "rectangle",
            "labelerLogin": "Yalda2HITL",
            "createdAt": "2022-07-18T14:25:22.962Z",
            "updatedAt": "2022-07-18T14:25:22.962Z",
            "tags": [
                {
                    "id": 151023385,
                    "tagId": 30308107,
                    "name": "Transcription",
                    "value": "\u0645\u064f\u062c\u0651\u064e\u0631\u0628\u0627\u062a \u0627\u0628\u0652\u0646 \u0639\u064e\u0631\u064e\u0628\u064a",
                    "labelerLogin": "Yalda2HITL",
                    "createdAt": "2022-07-18T14:25:22.963Z",
                    "updatedAt": "2022-07-18T14:25:22.963Z"
                }
            ],
            "classTitle": "Title",
            "points": {
                "exterior": [
                    [
                        174,
                        67
                    ],
                    [
                        940,
                        363
                    ]
                ],
                "interior": []
            }
        },
        {
            "id": 972015227,
            "classId": 10214732,
            "description": "",
            "geometryType": "rectangle",
            "labelerLogin": "Yalda2HITL",
            "createdAt": "2022-07-18T14:25:22.963Z",
            "updatedAt": "2022-07-18T14:25:22.963Z",
            "tags": [],
            "classTitle": "Body text",
            "points": {
                "exterior": [
                    [
                        261,
                        396
                    ],
                    [
                        843,
                        504
                    ]
                ],
                "interior": []
            }
        },
        {
            "id": 972015113,
            "classId": 10214732,
            "description": "",
            "geometryType": "rectangle",
            "labelerLogin": "Yalda2HITL",
            "createdAt": "2022-07-18T14:25:22.962Z",
            "updatedAt": "2022-07-18T14:25:22.962Z",
            "tags": [],
            "classTitle": "Body text",
            "points": {
                "exterior": [
                    [
                        487,
                        832
                    ],
                    [
                        612,
                        897
                    ]
                ],
                "interior": []
            }
        },
        {
            "id": 972015112,
            "classId": 10214732,
            "description": "",
            "geometryType": "rectangle",
            "labelerLogin": "Yalda2HITL",
            "createdAt": "2022-07-18T14:25:22.962Z",
            "updatedAt": "2022-07-18T14:25:22.962Z",
            "tags": [],
            "classTitle": "Body text",
            "points": {
                "exterior": [
                    [
                        288,
                        909
                    ],
                    [
                        821,
                        976
                    ]
                ],
                "interior": []
            }
        },
        {
            "id": 972014970,
            "classId": 10214732,
            "description": "",
            "geometryType": "rectangle",
            "labelerLogin": "Yalda2HITL",
            "createdAt": "2022-07-18T14:25:22.962Z",
            "updatedAt": "2022-07-18T14:25:22.962Z",
            "tags": [],
            "classTitle": "Body text",
            "points": {
                "exterior": [
                    [
                        466,
                        998
                    ],
                    [
                        620,
                        1045
                    ]
                ],
                "interior": []
            }
        },
        {
            "id": 972014969,
            "classId": 10214732,
            "description": "",
            "geometryType": "rectangle",
            "labelerLogin": "Yalda2HITL",
            "createdAt": "2022-07-18T14:25:22.962Z",
            "updatedAt": "2022-07-18T14:25:22.962Z",
            "tags": [],
            "classTitle": "Body text",
            "points": {
                "exterior": [
                    [
                        410,
                        1068
                    ],
                    [
                        708,
                        1142
                    ]
                ],
                "interior": []
            }
        },
        {
            "id": 972015253,
            "classId": 10214732,
            "description": "",
            "geometryType": "rectangle",
            "labelerLogin": "Yalda2HITL",
            "createdAt": "2022-07-18T14:25:22.963Z",
            "updatedAt": "2022-07-18T14:25:22.963Z",
            "tags": [],
            "classTitle": "Body text",
            "points": {
                "exterior": [
                    [
                        449,
                        1219
                    ],
                    [
                        698,
                        1297
                    ]
                ],
                "interior": []
            }
        },
        {
            "id": 972015042,
            "classId": 10214730,
            "description": "",
            "geometryType": "polygon",
            "labelerLogin": "Yalda2HITL",
            "createdAt": "2022-07-18T14:25:22.962Z",
            "updatedAt": "2022-07-18T14:25:22.962Z",
            "tags": [],
            "classTitle": "Page",
            "points": {
                "exterior": [
                    [
                        71,
                        1319
                    ],
                    [
                        86,
                        1332
                    ],
                    [
                        123,
                        1332
                    ],
                    [
                        213,
                        1333
                    ],
                    [
                        261,
                        1333
                    ],
                    [
                        346,
                        1335
                    ],
                    [
                        440,
                        1337
                    ],
                    [
                        550,
                        1335
                    ],
                    [
                        651,
                        1335
                    ],
                    [
                        809,
                        1342
                    ],
                    [
                        879,
                        1342
                    ],
                    [
                        943,
                        1340
                    ],
                    [
                        984,
                        1339
                    ],
                    [
                        1012,
                        1333
                    ],
                    [
                        1042,
                        1316
                    ],
                    [
                        1041,
                        1216
                    ],
                    [
                        1042,
                        1122
                    ],
                    [
                        1037,
                        1015
                    ],
                    [
                        1042,
                        878
                    ],
                    [
                        1040,
                        841
                    ],
                    [
                        1039,
                        765
                    ],
                    [
                        1038,
                        692
                    ],
                    [
                        1038,
                        619
                    ],
                    [
                        1036,
                        555
                    ],
                    [
                        1036,
                        504
                    ],
                    [
                        1034,
                        423
                    ],
                    [
                        1034,
                        353
                    ],
                    [
                        1036,
                        284
                    ],
                    [
                        1034,
                        224
                    ],
                    [
                        1033,
                        156
                    ],
                    [
                        1032,
                        106
                    ],
                    [
                        1026,
                        15
                    ],
                    [
                        1025,
                        1
                    ],
                    [
                        1009,
                        0
                    ],
                    [
                        959,
                        0
                    ],
                    [
                        857,
                        0
                    ],
                    [
                        710,
                        0
                    ],
                    [
                        512,
                        0
                    ],
                    [
                        348,
                        0
                    ],
                    [
                        249,
                        0
                    ],
                    [
                        153,
                        0
                    ],
                    [
                        94,
                        7
                    ],
                    [
                        79,
                        6
                    ],
                    [
                        75,
                        52
                    ],
                    [
                        76,
                        101
                    ],
                    [
                        74,
                        180
                    ],
                    [
                        72,
                        328
                    ],
                    [
                        71,
                        406
                    ],
                    [
                        71,
                        512
                    ],
                    [
                        70,
                        599
                    ],
                    [
                        69,
                        694
                    ],
                    [
                        68,
                        788
                    ],
                    [
                        68,
                        854
                    ],
                    [
                        66,
                        944
                    ],
                    [
                        68,
                        1006
                    ],
                    [
                        67,
                        1078
                    ],
                    [
                        65,
                        1141
                    ],
                    [
                        64,
                        1196
                    ],
                    [
                        64,
                        1248
                    ],
                    [
                        64,
                        1282
                    ]
                ],
                "interior": []
            }
        },
        {
            "id": 972015229,
            "classId": 10214732,
            "description": "",
            "geometryType": "rectangle",
            "labelerLogin": "Yalda2HITL",
            "createdAt": "2022-07-18T14:25:22.963Z",
            "updatedAt": "2022-07-18T14:25:22.963Z",
            "tags": [],
            "classTitle": "Body text",
            "points": {
                "exterior": [
                    [
                        328,
                        284
                    ],
                    [
                        394,
                        327
                    ]
                ],
                "interior": []
            }
        }
    ]
}