{
    "description": "",
    "tags": [],
    "size": {
        "height": 1280,
        "width": 960
    },
    "objects": [
        {
            "id": 972023335,
            "classId": 10214730,
            "description": "",
            "geometryType": "polygon",
            "labelerLogin": "Yalda2HITL",
            "createdAt": "2022-07-18T14:30:14.944Z",
            "updatedAt": "2022-07-18T14:30:14.944Z",
            "tags": [],
            "classTitle": "Page",
            "points": {
                "exterior": [
                    [
                        48,
                        1
                    ],
                    [
                        643,
                        28
                    ],
                    [
                        955,
                        31
                    ],
                    [
                        913,
                        784
                    ],
                    [
                        880,
                        1203
                    ],
                    [
                        220,
                        1251
                    ],
                    [
                        96,
                        1261
                    ],
                    [
                        83,
                        889
                    ],
                    [
                        67,
                        421
                    ],
                    [
                        55,
                        121
                    ]
                ],
                "interior": []
            }
        },
        {
            "id": 972023202,
            "classId": 10214731,
            "description": "",
            "geometryType": "rectangle",
            "labelerLogin": "Yalda2HITL",
            "createdAt": "2022-07-18T14:30:14.944Z",
            "updatedAt": "2022-07-18T14:30:14.944Z",
            "tags": [
                {
                    "id": 151024151,
                    "tagId": 30308107,
                    "name": "Transcription",
                    "value": "..\u0644\u064a\u0628\u0642\u0649 \u0627\u0644\u0647\u0644\u0627\u0644 \u0627\u0644\u0633\u0648\u0631\u064a",
                    "labelerLogin": "Yalda2HITL",
                    "createdAt": "2022-07-18T14:30:14.944Z",
                    "updatedAt": "2022-07-18T14:30:14.944Z"
                }
            ],
            "classTitle": "Title",
            "points": {
                "exterior": [
                    [
                        191,
                        568
                    ],
                    [
                        700,
                        648
                    ]
                ],
                "interior": []
            }
        },
        {
            "id": 972023204,
            "classId": 10214732,
            "description": "",
            "geometryType": "rectangle",
            "labelerLogin": "Yalda2HITL",
            "createdAt": "2022-07-18T14:30:14.944Z",
            "updatedAt": "2022-07-18T14:30:14.944Z",
            "tags": [],
            "classTitle": "Body text",
            "points": {
                "exterior": [
                    [
                        366,
                        684
                    ],
                    [
                        527,
                        755
                    ]
                ],
                "interior": []
            }
        },
        {
            "id": 972023203,
            "classId": 10214732,
            "description": "",
            "geometryType": "rectangle",
            "labelerLogin": "Yalda2HITL",
            "createdAt": "2022-07-18T14:30:14.944Z",
            "updatedAt": "2022-07-18T14:30:14.944Z",
            "tags": [],
            "classTitle": "Body text",
            "points": {
                "exterior": [
                    [
                        357,
                        129
                    ],
                    [
                        628,
                        194
                    ]
                ],
                "interior": []
            }
        },
        {
            "id": 972023205,
            "classId": 10214732,
            "description": "",
            "geometryType": "rectangle",
            "labelerLogin": "Yalda2HITL",
            "createdAt": "2022-07-18T14:30:14.944Z",
            "updatedAt": "2022-07-18T14:30:14.944Z",
            "tags": [],
            "classTitle": "Body text",
            "points": {
                "exterior": [
                    [
                        235,
                        915
                    ],
                    [
                        714,
                        971
                    ]
                ],
                "interior": []
            }
        },
        {
            "id": 972023209,
            "classId": 10214732,
            "description": "",
            "geometryType": "rectangle",
            "labelerLogin": "Yalda2HITL",
            "createdAt": "2022-07-18T14:30:14.944Z",
            "updatedAt": "2022-07-18T14:30:14.944Z",
            "tags": [],
            "classTitle": "Body text",
            "points": {
                "exterior": [
                    [
                        398,
                        966
                    ],
                    [
                        567,
                        1003
                    ]
                ],
                "interior": []
            }
        },
        {
            "id": 972023210,
            "classId": 10214732,
            "description": "",
            "geometryType": "rectangle",
            "labelerLogin": "Yalda2HITL",
            "createdAt": "2022-07-18T14:30:14.944Z",
            "updatedAt": "2022-07-18T14:30:14.944Z",
            "tags": [],
            "classTitle": "Body text",
            "points": {
                "exterior": [
                    [
                        401,
                        1082
                    ],
                    [
                        534,
                        1159
                    ]
                ],
                "interior": []
            }
        }
    ]
}