{
    "description": "",
    "tags": [],
    "size": {
        "height": 1280,
        "width": 720
    },
    "objects": [
        {
            "id": 972013392,
            "classId": 10214730,
            "description": "",
            "geometryType": "polygon",
            "labelerLogin": "Yalda2HITL",
            "createdAt": "2022-07-18T14:24:04.312Z",
            "updatedAt": "2022-07-18T14:24:04.312Z",
            "tags": [],
            "classTitle": "Page",
            "points": {
                "exterior": [
                    [
                        682,
                        21
                    ],
                    [
                        674,
                        1277
                    ],
                    [
                        673,
                        1279
                    ],
                    [
                        656,
                        1279
                    ],
                    [
                        385,
                        1234
                    ],
                    [
                        339,
                        1229
                    ],
                    [
                        283,
                        1220
                    ],
                    [
                        197,
                        1210
                    ],
                    [
                        81,
                        1198
                    ],
                    [
                        0,
                        1186
                    ],
                    [
                        0,
                        862
                    ],
                    [
                        0,
                        128
                    ],
                    [
                        0,
                        108
                    ]
                ],
                "interior": []
            }
        },
        {
            "id": 972013388,
            "classId": 10214732,
            "description": "",
            "geometryType": "rectangle",
            "labelerLogin": "Yalda2HITL",
            "createdAt": "2022-07-18T14:24:04.312Z",
            "updatedAt": "2022-07-18T14:24:04.312Z",
            "tags": [],
            "classTitle": "Body text",
            "points": {
                "exterior": [
                    [
                        41,
                        120
                    ],
                    [
                        144,
                        233
                    ]
                ],
                "interior": []
            }
        },
        {
            "id": 972013391,
            "classId": 10214732,
            "description": "",
            "geometryType": "rectangle",
            "labelerLogin": "Yalda2HITL",
            "createdAt": "2022-07-18T14:24:04.312Z",
            "updatedAt": "2022-07-18T14:24:04.312Z",
            "tags": [],
            "classTitle": "Body text",
            "points": {
                "exterior": [
                    [
                        527,
                        100
                    ],
                    [
                        604,
                        133
                    ]
                ],
                "interior": []
            }
        },
        {
            "id": 972013390,
            "classId": 10214732,
            "description": "",
            "geometryType": "rectangle",
            "labelerLogin": "Yalda2HITL",
            "createdAt": "2022-07-18T14:24:04.312Z",
            "updatedAt": "2022-07-18T14:24:04.312Z",
            "tags": [],
            "classTitle": "Body text",
            "points": {
                "exterior": [
                    [
                        198,
                        922
                    ],
                    [
                        596,
                        992
                    ]
                ],
                "interior": []
            }
        },
        {
            "id": 972013389,
            "classId": 10214732,
            "description": "",
            "geometryType": "rectangle",
            "labelerLogin": "Yalda2HITL",
            "createdAt": "2022-07-18T14:24:04.312Z",
            "updatedAt": "2022-07-18T14:24:04.312Z",
            "tags": [],
            "classTitle": "Body text",
            "points": {
                "exterior": [
                    [
                        542,
                        1174
                    ],
                    [
                        596,
                        1203
                    ]
                ],
                "interior": []
            }
        },
        {
            "id": 972013394,
            "classId": 10214731,
            "description": "",
            "geometryType": "rectangle",
            "labelerLogin": "Yalda2HITL",
            "createdAt": "2022-07-18T14:24:04.312Z",
            "updatedAt": "2022-07-18T14:24:04.312Z",
            "tags": [
                {
                    "id": 151023222,
                    "tagId": 30308107,
                    "name": "Transcription",
                    "value": "\u0645\u0645\u0644\u0643\u0629",
                    "labelerLogin": "Yalda2HITL",
                    "createdAt": "2022-07-18T14:24:04.312Z",
                    "updatedAt": "2022-07-18T14:24:04.312Z"
                }
            ],
            "classTitle": "Title",
            "points": {
                "exterior": [
                    [
                        246,
                        648
                    ],
                    [
                        595,
                        748
                    ]
                ],
                "interior": []
            }
        },
        {
            "id": 972013393,
            "classId": 10214731,
            "description": "",
            "geometryType": "rectangle",
            "labelerLogin": "Yalda2HITL",
            "createdAt": "2022-07-18T14:24:04.312Z",
            "updatedAt": "2022-07-18T14:24:04.312Z",
            "tags": [
                {
                    "id": 151023221,
                    "tagId": 30308107,
                    "name": "Transcription",
                    "value": "\u0627\u0644\u062c\u0648\u0627\u0631\u064a",
                    "labelerLogin": "Yalda2HITL",
                    "createdAt": "2022-07-18T14:24:04.312Z",
                    "updatedAt": "2022-07-18T14:24:04.312Z"
                }
            ],
            "classTitle": "Title",
            "points": {
                "exterior": [
                    [
                        208,
                        788
                    ],
                    [
                        593,
                        903
                    ]
                ],
                "interior": []
            }
        }
    ]
}