{
    "description": "",
    "tags": [],
    "size": {
        "height": 1156,
        "width": 867
    },
    "objects": [
        {
            "id": 972023222,
            "classId": 10214730,
            "description": "",
            "geometryType": "polygon",
            "labelerLogin": "Yalda2HITL",
            "createdAt": "2022-07-18T14:30:14.944Z",
            "updatedAt": "2022-07-18T14:30:14.944Z",
            "tags": [],
            "classTitle": "Page",
            "points": {
                "exterior": [
                    [
                        152,
                        83
                    ],
                    [
                        428,
                        97
                    ],
                    [
                        742,
                        87
                    ],
                    [
                        756,
                        251
                    ],
                    [
                        781,
                        632
                    ],
                    [
                        792,
                        870
                    ],
                    [
                        797,
                        1061
                    ],
                    [
                        780,
                        1069
                    ],
                    [
                        663,
                        1063
                    ],
                    [
                        459,
                        1063
                    ],
                    [
                        154,
                        1059
                    ],
                    [
                        159,
                        769
                    ],
                    [
                        161,
                        585
                    ],
                    [
                        156,
                        329
                    ]
                ],
                "interior": []
            }
        },
        {
            "id": 972023201,
            "classId": 10214731,
            "description": "",
            "geometryType": "rectangle",
            "labelerLogin": "Yalda2HITL",
            "createdAt": "2022-07-18T14:30:14.944Z",
            "updatedAt": "2022-07-18T14:30:14.944Z",
            "tags": [
                {
                    "id": 151024150,
                    "tagId": 30308107,
                    "name": "Transcription",
                    "value": "\u062f\u0644\u064a\u0644 \u0627\u0644\u0631\u062c\u0644 \u0627\u0644\u0633\u064a\u0627\u0633\u064a",
                    "labelerLogin": "Yalda2HITL",
                    "createdAt": "2022-07-18T14:30:14.944Z",
                    "updatedAt": "2022-07-18T14:30:14.944Z"
                }
            ],
            "classTitle": "Title",
            "points": {
                "exterior": [
                    [
                        188,
                        144
                    ],
                    [
                        710,
                        323
                    ]
                ],
                "interior": []
            }
        },
        {
            "id": 972023216,
            "classId": 10214732,
            "description": "",
            "geometryType": "rectangle",
            "labelerLogin": "Yalda2HITL",
            "createdAt": "2022-07-18T14:30:14.944Z",
            "updatedAt": "2022-07-18T14:30:14.944Z",
            "tags": [],
            "classTitle": "Body text",
            "points": {
                "exterior": [
                    [
                        300,
                        321
                    ],
                    [
                        606,
                        362
                    ]
                ],
                "interior": []
            }
        },
        {
            "id": 972023227,
            "classId": 10214732,
            "description": "",
            "geometryType": "rectangle",
            "labelerLogin": "Yalda2HITL",
            "createdAt": "2022-07-18T14:30:14.944Z",
            "updatedAt": "2022-07-18T14:30:14.944Z",
            "tags": [],
            "classTitle": "Body text",
            "points": {
                "exterior": [
                    [
                        240,
                        387
                    ],
                    [
                        659,
                        443
                    ]
                ],
                "interior": []
            }
        },
        {
            "id": 972023228,
            "classId": 10214732,
            "description": "",
            "geometryType": "rectangle",
            "labelerLogin": "Yalda2HITL",
            "createdAt": "2022-07-18T14:30:14.944Z",
            "updatedAt": "2022-07-18T14:30:14.944Z",
            "tags": [],
            "classTitle": "Body text",
            "points": {
                "exterior": [
                    [
                        429,
                        1009
                    ],
                    [
                        499,
                        1025
                    ]
                ],
                "interior": []
            }
        },
        {
            "id": 972023229,
            "classId": 10214732,
            "description": "",
            "geometryType": "rectangle",
            "labelerLogin": "Yalda2HITL",
            "createdAt": "2022-07-18T14:30:14.944Z",
            "updatedAt": "2022-07-18T14:30:14.944Z",
            "tags": [],
            "classTitle": "Body text",
            "points": {
                "exterior": [
                    [
                        394,
                        1033
                    ],
                    [
                        533,
                        1056
                    ]
                ],
                "interior": []
            }
        }
    ]
}