{
    "description": "",
    "tags": [],
    "size": {
        "height": 1000,
        "width": 563
    },
    "objects": [
        {
            "id": 972023259,
            "classId": 10214730,
            "description": "",
            "geometryType": "polygon",
            "labelerLogin": "Yalda2HITL",
            "createdAt": "2022-07-18T14:30:14.944Z",
            "updatedAt": "2022-07-18T14:30:14.944Z",
            "tags": [],
            "classTitle": "Page",
            "points": {
                "exterior": [
                    [
                        2,
                        44
                    ],
                    [
                        182,
                        51
                    ],
                    [
                        448,
                        41
                    ],
                    [
                        452,
                        172
                    ],
                    [
                        466,
                        429
                    ],
                    [
                        479,
                        728
                    ],
                    [
                        353,
                        732
                    ],
                    [
                        0,
                        739
                    ],
                    [
                        0,
                        423
                    ]
                ],
                "interior": []
            }
        },
        {
            "id": 972023267,
            "classId": 10214731,
            "description": "",
            "geometryType": "rectangle",
            "labelerLogin": "Yalda2HITL",
            "createdAt": "2022-07-18T14:30:14.944Z",
            "updatedAt": "2022-07-18T14:30:14.944Z",
            "tags": [
                {
                    "id": 151024158,
                    "tagId": 30308107,
                    "name": "Transcription",
                    "value": "\u0627\u0644\u0645\u062a\u0642\u0646",
                    "labelerLogin": "Yalda2HITL",
                    "createdAt": "2022-07-18T14:30:14.944Z",
                    "updatedAt": "2022-07-18T14:30:14.944Z"
                }
            ],
            "classTitle": "Title",
            "points": {
                "exterior": [
                    [
                        127,
                        96
                    ],
                    [
                        340,
                        180
                    ]
                ],
                "interior": []
            }
        },
        {
            "id": 972023269,
            "classId": 10214732,
            "description": "",
            "geometryType": "rectangle",
            "labelerLogin": "Yalda2HITL",
            "createdAt": "2022-07-18T14:30:14.944Z",
            "updatedAt": "2022-07-18T14:30:14.944Z",
            "tags": [],
            "classTitle": "Body text",
            "points": {
                "exterior": [
                    [
                        206,
                        171
                    ],
                    [
                        259,
                        221
                    ]
                ],
                "interior": []
            }
        },
        {
            "id": 972023219,
            "classId": 10214732,
            "description": "",
            "geometryType": "rectangle",
            "labelerLogin": "Yalda2HITL",
            "createdAt": "2022-07-18T14:30:14.944Z",
            "updatedAt": "2022-07-18T14:30:14.944Z",
            "tags": [],
            "classTitle": "Body text",
            "points": {
                "exterior": [
                    [
                        48,
                        239
                    ],
                    [
                        415,
                        300
                    ]
                ],
                "interior": []
            }
        },
        {
            "id": 972023268,
            "classId": 10214732,
            "description": "",
            "geometryType": "rectangle",
            "labelerLogin": "Yalda2HITL",
            "createdAt": "2022-07-18T14:30:14.944Z",
            "updatedAt": "2022-07-18T14:30:14.944Z",
            "tags": [],
            "classTitle": "Body text",
            "points": {
                "exterior": [
                    [
                        137,
                        334
                    ],
                    [
                        330,
                        368
                    ]
                ],
                "interior": []
            }
        },
        {
            "id": 972023225,
            "classId": 10214732,
            "description": "",
            "geometryType": "rectangle",
            "labelerLogin": "Yalda2HITL",
            "createdAt": "2022-07-18T14:30:14.944Z",
            "updatedAt": "2022-07-18T14:30:14.944Z",
            "tags": [],
            "classTitle": "Body text",
            "points": {
                "exterior": [
                    [
                        218,
                        440
                    ],
                    [
                        315,
                        461
                    ]
                ],
                "interior": []
            }
        },
        {
            "id": 972023218,
            "classId": 10214732,
            "description": "",
            "geometryType": "rectangle",
            "labelerLogin": "Yalda2HITL",
            "createdAt": "2022-07-18T14:30:14.944Z",
            "updatedAt": "2022-07-18T14:30:14.944Z",
            "tags": [],
            "classTitle": "Body text",
            "points": {
                "exterior": [
                    [
                        169,
                        467
                    ],
                    [
                        381,
                        487
                    ]
                ],
                "interior": []
            }
        },
        {
            "id": 972023217,
            "classId": 10214732,
            "description": "",
            "geometryType": "rectangle",
            "labelerLogin": "Yalda2HITL",
            "createdAt": "2022-07-18T14:30:14.944Z",
            "updatedAt": "2022-07-18T14:30:14.944Z",
            "tags": [],
            "classTitle": "Body text",
            "points": {
                "exterior": [
                    [
                        169,
                        497
                    ],
                    [
                        350,
                        514
                    ]
                ],
                "interior": []
            }
        },
        {
            "id": 972023265,
            "classId": 10214732,
            "description": "",
            "geometryType": "rectangle",
            "labelerLogin": "Yalda2HITL",
            "createdAt": "2022-07-18T14:30:14.944Z",
            "updatedAt": "2022-07-18T14:30:14.944Z",
            "tags": [],
            "classTitle": "Body text",
            "points": {
                "exterior": [
                    [
                        168,
                        516
                    ],
                    [
                        318,
                        537
                    ]
                ],
                "interior": []
            }
        },
        {
            "id": 972023220,
            "classId": 10214732,
            "description": "",
            "geometryType": "rectangle",
            "labelerLogin": "Yalda2HITL",
            "createdAt": "2022-07-18T14:30:14.944Z",
            "updatedAt": "2022-07-18T14:30:14.944Z",
            "tags": [],
            "classTitle": "Body text",
            "points": {
                "exterior": [
                    [
                        171,
                        542
                    ],
                    [
                        317,
                        558
                    ]
                ],
                "interior": []
            }
        }
    ]
}