{
    "description": "",
    "tags": [],
    "size": {
        "height": 1156,
        "width": 867
    },
    "objects": [
        {
            "id": 972023242,
            "classId": 10214730,
            "description": "",
            "geometryType": "polygon",
            "labelerLogin": "Yalda2HITL",
            "createdAt": "2022-07-18T14:30:14.944Z",
            "updatedAt": "2022-07-18T14:30:14.944Z",
            "tags": [],
            "classTitle": "Page",
            "points": {
                "exterior": [
                    [
                        215,
                        222
                    ],
                    [
                        506,
                        210
                    ],
                    [
                        789,
                        200
                    ],
                    [
                        803,
                        403
                    ],
                    [
                        839,
                        994
                    ],
                    [
                        848,
                        1100
                    ],
                    [
                        812,
                        1106
                    ],
                    [
                        559,
                        1095
                    ],
                    [
                        180,
                        1079
                    ],
                    [
                        201,
                        615
                    ],
                    [
                        215,
                        309
                    ]
                ],
                "interior": []
            }
        },
        {
            "id": 972023226,
            "classId": 10214731,
            "description": "",
            "geometryType": "rectangle",
            "labelerLogin": "Yalda2HITL",
            "createdAt": "2022-07-18T14:30:14.944Z",
            "updatedAt": "2022-07-18T14:30:14.944Z",
            "tags": [
                {
                    "id": 151024152,
                    "tagId": 30308107,
                    "name": "Transcription",
                    "value": "\u0627\u0644\u0623\u0633\u0627\u0637\u064a\u0631",
                    "labelerLogin": "Yalda2HITL",
                    "createdAt": "2022-07-18T14:30:14.944Z",
                    "updatedAt": "2022-07-18T14:30:14.944Z"
                }
            ],
            "classTitle": "Title",
            "points": {
                "exterior": [
                    [
                        245,
                        275
                    ],
                    [
                        718,
                        454
                    ]
                ],
                "interior": []
            }
        },
        {
            "id": 972023235,
            "classId": 10214732,
            "description": "",
            "geometryType": "rectangle",
            "labelerLogin": "Yalda2HITL",
            "createdAt": "2022-07-18T14:30:14.944Z",
            "updatedAt": "2022-07-18T14:30:14.944Z",
            "tags": [],
            "classTitle": "Body text",
            "points": {
                "exterior": [
                    [
                        392,
                        238
                    ],
                    [
                        542,
                        323
                    ]
                ],
                "interior": []
            }
        },
        {
            "id": 972023240,
            "classId": 10214732,
            "description": "",
            "geometryType": "rectangle",
            "labelerLogin": "Yalda2HITL",
            "createdAt": "2022-07-18T14:30:14.944Z",
            "updatedAt": "2022-07-18T14:30:14.944Z",
            "tags": [],
            "classTitle": "Body text",
            "points": {
                "exterior": [
                    [
                        352,
                        443
                    ],
                    [
                        647,
                        498
                    ]
                ],
                "interior": []
            }
        },
        {
            "id": 972023239,
            "classId": 10214732,
            "description": "",
            "geometryType": "rectangle",
            "labelerLogin": "Yalda2HITL",
            "createdAt": "2022-07-18T14:30:14.944Z",
            "updatedAt": "2022-07-18T14:30:14.944Z",
            "tags": [],
            "classTitle": "Body text",
            "points": {
                "exterior": [
                    [
                        425,
                        540
                    ],
                    [
                        576,
                        577
                    ]
                ],
                "interior": []
            }
        },
        {
            "id": 972023232,
            "classId": 10214732,
            "description": "",
            "geometryType": "rectangle",
            "labelerLogin": "Yalda2HITL",
            "createdAt": "2022-07-18T14:30:14.944Z",
            "updatedAt": "2022-07-18T14:30:14.944Z",
            "tags": [],
            "classTitle": "Body text",
            "points": {
                "exterior": [
                    [
                        425,
                        1013
                    ],
                    [
                        539,
                        1047
                    ]
                ],
                "interior": []
            }
        }
    ]
}