{
    "description": "",
    "tags": [],
    "size": {
        "height": 1156,
        "width": 867
    },
    "objects": [
        {
            "id": 972023231,
            "classId": 10214730,
            "description": "",
            "geometryType": "polygon",
            "labelerLogin": "Yalda2HITL",
            "createdAt": "2022-07-18T14:30:14.944Z",
            "updatedAt": "2022-07-18T14:30:14.944Z",
            "tags": [],
            "classTitle": "Page",
            "points": {
                "exterior": [
                    [
                        252,
                        316
                    ],
                    [
                        601,
                        317
                    ],
                    [
                        728,
                        321
                    ],
                    [
                        736,
                        488
                    ],
                    [
                        749,
                        787
                    ],
                    [
                        764,
                        1106
                    ],
                    [
                        647,
                        1104
                    ],
                    [
                        302,
                        1098
                    ],
                    [
                        213,
                        1096
                    ],
                    [
                        236,
                        664
                    ]
                ],
                "interior": []
            }
        },
        {
            "id": 972023233,
            "classId": 10214731,
            "description": "",
            "geometryType": "rectangle",
            "labelerLogin": "Yalda2HITL",
            "createdAt": "2022-07-18T14:30:14.944Z",
            "updatedAt": "2022-07-18T14:30:14.944Z",
            "tags": [
                {
                    "id": 151024153,
                    "tagId": 30308107,
                    "name": "Transcription",
                    "value": "\u0627\u0644\u0625\u0644\u064a\u0627\u0630\u0629",
                    "labelerLogin": "Yalda2HITL",
                    "createdAt": "2022-07-18T14:30:14.944Z",
                    "updatedAt": "2022-07-18T14:30:14.944Z"
                }
            ],
            "classTitle": "Title",
            "points": {
                "exterior": [
                    [
                        358,
                        553
                    ],
                    [
                        614,
                        668
                    ]
                ],
                "interior": []
            }
        },
        {
            "id": 972023234,
            "classId": 10214732,
            "description": "",
            "geometryType": "rectangle",
            "labelerLogin": "Yalda2HITL",
            "createdAt": "2022-07-18T14:30:14.944Z",
            "updatedAt": "2022-07-18T14:30:14.944Z",
            "tags": [],
            "classTitle": "Body text",
            "points": {
                "exterior": [
                    [
                        402,
                        423
                    ],
                    [
                        565,
                        458
                    ]
                ],
                "interior": []
            }
        },
        {
            "id": 972023238,
            "classId": 10214732,
            "description": "",
            "geometryType": "rectangle",
            "labelerLogin": "Yalda2HITL",
            "createdAt": "2022-07-18T14:30:14.944Z",
            "updatedAt": "2022-07-18T14:30:14.944Z",
            "tags": [],
            "classTitle": "Body text",
            "points": {
                "exterior": [
                    [
                        456,
                        907
                    ],
                    [
                        506,
                        926
                    ]
                ],
                "interior": []
            }
        },
        {
            "id": 972023241,
            "classId": 10214732,
            "description": "",
            "geometryType": "rectangle",
            "labelerLogin": "Yalda2HITL",
            "createdAt": "2022-07-18T14:30:14.944Z",
            "updatedAt": "2022-07-18T14:30:14.944Z",
            "tags": [],
            "classTitle": "Body text",
            "points": {
                "exterior": [
                    [
                        417,
                        933
                    ],
                    [
                        543,
                        965
                    ]
                ],
                "interior": []
            }
        }
    ]
}