{
    "description": "",
    "tags": [],
    "size": {
        "height": 1000,
        "width": 563
    },
    "objects": [
        {
            "id": 972023277,
            "classId": 10214730,
            "description": "",
            "geometryType": "polygon",
            "labelerLogin": "Yalda2HITL",
            "createdAt": "2022-07-18T14:30:14.944Z",
            "updatedAt": "2022-07-18T14:30:14.944Z",
            "tags": [],
            "classTitle": "Page",
            "points": {
                "exterior": [
                    [
                        48,
                        66
                    ],
                    [
                        251,
                        70
                    ],
                    [
                        450,
                        64
                    ],
                    [
                        458,
                        161
                    ],
                    [
                        474,
                        387
                    ],
                    [
                        500,
                        707
                    ],
                    [
                        281,
                        711
                    ],
                    [
                        23,
                        715
                    ],
                    [
                        8,
                        712
                    ],
                    [
                        23,
                        520
                    ],
                    [
                        34,
                        312
                    ],
                    [
                        45,
                        142
                    ]
                ],
                "interior": []
            }
        },
        {
            "id": 972023276,
            "classId": 10214731,
            "description": "",
            "geometryType": "rectangle",
            "labelerLogin": "Yalda2HITL",
            "createdAt": "2022-07-18T14:30:14.944Z",
            "updatedAt": "2022-07-18T14:30:14.944Z",
            "tags": [
                {
                    "id": 151024161,
                    "tagId": 30308107,
                    "name": "Transcription",
                    "value": "\u0627\u0644\u0645\u062a\u0642\u0646",
                    "labelerLogin": "Yalda2HITL",
                    "createdAt": "2022-07-18T14:30:14.944Z",
                    "updatedAt": "2022-07-18T14:30:14.944Z"
                }
            ],
            "classTitle": "Title",
            "points": {
                "exterior": [
                    [
                        140,
                        120
                    ],
                    [
                        362,
                        194
                    ]
                ],
                "interior": []
            }
        },
        {
            "id": 972023275,
            "classId": 10214732,
            "description": "",
            "geometryType": "rectangle",
            "labelerLogin": "Yalda2HITL",
            "createdAt": "2022-07-18T14:30:14.944Z",
            "updatedAt": "2022-07-18T14:30:14.944Z",
            "tags": [],
            "classTitle": "Body text",
            "points": {
                "exterior": [
                    [
                        101,
                        193
                    ],
                    [
                        400,
                        235
                    ]
                ],
                "interior": []
            }
        },
        {
            "id": 972023274,
            "classId": 10214732,
            "description": "",
            "geometryType": "rectangle",
            "labelerLogin": "Yalda2HITL",
            "createdAt": "2022-07-18T14:30:14.944Z",
            "updatedAt": "2022-07-18T14:30:14.944Z",
            "tags": [],
            "classTitle": "Body text",
            "points": {
                "exterior": [
                    [
                        82,
                        242
                    ],
                    [
                        421,
                        268
                    ]
                ],
                "interior": []
            }
        },
        {
            "id": 972023272,
            "classId": 10214732,
            "description": "",
            "geometryType": "rectangle",
            "labelerLogin": "Yalda2HITL",
            "createdAt": "2022-07-18T14:30:14.944Z",
            "updatedAt": "2022-07-18T14:30:14.944Z",
            "tags": [],
            "classTitle": "Body text",
            "points": {
                "exterior": [
                    [
                        84,
                        269
                    ],
                    [
                        421,
                        288
                    ]
                ],
                "interior": []
            }
        },
        {
            "id": 972023278,
            "classId": 10214732,
            "description": "",
            "geometryType": "rectangle",
            "labelerLogin": "Yalda2HITL",
            "createdAt": "2022-07-18T14:30:14.944Z",
            "updatedAt": "2022-07-18T14:30:14.944Z",
            "tags": [],
            "classTitle": "Body text",
            "points": {
                "exterior": [
                    [
                        224,
                        317
                    ],
                    [
                        443,
                        403
                    ]
                ],
                "interior": []
            }
        },
        {
            "id": 972023273,
            "classId": 10214732,
            "description": "",
            "geometryType": "rectangle",
            "labelerLogin": "Yalda2HITL",
            "createdAt": "2022-07-18T14:30:14.944Z",
            "updatedAt": "2022-07-18T14:30:14.944Z",
            "tags": [],
            "classTitle": "Body text",
            "points": {
                "exterior": [
                    [
                        59,
                        297
                    ],
                    [
                        373,
                        455
                    ]
                ],
                "interior": []
            }
        }
    ]
}