{
    "description": "",
    "tags": [],
    "size": {
        "height": 1080,
        "width": 608
    },
    "objects": [
        {
            "id": 972023309,
            "classId": 10214730,
            "description": "",
            "geometryType": "polygon",
            "labelerLogin": "Yalda2HITL",
            "createdAt": "2022-07-18T14:30:14.944Z",
            "updatedAt": "2022-07-18T14:30:14.944Z",
            "tags": [],
            "classTitle": "Page",
            "points": {
                "exterior": [
                    [
                        20,
                        87
                    ],
                    [
                        174,
                        96
                    ],
                    [
                        469,
                        110
                    ],
                    [
                        533,
                        138
                    ],
                    [
                        546,
                        138
                    ],
                    [
                        562,
                        153
                    ],
                    [
                        570,
                        344
                    ],
                    [
                        579,
                        553
                    ],
                    [
                        589,
                        746
                    ],
                    [
                        593,
                        870
                    ],
                    [
                        575,
                        877
                    ],
                    [
                        331,
                        889
                    ],
                    [
                        9,
                        899
                    ],
                    [
                        16,
                        695
                    ],
                    [
                        23,
                        407
                    ]
                ],
                "interior": []
            }
        },
        {
            "id": 972023314,
            "classId": 10214731,
            "description": "",
            "geometryType": "rectangle",
            "labelerLogin": "Yalda2HITL",
            "createdAt": "2022-07-18T14:30:14.944Z",
            "updatedAt": "2022-07-18T14:30:14.944Z",
            "tags": [
                {
                    "id": 151024165,
                    "tagId": 30308107,
                    "name": "Transcription",
                    "value": "\u0645\u064a\u0627\u062f\u064a\u0646 \u0639\u0644\u0645 \u0627\u0644\u0646\u0641\u0633",
                    "labelerLogin": "Yalda2HITL",
                    "createdAt": "2022-07-18T14:30:14.944Z",
                    "updatedAt": "2022-07-18T14:30:14.944Z"
                }
            ],
            "classTitle": "Title",
            "points": {
                "exterior": [
                    [
                        159,
                        339
                    ],
                    [
                        459,
                        403
                    ]
                ],
                "interior": []
            }
        },
        {
            "id": 972023313,
            "classId": 10214732,
            "description": "",
            "geometryType": "rectangle",
            "labelerLogin": "Yalda2HITL",
            "createdAt": "2022-07-18T14:30:14.944Z",
            "updatedAt": "2022-07-18T14:30:14.944Z",
            "tags": [],
            "classTitle": "Body text",
            "points": {
                "exterior": [
                    [
                        197,
                        221
                    ],
                    [
                        265,
                        236
                    ]
                ],
                "interior": []
            }
        },
        {
            "id": 972023312,
            "classId": 10214732,
            "description": "",
            "geometryType": "rectangle",
            "labelerLogin": "Yalda2HITL",
            "createdAt": "2022-07-18T14:30:14.944Z",
            "updatedAt": "2022-07-18T14:30:14.944Z",
            "tags": [],
            "classTitle": "Body text",
            "points": {
                "exterior": [
                    [
                        160,
                        245
                    ],
                    [
                        304,
                        276
                    ]
                ],
                "interior": []
            }
        },
        {
            "id": 972023317,
            "classId": 10214732,
            "description": "",
            "geometryType": "rectangle",
            "labelerLogin": "Yalda2HITL",
            "createdAt": "2022-07-18T14:30:14.944Z",
            "updatedAt": "2022-07-18T14:30:14.944Z",
            "tags": [],
            "classTitle": "Body text",
            "points": {
                "exterior": [
                    [
                        162,
                        282
                    ],
                    [
                        306,
                        302
                    ]
                ],
                "interior": []
            }
        },
        {
            "id": 972023316,
            "classId": 10214732,
            "description": "",
            "geometryType": "rectangle",
            "labelerLogin": "Yalda2HITL",
            "createdAt": "2022-07-18T14:30:14.944Z",
            "updatedAt": "2022-07-18T14:30:14.944Z",
            "tags": [],
            "classTitle": "Body text",
            "points": {
                "exterior": [
                    [
                        390,
                        265
                    ],
                    [
                        511,
                        288
                    ]
                ],
                "interior": []
            }
        },
        {
            "id": 972023311,
            "classId": 10214732,
            "description": "",
            "geometryType": "rectangle",
            "labelerLogin": "Yalda2HITL",
            "createdAt": "2022-07-18T14:30:14.944Z",
            "updatedAt": "2022-07-18T14:30:14.944Z",
            "tags": [],
            "classTitle": "Body text",
            "points": {
                "exterior": [
                    [
                        430,
                        243
                    ],
                    [
                        473,
                        259
                    ]
                ],
                "interior": []
            }
        },
        {
            "id": 972023310,
            "classId": 10214732,
            "description": "",
            "geometryType": "rectangle",
            "labelerLogin": "Yalda2HITL",
            "createdAt": "2022-07-18T14:30:14.944Z",
            "updatedAt": "2022-07-18T14:30:14.944Z",
            "tags": [],
            "classTitle": "Body text",
            "points": {
                "exterior": [
                    [
                        415,
                        207
                    ],
                    [
                        489,
                        230
                    ]
                ],
                "interior": []
            }
        },
        {
            "id": 972023315,
            "classId": 10214732,
            "description": "",
            "geometryType": "rectangle",
            "labelerLogin": "Yalda2HITL",
            "createdAt": "2022-07-18T14:30:14.944Z",
            "updatedAt": "2022-07-18T14:30:14.944Z",
            "tags": [],
            "classTitle": "Body text",
            "points": {
                "exterior": [
                    [
                        389,
                        174
                    ],
                    [
                        512,
                        200
                    ]
                ],
                "interior": []
            }
        },
        {
            "id": 972023308,
            "classId": 10214732,
            "description": "",
            "geometryType": "rectangle",
            "labelerLogin": "Yalda2HITL",
            "createdAt": "2022-07-18T14:30:14.944Z",
            "updatedAt": "2022-07-18T14:30:14.944Z",
            "tags": [],
            "classTitle": "Body text",
            "points": {
                "exterior": [
                    [
                        418,
                        146
                    ],
                    [
                        485,
                        168
                    ]
                ],
                "interior": []
            }
        },
        {
            "id": 972023318,
            "classId": 10214732,
            "description": "",
            "geometryType": "rectangle",
            "labelerLogin": "Yalda2HITL",
            "createdAt": "2022-07-18T14:30:14.944Z",
            "updatedAt": "2022-07-18T14:30:14.944Z",
            "tags": [],
            "classTitle": "Body text",
            "points": {
                "exterior": [
                    [
                        234,
                        425
                    ],
                    [
                        392,
                        457
                    ]
                ],
                "interior": []
            }
        },
        {
            "id": 972023261,
            "classId": 10214732,
            "description": "",
            "geometryType": "rectangle",
            "labelerLogin": "Yalda2HITL",
            "createdAt": "2022-07-18T14:30:14.944Z",
            "updatedAt": "2022-07-18T14:30:14.944Z",
            "tags": [],
            "classTitle": "Body text",
            "points": {
                "exterior": [
                    [
                        182,
                        540
                    ],
                    [
                        266,
                        559
                    ]
                ],
                "interior": []
            }
        },
        {
            "id": 972023208,
            "classId": 10214732,
            "description": "",
            "geometryType": "rectangle",
            "labelerLogin": "Yalda2HITL",
            "createdAt": "2022-07-18T14:30:14.944Z",
            "updatedAt": "2022-07-18T14:30:14.944Z",
            "tags": [],
            "classTitle": "Body text",
            "points": {
                "exterior": [
                    [
                        156,
                        571
                    ],
                    [
                        290,
                        597
                    ]
                ],
                "interior": []
            }
        },
        {
            "id": 972023260,
            "classId": 10214732,
            "description": "",
            "geometryType": "rectangle",
            "labelerLogin": "Yalda2HITL",
            "createdAt": "2022-07-18T14:30:14.944Z",
            "updatedAt": "2022-07-18T14:30:14.944Z",
            "tags": [],
            "classTitle": "Body text",
            "points": {
                "exterior": [
                    [
                        360,
                        617
                    ],
                    [
                        433,
                        632
                    ]
                ],
                "interior": []
            }
        },
        {
            "id": 972023295,
            "classId": 10214732,
            "description": "",
            "geometryType": "rectangle",
            "labelerLogin": "Yalda2HITL",
            "createdAt": "2022-07-18T14:30:14.944Z",
            "updatedAt": "2022-07-18T14:30:14.944Z",
            "tags": [],
            "classTitle": "Body text",
            "points": {
                "exterior": [
                    [
                        327,
                        642
                    ],
                    [
                        473,
                        671
                    ]
                ],
                "interior": []
            }
        },
        {
            "id": 972023294,
            "classId": 10214732,
            "description": "",
            "geometryType": "rectangle",
            "labelerLogin": "Yalda2HITL",
            "createdAt": "2022-07-18T14:30:14.944Z",
            "updatedAt": "2022-07-18T14:30:14.944Z",
            "tags": [],
            "classTitle": "Body text",
            "points": {
                "exterior": [
                    [
                        327,
                        680
                    ],
                    [
                        474,
                        701
                    ]
                ],
                "interior": []
            }
        },
        {
            "id": 972023207,
            "classId": 10214732,
            "description": "",
            "geometryType": "rectangle",
            "labelerLogin": "Yalda2HITL",
            "createdAt": "2022-07-18T14:30:14.944Z",
            "updatedAt": "2022-07-18T14:30:14.944Z",
            "tags": [],
            "classTitle": "Body text",
            "points": {
                "exterior": [
                    [
                        62,
                        775
                    ],
                    [
                        171,
                        798
                    ]
                ],
                "interior": []
            }
        }
    ]
}