{
    "description": "",
    "tags": [],
    "size": {
        "height": 4032,
        "width": 3024
    },
    "objects": [
        {
            "id": 972023319,
            "classId": 10214730,
            "description": "",
            "geometryType": "polygon",
            "labelerLogin": "Yalda2HITL",
            "createdAt": "2022-07-18T14:30:14.944Z",
            "updatedAt": "2022-07-18T14:30:14.944Z",
            "tags": [],
            "classTitle": "Page",
            "points": {
                "exterior": [
                    [
                        429,
                        571
                    ],
                    [
                        1345,
                        584
                    ],
                    [
                        2155,
                        592
                    ],
                    [
                        2313,
                        603
                    ],
                    [
                        2357,
                        648
                    ],
                    [
                        2354,
                        1579
                    ],
                    [
                        2347,
                        2402
                    ],
                    [
                        2337,
                        3343
                    ],
                    [
                        2342,
                        3522
                    ],
                    [
                        2219,
                        3545
                    ],
                    [
                        1754,
                        3542
                    ],
                    [
                        1183,
                        3560
                    ],
                    [
                        537,
                        3586
                    ],
                    [
                        522,
                        3546
                    ],
                    [
                        514,
                        2854
                    ],
                    [
                        488,
                        2039
                    ],
                    [
                        465,
                        1336
                    ],
                    [
                        447,
                        745
                    ]
                ],
                "interior": []
            }
        },
        {
            "id": 972023322,
            "classId": 10214731,
            "description": "",
            "geometryType": "rectangle",
            "labelerLogin": "Yalda2HITL",
            "createdAt": "2022-07-18T14:30:14.944Z",
            "updatedAt": "2022-07-18T14:30:14.944Z",
            "tags": [],
            "classTitle": "Title",
            "points": {
                "exterior": [
                    [
                        736,
                        1068
                    ],
                    [
                        2091,
                        1405
                    ]
                ],
                "interior": []
            }
        },
        {
            "id": 972023324,
            "classId": 10214732,
            "description": "",
            "geometryType": "rectangle",
            "labelerLogin": "Yalda2HITL",
            "createdAt": "2022-07-18T14:30:14.944Z",
            "updatedAt": "2022-07-18T14:30:14.944Z",
            "tags": [],
            "classTitle": "Body text",
            "points": {
                "exterior": [
                    [
                        799,
                        735
                    ],
                    [
                        2033,
                        943
                    ]
                ],
                "interior": []
            }
        },
        {
            "id": 972023320,
            "classId": 10214731,
            "description": "",
            "geometryType": "rectangle",
            "labelerLogin": "Yalda2HITL",
            "createdAt": "2022-07-18T14:30:14.944Z",
            "updatedAt": "2022-07-18T14:30:14.944Z",
            "tags": [
                {
                    "id": 151024166,
                    "tagId": 30308107,
                    "name": "Transcription",
                    "value": "\u0639\u0645\u0627 \u0641\u0639\u0644\u062a",
                    "labelerLogin": "Yalda2HITL",
                    "createdAt": "2022-07-18T14:30:14.944Z",
                    "updatedAt": "2022-07-18T14:30:14.944Z"
                }
            ],
            "classTitle": "Title",
            "points": {
                "exterior": [
                    [
                        641,
                        1393
                    ],
                    [
                        2194,
                        1668
                    ]
                ],
                "interior": []
            }
        },
        {
            "id": 972023323,
            "classId": 10214732,
            "description": "",
            "geometryType": "rectangle",
            "labelerLogin": "Yalda2HITL",
            "createdAt": "2022-07-18T14:30:14.944Z",
            "updatedAt": "2022-07-18T14:30:14.944Z",
            "tags": [],
            "classTitle": "Body text",
            "points": {
                "exterior": [
                    [
                        1395,
                        2374
                    ],
                    [
                        1789,
                        2551
                    ]
                ],
                "interior": []
            }
        },
        {
            "id": 972023321,
            "classId": 10214732,
            "description": "",
            "geometryType": "rectangle",
            "labelerLogin": "Yalda2HITL",
            "createdAt": "2022-07-18T14:30:14.944Z",
            "updatedAt": "2022-07-18T14:30:14.944Z",
            "tags": [],
            "classTitle": "Body text",
            "points": {
                "exterior": [
                    [
                        1786,
                        3278
                    ],
                    [
                        2048,
                        3302
                    ]
                ],
                "interior": []
            }
        },
        {
            "id": 972023325,
            "classId": 10214732,
            "description": "",
            "geometryType": "rectangle",
            "labelerLogin": "Yalda2HITL",
            "createdAt": "2022-07-18T14:30:14.944Z",
            "updatedAt": "2022-07-18T14:30:14.944Z",
            "tags": [],
            "classTitle": "Body text",
            "points": {
                "exterior": [
                    [
                        1814,
                        3233
                    ],
                    [
                        2027,
                        3271
                    ]
                ],
                "interior": []
            }
        }
    ]
}