{
    "description": "",
    "tags": [],
    "size": {
        "height": 1424,
        "width": 720
    },
    "objects": [
        {
            "id": 972023330,
            "classId": 10214730,
            "description": "",
            "geometryType": "polygon",
            "labelerLogin": "Yalda2HITL",
            "createdAt": "2022-07-18T14:30:14.944Z",
            "updatedAt": "2022-07-18T14:30:14.944Z",
            "tags": [],
            "classTitle": "Page",
            "points": {
                "exterior": [
                    [
                        215,
                        1
                    ],
                    [
                        313,
                        67
                    ],
                    [
                        465,
                        168
                    ],
                    [
                        580,
                        247
                    ],
                    [
                        554,
                        447
                    ],
                    [
                        533,
                        637
                    ],
                    [
                        508,
                        855
                    ],
                    [
                        500,
                        924
                    ],
                    [
                        270,
                        851
                    ],
                    [
                        47,
                        786
                    ],
                    [
                        0,
                        771
                    ],
                    [
                        4,
                        419
                    ],
                    [
                        48,
                        280
                    ],
                    [
                        72,
                        209
                    ],
                    [
                        143,
                        0
                    ]
                ],
                "interior": []
            }
        },
        {
            "id": 972023326,
            "classId": 10214732,
            "description": "",
            "geometryType": "rectangle",
            "labelerLogin": "Yalda2HITL",
            "createdAt": "2022-07-18T14:30:14.944Z",
            "updatedAt": "2022-07-18T14:30:14.944Z",
            "tags": [],
            "classTitle": "Body text",
            "points": {
                "exterior": [
                    [
                        227,
                        183
                    ],
                    [
                        268,
                        209
                    ]
                ],
                "interior": []
            }
        },
        {
            "id": 972023329,
            "classId": 10214731,
            "description": "",
            "geometryType": "rectangle",
            "labelerLogin": "Yalda2HITL",
            "createdAt": "2022-07-18T14:30:14.944Z",
            "updatedAt": "2022-07-18T14:30:14.944Z",
            "tags": [
                {
                    "id": 151024167,
                    "tagId": 30308107,
                    "name": "Transcription",
                    "value": "\u0627\u0644\u0632\u0639\u0641\u0631\u0627\u0646\u0629",
                    "labelerLogin": "Yalda2HITL",
                    "createdAt": "2022-07-18T14:30:14.944Z",
                    "updatedAt": "2022-07-18T14:30:14.944Z"
                }
            ],
            "classTitle": "Title",
            "points": {
                "exterior": [
                    [
                        119,
                        465
                    ],
                    [
                        502,
                        720
                    ]
                ],
                "interior": []
            }
        },
        {
            "id": 972023333,
            "classId": 10214732,
            "description": "",
            "geometryType": "rectangle",
            "labelerLogin": "Yalda2HITL",
            "createdAt": "2022-07-18T14:30:14.944Z",
            "updatedAt": "2022-07-18T14:30:14.944Z",
            "tags": [],
            "classTitle": "Body text",
            "points": {
                "exterior": [
                    [
                        258,
                        474
                    ],
                    [
                        434,
                        573
                    ]
                ],
                "interior": []
            }
        },
        {
            "id": 972023332,
            "classId": 10214732,
            "description": "",
            "geometryType": "rectangle",
            "labelerLogin": "Yalda2HITL",
            "createdAt": "2022-07-18T14:30:14.944Z",
            "updatedAt": "2022-07-18T14:30:14.944Z",
            "tags": [],
            "classTitle": "Body text",
            "points": {
                "exterior": [
                    [
                        42,
                        648
                    ],
                    [
                        97,
                        675
                    ]
                ],
                "interior": []
            }
        },
        {
            "id": 972023331,
            "classId": 10214732,
            "description": "",
            "geometryType": "rectangle",
            "labelerLogin": "Yalda2HITL",
            "createdAt": "2022-07-18T14:30:14.944Z",
            "updatedAt": "2022-07-18T14:30:14.944Z",
            "tags": [],
            "classTitle": "Body text",
            "points": {
                "exterior": [
                    [
                        99,
                        631
                    ],
                    [
                        486,
                        803
                    ]
                ],
                "interior": []
            }
        }
    ]
}