{
    "description": "",
    "tags": [],
    "size": {
        "height": 3264,
        "width": 2448
    },
    "objects": [
        {
            "id": 972023328,
            "classId": 10214730,
            "description": "",
            "geometryType": "polygon",
            "labelerLogin": "Yalda2HITL",
            "createdAt": "2022-07-18T14:30:14.944Z",
            "updatedAt": "2022-07-18T14:30:14.944Z",
            "tags": [],
            "classTitle": "Page",
            "points": {
                "exterior": [
                    [
                        376,
                        509
                    ],
                    [
                        1082,
                        519
                    ],
                    [
                        2048,
                        531
                    ],
                    [
                        2033,
                        1090
                    ],
                    [
                        2006,
                        1781
                    ],
                    [
                        1976,
                        2626
                    ],
                    [
                        540,
                        2752
                    ],
                    [
                        466,
                        1903
                    ],
                    [
                        401,
                        1140
                    ],
                    [
                        360,
                        541
                    ]
                ],
                "interior": []
            }
        },
        {
            "id": 972023348,
            "classId": 10214731,
            "description": "",
            "geometryType": "rectangle",
            "labelerLogin": "Yalda2HITL",
            "createdAt": "2022-07-18T14:30:14.944Z",
            "updatedAt": "2022-07-18T14:30:14.944Z",
            "tags": [
                {
                    "id": 151024169,
                    "tagId": 30308107,
                    "name": "Transcription",
                    "value": "\u0646\u0648\u0631 \u0627\u0644\u0625\u064a\u0645\u0627\u0646",
                    "labelerLogin": "Yalda2HITL",
                    "createdAt": "2022-07-18T14:30:14.944Z",
                    "updatedAt": "2022-07-18T14:30:14.944Z"
                }
            ],
            "classTitle": "Title",
            "points": {
                "exterior": [
                    [
                        521,
                        969
                    ],
                    [
                        1770,
                        1547
                    ]
                ],
                "interior": []
            }
        },
        {
            "id": 972023355,
            "classId": 10214732,
            "description": "",
            "geometryType": "rectangle",
            "labelerLogin": "Yalda2HITL",
            "createdAt": "2022-07-18T14:30:14.944Z",
            "updatedAt": "2022-07-18T14:30:14.944Z",
            "tags": [],
            "classTitle": "Body text",
            "points": {
                "exterior": [
                    [
                        589,
                        1624
                    ],
                    [
                        1662,
                        1728
                    ]
                ],
                "interior": []
            }
        },
        {
            "id": 972023352,
            "classId": 10214732,
            "description": "",
            "geometryType": "rectangle",
            "labelerLogin": "Yalda2HITL",
            "createdAt": "2022-07-18T14:30:14.944Z",
            "updatedAt": "2022-07-18T14:30:14.944Z",
            "tags": [],
            "classTitle": "Body text",
            "points": {
                "exterior": [
                    [
                        1451,
                        2179
                    ],
                    [
                        1854,
                        2242
                    ]
                ],
                "interior": []
            }
        },
        {
            "id": 972023353,
            "classId": 10214732,
            "description": "",
            "geometryType": "rectangle",
            "labelerLogin": "Yalda2HITL",
            "createdAt": "2022-07-18T14:30:14.944Z",
            "updatedAt": "2022-07-18T14:30:14.944Z",
            "tags": [],
            "classTitle": "Body text",
            "points": {
                "exterior": [
                    [
                        1471,
                        2250
                    ],
                    [
                        1845,
                        2324
                    ]
                ],
                "interior": []
            }
        }
    ]
}