{
    "description": "",
    "tags": [],
    "size": {
        "height": 4160,
        "width": 3120
    },
    "objects": [
        {
            "id": 972011947,
            "classId": 10214730,
            "description": "",
            "geometryType": "polygon",
            "labelerLogin": "Yalda2HITL",
            "createdAt": "2022-07-18T14:22:11.101Z",
            "updatedAt": "2022-07-18T14:22:11.101Z",
            "tags": [],
            "classTitle": "Page",
            "points": {
                "exterior": [
                    [
                        784,
                        768
                    ],
                    [
                        823,
                        756
                    ],
                    [
                        914,
                        730
                    ],
                    [
                        1016,
                        699
                    ],
                    [
                        1109,
                        676
                    ],
                    [
                        1195,
                        652
                    ],
                    [
                        1375,
                        603
                    ],
                    [
                        1542,
                        553
                    ],
                    [
                        1845,
                        463
                    ],
                    [
                        2127,
                        372
                    ],
                    [
                        2468,
                        257
                    ],
                    [
                        2488,
                        249
                    ],
                    [
                        2513,
                        237
                    ],
                    [
                        2530,
                        230
                    ],
                    [
                        2635,
                        192
                    ],
                    [
                        2649,
                        184
                    ],
                    [
                        2670,
                        185
                    ],
                    [
                        2680,
                        196
                    ],
                    [
                        2693,
                        211
                    ],
                    [
                        2706,
                        226
                    ],
                    [
                        2717,
                        247
                    ],
                    [
                        2737,
                        277
                    ],
                    [
                        2733,
                        297
                    ],
                    [
                        2733,
                        326
                    ],
                    [
                        2735,
                        355
                    ],
                    [
                        2738,
                        375
                    ],
                    [
                        2737,
                        392
                    ],
                    [
                        2737,
                        404
                    ],
                    [
                        2760,
                        947
                    ],
                    [
                        2770,
                        1366
                    ],
                    [
                        2780,
                        1812
                    ],
                    [
                        2794,
                        2271
                    ],
                    [
                        2805,
                        2746
                    ],
                    [
                        2819,
                        3206
                    ],
                    [
                        2825,
                        3662
                    ],
                    [
                        2833,
                        3994
                    ],
                    [
                        2825,
                        4004
                    ],
                    [
                        2815,
                        4019
                    ],
                    [
                        2812,
                        4031
                    ],
                    [
                        2802,
                        4042
                    ],
                    [
                        2796,
                        4051
                    ],
                    [
                        2788,
                        4056
                    ],
                    [
                        2788,
                        4061
                    ],
                    [
                        2788,
                        4067
                    ],
                    [
                        2781,
                        4073
                    ],
                    [
                        2771,
                        4073
                    ],
                    [
                        2760,
                        4074
                    ],
                    [
                        2706,
                        4067
                    ],
                    [
                        2693,
                        4063
                    ],
                    [
                        2678,
                        4059
                    ],
                    [
                        2664,
                        4055
                    ],
                    [
                        2650,
                        4050
                    ],
                    [
                        2640,
                        4047
                    ],
                    [
                        2624,
                        4043
                    ],
                    [
                        2614,
                        4040
                    ],
                    [
                        2603,
                        4038
                    ],
                    [
                        2590,
                        4036
                    ],
                    [
                        2577,
                        4034
                    ],
                    [
                        2558,
                        4029
                    ],
                    [
                        2542,
                        4027
                    ],
                    [
                        2524,
                        4023
                    ],
                    [
                        2333,
                        3987
                    ],
                    [
                        2154,
                        3953
                    ],
                    [
                        2000,
                        3927
                    ],
                    [
                        1629,
                        3860
                    ],
                    [
                        1304,
                        3805
                    ],
                    [
                        1096,
                        3771
                    ],
                    [
                        833,
                        3726
                    ],
                    [
                        502,
                        3668
                    ],
                    [
                        501,
                        3649
                    ],
                    [
                        563,
                        3037
                    ],
                    [
                        594,
                        2760
                    ],
                    [
                        618,
                        2533
                    ],
                    [
                        783,
                        778
                    ]
                ],
                "interior": []
            }
        },
        {
            "id": 972011950,
            "classId": 10214732,
            "description": "",
            "geometryType": "rectangle",
            "labelerLogin": "Yalda2HITL",
            "createdAt": "2022-07-18T14:22:11.101Z",
            "updatedAt": "2022-07-18T14:22:11.101Z",
            "tags": [],
            "classTitle": "Body text",
            "points": {
                "exterior": [
                    [
                        1225,
                        660
                    ],
                    [
                        2018,
                        939
                    ]
                ],
                "interior": []
            }
        },
        {
            "id": 972011943,
            "classId": 10214731,
            "description": "",
            "geometryType": "rectangle",
            "labelerLogin": "Yalda2HITL",
            "createdAt": "2022-07-18T14:22:11.101Z",
            "updatedAt": "2022-07-18T14:22:11.101Z",
            "tags": [
                {
                    "id": 151023013,
                    "tagId": 30308107,
                    "name": "Transcription",
                    "value": "\u0627\u0644\u0623\u062e\u0644\u0627\u0642",
                    "labelerLogin": "Yalda2HITL",
                    "createdAt": "2022-07-18T14:22:11.101Z",
                    "updatedAt": "2022-07-18T14:22:11.101Z"
                }
            ],
            "classTitle": "Title",
            "points": {
                "exterior": [
                    [
                        1028,
                        1025
                    ],
                    [
                        2144,
                        1507
                    ]
                ],
                "interior": []
            }
        },
        {
            "id": 972011946,
            "classId": 10214732,
            "description": "",
            "geometryType": "rectangle",
            "labelerLogin": "Yalda2HITL",
            "createdAt": "2022-07-18T14:22:11.101Z",
            "updatedAt": "2022-07-18T14:22:11.101Z",
            "tags": [],
            "classTitle": "Body text",
            "points": {
                "exterior": [
                    [
                        1068,
                        1464
                    ],
                    [
                        2158,
                        1781
                    ]
                ],
                "interior": []
            }
        },
        {
            "id": 972011945,
            "classId": 10214732,
            "description": "",
            "geometryType": "rectangle",
            "labelerLogin": "Yalda2HITL",
            "createdAt": "2022-07-18T14:22:11.101Z",
            "updatedAt": "2022-07-18T14:22:11.101Z",
            "tags": [],
            "classTitle": "Body text",
            "points": {
                "exterior": [
                    [
                        1242,
                        3492
                    ],
                    [
                        1733,
                        3599
                    ]
                ],
                "interior": []
            }
        },
        {
            "id": 972011942,
            "classId": 10214732,
            "description": "",
            "geometryType": "rectangle",
            "labelerLogin": "Yalda2HITL",
            "createdAt": "2022-07-18T14:22:11.101Z",
            "updatedAt": "2022-07-18T14:22:11.101Z",
            "tags": [],
            "classTitle": "Body text",
            "points": {
                "exterior": [
                    [
                        1239,
                        3546
                    ],
                    [
                        1730,
                        3649
                    ]
                ],
                "interior": []
            }
        },
        {
            "id": 972011944,
            "classId": 10214732,
            "description": "",
            "geometryType": "rectangle",
            "labelerLogin": "Yalda2HITL",
            "createdAt": "2022-07-18T14:22:11.101Z",
            "updatedAt": "2022-07-18T14:22:11.101Z",
            "tags": [],
            "classTitle": "Body text",
            "points": {
                "exterior": [
                    [
                        2719,
                        628
                    ],
                    [
                        2762,
                        1240
                    ]
                ],
                "interior": []
            }
        },
        {
            "id": 972011949,
            "classId": 10214732,
            "description": "",
            "geometryType": "rectangle",
            "labelerLogin": "Yalda2HITL",
            "createdAt": "2022-07-18T14:22:11.101Z",
            "updatedAt": "2022-07-18T14:22:11.101Z",
            "tags": [],
            "classTitle": "Body text",
            "points": {
                "exterior": [
                    [
                        2728,
                        1565
                    ],
                    [
                        2807,
                        2701
                    ]
                ],
                "interior": []
            }
        },
        {
            "id": 972011948,
            "classId": 10214732,
            "description": "",
            "geometryType": "rectangle",
            "labelerLogin": "Yalda2HITL",
            "createdAt": "2022-07-18T14:22:11.101Z",
            "updatedAt": "2022-07-18T14:22:11.101Z",
            "tags": [],
            "classTitle": "Body text",
            "points": {
                "exterior": [
                    [
                        2791,
                        3194
                    ],
                    [
                        2821,
                        3792
                    ]
                ],
                "interior": []
            }
        },
        {
            "id": 972011941,
            "classId": 10214730,
            "description": "",
            "geometryType": "polygon",
            "labelerLogin": "Yalda2HITL",
            "createdAt": "2022-07-18T14:22:11.101Z",
            "updatedAt": "2022-07-18T14:22:11.101Z",
            "tags": [],
            "classTitle": "Page",
            "points": {
                "exterior": [
                    [
                        787,
                        771
                    ],
                    [
                        816,
                        758
                    ],
                    [
                        856,
                        749
                    ],
                    [
                        886,
                        739
                    ],
                    [
                        932,
                        722
                    ],
                    [
                        1144,
                        661
                    ],
                    [
                        1301,
                        623
                    ],
                    [
                        1412,
                        592
                    ],
                    [
                        1555,
                        550
                    ],
                    [
                        1784,
                        480
                    ],
                    [
                        2052,
                        395
                    ],
                    [
                        2230,
                        339
                    ],
                    [
                        2331,
                        303
                    ],
                    [
                        2441,
                        266
                    ],
                    [
                        2630,
                        194
                    ],
                    [
                        2646,
                        187
                    ],
                    [
                        2665,
                        183
                    ],
                    [
                        2681,
                        193
                    ],
                    [
                        2696,
                        218
                    ],
                    [
                        2702,
                        224
                    ],
                    [
                        2705,
                        229
                    ],
                    [
                        2710,
                        231
                    ],
                    [
                        2713,
                        237
                    ],
                    [
                        2716,
                        243
                    ],
                    [
                        2753,
                        306
                    ],
                    [
                        2758,
                        313
                    ],
                    [
                        2762,
                        321
                    ],
                    [
                        2762,
                        334
                    ],
                    [
                        2762,
                        341
                    ]
                ],
                "interior": []
            }
        }
    ]
}