{
    "description": "",
    "tags": [],
    "size": {
        "height": 825,
        "width": 1080
    },
    "objects": [
        {
            "id": 972021049,
            "classId": 10214730,
            "description": "",
            "geometryType": "polygon",
            "labelerLogin": "Yalda2HITL",
            "createdAt": "2022-07-18T14:27:43.797Z",
            "updatedAt": "2022-07-18T14:27:43.797Z",
            "tags": [],
            "classTitle": "Page",
            "points": {
                "exterior": [
                    [
                        503,
                        0
                    ],
                    [
                        497,
                        272
                    ],
                    [
                        484,
                        668
                    ],
                    [
                        481,
                        781
                    ],
                    [
                        480,
                        810
                    ],
                    [
                        479,
                        818
                    ],
                    [
                        484,
                        819
                    ],
                    [
                        487,
                        818
                    ],
                    [
                        521,
                        819
                    ],
                    [
                        606,
                        821
                    ],
                    [
                        677,
                        822
                    ],
                    [
                        777,
                        824
                    ],
                    [
                        842,
                        824
                    ],
                    [
                        881,
                        824
                    ],
                    [
                        937,
                        824
                    ],
                    [
                        1006,
                        824
                    ],
                    [
                        1038,
                        822
                    ],
                    [
                        1043,
                        822
                    ],
                    [
                        1044,
                        789
                    ],
                    [
                        1043,
                        757
                    ],
                    [
                        1044,
                        629
                    ],
                    [
                        1045,
                        262
                    ],
                    [
                        1046,
                        19
                    ],
                    [
                        1034,
                        18
                    ],
                    [
                        1020,
                        17
                    ],
                    [
                        728,
                        7
                    ]
                ],
                "interior": []
            }
        },
        {
            "id": 972021048,
            "classId": 10214731,
            "description": "",
            "geometryType": "rectangle",
            "labelerLogin": "Yalda2HITL",
            "createdAt": "2022-07-18T14:27:43.797Z",
            "updatedAt": "2022-07-18T14:27:43.797Z",
            "tags": [
                {
                    "id": 151023764,
                    "tagId": 30308107,
                    "name": "Transcription",
                    "value": "\u0641\u064a \u0642\u064e\u0644\u0628\u064a \u0623\u0646\u062b\u0649 \u0639\u0650\u0628\u0652\u0631\u064a\u0651\u0629",
                    "labelerLogin": "Yalda2HITL",
                    "createdAt": "2022-07-18T14:27:43.798Z",
                    "updatedAt": "2022-07-18T14:27:43.798Z"
                }
            ],
            "classTitle": "Title",
            "points": {
                "exterior": [
                    [
                        552,
                        144
                    ],
                    [
                        978,
                        217
                    ]
                ],
                "interior": []
            }
        },
        {
            "id": 972021047,
            "classId": 10214732,
            "description": "",
            "geometryType": "rectangle",
            "labelerLogin": "Yalda2HITL",
            "createdAt": "2022-07-18T14:27:43.797Z",
            "updatedAt": "2022-07-18T14:27:43.797Z",
            "tags": [],
            "classTitle": "Body text",
            "points": {
                "exterior": [
                    [
                        690,
                        89
                    ],
                    [
                        844,
                        121
                    ]
                ],
                "interior": []
            }
        },
        {
            "id": 972021046,
            "classId": 10214732,
            "description": "",
            "geometryType": "rectangle",
            "labelerLogin": "Yalda2HITL",
            "createdAt": "2022-07-18T14:27:43.797Z",
            "updatedAt": "2022-07-18T14:27:43.797Z",
            "tags": [],
            "classTitle": "Body text",
            "points": {
                "exterior": [
                    [
                        729,
                        344
                    ],
                    [
                        785,
                        373
                    ]
                ],
                "interior": []
            }
        },
        {
            "id": 972021045,
            "classId": 10214732,
            "description": "",
            "geometryType": "rectangle",
            "labelerLogin": "Yalda2HITL",
            "createdAt": "2022-07-18T14:27:43.797Z",
            "updatedAt": "2022-07-18T14:27:43.797Z",
            "tags": [],
            "classTitle": "Body text",
            "points": {
                "exterior": [
                    [
                        730,
                        729
                    ],
                    [
                        778,
                        781
                    ]
                ],
                "interior": []
            }
        }
    ]
}