{
    "description": "",
    "tags": [],
    "size": {
        "height": 4160,
        "width": 3120
    },
    "objects": [
        {
            "id": 972012045,
            "classId": 10214730,
            "description": "",
            "geometryType": "polygon",
            "labelerLogin": "Yalda2HITL",
            "createdAt": "2022-07-18T14:22:11.101Z",
            "updatedAt": "2022-07-18T14:22:11.101Z",
            "tags": [],
            "classTitle": "Page",
            "points": {
                "exterior": [
                    [
                        196,
                        567
                    ],
                    [
                        194,
                        533
                    ],
                    [
                        194,
                        504
                    ],
                    [
                        204,
                        473
                    ],
                    [
                        225,
                        454
                    ],
                    [
                        262,
                        448
                    ],
                    [
                        1094,
                        471
                    ],
                    [
                        1470,
                        487
                    ],
                    [
                        2101,
                        510
                    ],
                    [
                        2898,
                        533
                    ],
                    [
                        2920,
                        543
                    ],
                    [
                        2937,
                        549
                    ],
                    [
                        2933,
                        580
                    ],
                    [
                        2935,
                        607
                    ],
                    [
                        2928,
                        648
                    ],
                    [
                        2924,
                        785
                    ],
                    [
                        2914,
                        925
                    ],
                    [
                        2903,
                        1084
                    ],
                    [
                        2889,
                        1235
                    ],
                    [
                        2873,
                        1391
                    ],
                    [
                        2830,
                        1833
                    ],
                    [
                        2801,
                        2116
                    ],
                    [
                        2776,
                        2379
                    ],
                    [
                        2750,
                        2642
                    ],
                    [
                        2729,
                        2895
                    ],
                    [
                        2696,
                        3255
                    ],
                    [
                        2672,
                        3485
                    ],
                    [
                        2640,
                        3762
                    ],
                    [
                        2370,
                        3778
                    ],
                    [
                        1464,
                        3809
                    ],
                    [
                        426,
                        3852
                    ],
                    [
                        396,
                        3518
                    ],
                    [
                        363,
                        3081
                    ],
                    [
                        269,
                        1728
                    ],
                    [
                        225,
                        1076
                    ]
                ],
                "interior": []
            }
        },
        {
            "id": 972012052,
            "classId": 10214732,
            "description": "",
            "geometryType": "rectangle",
            "labelerLogin": "Yalda2HITL",
            "createdAt": "2022-07-18T14:22:11.101Z",
            "updatedAt": "2022-07-18T14:22:11.101Z",
            "tags": [],
            "classTitle": "Body text",
            "points": {
                "exterior": [
                    [
                        1779,
                        740
                    ],
                    [
                        2393,
                        889
                    ]
                ],
                "interior": []
            }
        },
        {
            "id": 972012043,
            "classId": 10214731,
            "description": "",
            "geometryType": "rectangle",
            "labelerLogin": "Yalda2HITL",
            "createdAt": "2022-07-18T14:22:11.101Z",
            "updatedAt": "2022-07-18T14:22:11.101Z",
            "tags": [
                {
                    "id": 151023026,
                    "tagId": 30308107,
                    "name": "Transcription",
                    "value": "\u0633\u0641\u0631\u0629",
                    "labelerLogin": "Yalda2HITL",
                    "createdAt": "2022-07-18T14:22:11.101Z",
                    "updatedAt": "2022-07-18T14:22:11.101Z"
                }
            ],
            "classTitle": "Title",
            "points": {
                "exterior": [
                    [
                        1662,
                        1068
                    ],
                    [
                        2509,
                        1472
                    ]
                ],
                "interior": []
            }
        },
        {
            "id": 972012056,
            "classId": 10214732,
            "description": "",
            "geometryType": "rectangle",
            "labelerLogin": "Yalda2HITL",
            "createdAt": "2022-07-18T14:22:11.101Z",
            "updatedAt": "2022-07-18T14:22:11.101Z",
            "tags": [],
            "classTitle": "Body text",
            "points": {
                "exterior": [
                    [
                        1858,
                        1517
                    ],
                    [
                        2278,
                        1657
                    ]
                ],
                "interior": []
            }
        },
        {
            "id": 972012044,
            "classId": 10214732,
            "description": "",
            "geometryType": "rectangle",
            "labelerLogin": "Yalda2HITL",
            "createdAt": "2022-07-18T14:22:11.101Z",
            "updatedAt": "2022-07-18T14:22:11.101Z",
            "tags": [],
            "classTitle": "Body text",
            "points": {
                "exterior": [
                    [
                        1551,
                        1727
                    ],
                    [
                        2549,
                        2052
                    ]
                ],
                "interior": []
            }
        },
        {
            "id": 972012049,
            "classId": 10214732,
            "description": "",
            "geometryType": "rectangle",
            "labelerLogin": "Yalda2HITL",
            "createdAt": "2022-07-18T14:22:11.101Z",
            "updatedAt": "2022-07-18T14:22:11.101Z",
            "tags": [],
            "classTitle": "Body text",
            "points": {
                "exterior": [
                    [
                        2085,
                        2582
                    ],
                    [
                        2208,
                        2632
                    ]
                ],
                "interior": []
            }
        },
        {
            "id": 972012055,
            "classId": 10214732,
            "description": "",
            "geometryType": "rectangle",
            "labelerLogin": "Yalda2HITL",
            "createdAt": "2022-07-18T14:22:11.101Z",
            "updatedAt": "2022-07-18T14:22:11.101Z",
            "tags": [],
            "classTitle": "Body text",
            "points": {
                "exterior": [
                    [
                        1777,
                        2871
                    ],
                    [
                        2229,
                        3030
                    ]
                ],
                "interior": []
            }
        },
        {
            "id": 972012053,
            "classId": 10214732,
            "description": "",
            "geometryType": "rectangle",
            "labelerLogin": "Yalda2HITL",
            "createdAt": "2022-07-18T14:22:11.101Z",
            "updatedAt": "2022-07-18T14:22:11.101Z",
            "tags": [],
            "classTitle": "Body text",
            "points": {
                "exterior": [
                    [
                        1545,
                        3068
                    ],
                    [
                        2443,
                        3238
                    ]
                ],
                "interior": []
            }
        },
        {
            "id": 972012048,
            "classId": 10214732,
            "description": "",
            "geometryType": "rectangle",
            "labelerLogin": "Yalda2HITL",
            "createdAt": "2022-07-18T14:22:11.101Z",
            "updatedAt": "2022-07-18T14:22:11.101Z",
            "tags": [],
            "classTitle": "Body text",
            "points": {
                "exterior": [
                    [
                        1895,
                        3287
                    ],
                    [
                        2076,
                        3398
                    ]
                ],
                "interior": []
            }
        },
        {
            "id": 972012050,
            "classId": 10214732,
            "description": "",
            "geometryType": "rectangle",
            "labelerLogin": "Yalda2HITL",
            "createdAt": "2022-07-18T14:22:11.101Z",
            "updatedAt": "2022-07-18T14:22:11.101Z",
            "tags": [],
            "classTitle": "Body text",
            "points": {
                "exterior": [
                    [
                        1530,
                        3456
                    ],
                    [
                        2416,
                        3632
                    ]
                ],
                "interior": []
            }
        }
    ]
}