{
    "description": "",
    "tags": [],
    "size": {
        "height": 4160,
        "width": 3120
    },
    "objects": [
        {
            "id": 972011846,
            "classId": 10214730,
            "description": "",
            "geometryType": "polygon",
            "labelerLogin": "Yalda2HITL",
            "createdAt": "2022-07-18T14:22:11.101Z",
            "updatedAt": "2022-07-18T14:22:11.101Z",
            "tags": [],
            "classTitle": "Page",
            "points": {
                "exterior": [
                    [
                        250,
                        262
                    ],
                    [
                        300,
                        263
                    ],
                    [
                        1118,
                        257
                    ],
                    [
                        1850,
                        263
                    ],
                    [
                        2477,
                        269
                    ],
                    [
                        2505,
                        271
                    ],
                    [
                        2540,
                        272
                    ],
                    [
                        2563,
                        275
                    ],
                    [
                        2588,
                        272
                    ],
                    [
                        2610,
                        273
                    ],
                    [
                        2626,
                        278
                    ],
                    [
                        2654,
                        1187
                    ],
                    [
                        2667,
                        1844
                    ],
                    [
                        2714,
                        3946
                    ],
                    [
                        2707,
                        3950
                    ],
                    [
                        2700,
                        3952
                    ],
                    [
                        2690,
                        3953
                    ],
                    [
                        2681,
                        3954
                    ],
                    [
                        2241,
                        3967
                    ],
                    [
                        1810,
                        3978
                    ],
                    [
                        914,
                        3999
                    ],
                    [
                        295,
                        4006
                    ],
                    [
                        259,
                        4007
                    ],
                    [
                        243,
                        4005
                    ],
                    [
                        232,
                        4004
                    ],
                    [
                        224,
                        4005
                    ],
                    [
                        210,
                        4002
                    ],
                    [
                        200,
                        4001
                    ],
                    [
                        194,
                        3994
                    ],
                    [
                        193,
                        3832
                    ],
                    [
                        192,
                        3524
                    ],
                    [
                        196,
                        3142
                    ],
                    [
                        200,
                        2746
                    ],
                    [
                        207,
                        2312
                    ],
                    [
                        227,
                        970
                    ],
                    [
                        239,
                        483
                    ],
                    [
                        245,
                        272
                    ]
                ],
                "interior": []
            }
        },
        {
            "id": 972011824,
            "classId": 10214732,
            "description": "",
            "geometryType": "rectangle",
            "labelerLogin": "Yalda2HITL",
            "createdAt": "2022-07-18T14:22:11.101Z",
            "updatedAt": "2022-07-18T14:22:11.101Z",
            "tags": [],
            "classTitle": "Body text",
            "points": {
                "exterior": [
                    [
                        814,
                        350
                    ],
                    [
                        2024,
                        558
                    ]
                ],
                "interior": []
            }
        },
        {
            "id": 972011845,
            "classId": 10214731,
            "description": "",
            "geometryType": "rectangle",
            "labelerLogin": "Yalda2HITL",
            "createdAt": "2022-07-18T14:22:11.101Z",
            "updatedAt": "2022-07-18T14:22:11.101Z",
            "tags": [
                {
                    "id": 151022992,
                    "tagId": 30308107,
                    "name": "Transcription",
                    "value": "\u0627\u0644\u0642\u0648\u0629",
                    "labelerLogin": "Yalda2HITL",
                    "createdAt": "2022-07-18T14:22:11.101Z",
                    "updatedAt": "2022-07-18T14:22:11.101Z"
                }
            ],
            "classTitle": "Title",
            "points": {
                "exterior": [
                    [
                        1502,
                        835
                    ],
                    [
                        2458,
                        1275
                    ]
                ],
                "interior": []
            }
        },
        {
            "id": 972011848,
            "classId": 10214731,
            "description": "",
            "geometryType": "rectangle",
            "labelerLogin": "Yalda2HITL",
            "createdAt": "2022-07-18T14:22:11.101Z",
            "updatedAt": "2022-07-18T14:22:11.101Z",
            "tags": [
                {
                    "id": 151022993,
                    "tagId": 30308107,
                    "name": "Transcription",
                    "value": "\u0645\u0642\u0627\u0628\u0644",
                    "labelerLogin": "Yalda2HITL",
                    "createdAt": "2022-07-18T14:22:11.101Z",
                    "updatedAt": "2022-07-18T14:22:11.101Z"
                }
            ],
            "classTitle": "Title",
            "points": {
                "exterior": [
                    [
                        1875,
                        1307
                    ],
                    [
                        2453,
                        1522
                    ]
                ],
                "interior": []
            }
        },
        {
            "id": 972011827,
            "classId": 10214731,
            "description": "",
            "geometryType": "rectangle",
            "labelerLogin": "Yalda2HITL",
            "createdAt": "2022-07-18T14:22:11.101Z",
            "updatedAt": "2022-07-18T14:22:11.101Z",
            "tags": [
                {
                    "id": 151023030,
                    "tagId": 30308107,
                    "name": "Transcription",
                    "value": "\u0627\u0644\u0625\u0643\u0631\u0627\u0647",
                    "labelerLogin": "Yalda2HITL",
                    "createdAt": "2022-07-18T14:22:11.101Z",
                    "updatedAt": "2022-07-18T14:22:11.101Z"
                }
            ],
            "classTitle": "Title",
            "points": {
                "exterior": [
                    [
                        1529,
                        1548
                    ],
                    [
                        2466,
                        2095
                    ]
                ],
                "interior": []
            }
        },
        {
            "id": 972011842,
            "classId": 10214732,
            "description": "",
            "geometryType": "rectangle",
            "labelerLogin": "Yalda2HITL",
            "createdAt": "2022-07-18T14:22:11.101Z",
            "updatedAt": "2022-07-18T14:22:11.101Z",
            "tags": [],
            "classTitle": "Body text",
            "points": {
                "exterior": [
                    [
                        323,
                        2494
                    ],
                    [
                        1197,
                        2660
                    ]
                ],
                "interior": []
            }
        },
        {
            "id": 972011826,
            "classId": 10214732,
            "description": "",
            "geometryType": "rectangle",
            "labelerLogin": "Yalda2HITL",
            "createdAt": "2022-07-18T14:22:11.101Z",
            "updatedAt": "2022-07-18T14:22:11.101Z",
            "tags": [],
            "classTitle": "Body text",
            "points": {
                "exterior": [
                    [
                        336,
                        2669
                    ],
                    [
                        1457,
                        2851
                    ]
                ],
                "interior": []
            }
        },
        {
            "id": 972011844,
            "classId": 10214732,
            "description": "",
            "geometryType": "rectangle",
            "labelerLogin": "Yalda2HITL",
            "createdAt": "2022-07-18T14:22:11.101Z",
            "updatedAt": "2022-07-18T14:22:11.101Z",
            "tags": [],
            "classTitle": "Body text",
            "points": {
                "exterior": [
                    [
                        305,
                        3034
                    ],
                    [
                        1941,
                        3234
                    ]
                ],
                "interior": []
            }
        },
        {
            "id": 972011825,
            "classId": 10214732,
            "description": "",
            "geometryType": "rectangle",
            "labelerLogin": "Yalda2HITL",
            "createdAt": "2022-07-18T14:22:11.101Z",
            "updatedAt": "2022-07-18T14:22:11.101Z",
            "tags": [],
            "classTitle": "Body text",
            "points": {
                "exterior": [
                    [
                        342,
                        3253
                    ],
                    [
                        755,
                        3369
                    ]
                ],
                "interior": []
            }
        },
        {
            "id": 972011843,
            "classId": 10214732,
            "description": "",
            "geometryType": "rectangle",
            "labelerLogin": "Yalda2HITL",
            "createdAt": "2022-07-18T14:22:11.101Z",
            "updatedAt": "2022-07-18T14:22:11.101Z",
            "tags": [],
            "classTitle": "Body text",
            "points": {
                "exterior": [
                    [
                        1219,
                        3593
                    ],
                    [
                        1629,
                        3798
                    ]
                ],
                "interior": []
            }
        },
        {
            "id": 972011849,
            "classId": 10214732,
            "description": "",
            "geometryType": "rectangle",
            "labelerLogin": "Yalda2HITL",
            "createdAt": "2022-07-18T14:22:11.101Z",
            "updatedAt": "2022-07-18T14:22:11.101Z",
            "tags": [],
            "classTitle": "Body text",
            "points": {
                "exterior": [
                    [
                        1444,
                        3773
                    ],
                    [
                        1630,
                        3793
                    ]
                ],
                "interior": []
            }
        }
    ]
}