{
    "description": "",
    "tags": [],
    "size": {
        "height": 3120,
        "width": 4160
    },
    "objects": [
        {
            "id": 972012051,
            "classId": 10214730,
            "description": "",
            "geometryType": "polygon",
            "labelerLogin": "Yalda2HITL",
            "createdAt": "2022-07-18T14:22:11.101Z",
            "updatedAt": "2022-07-18T14:22:11.101Z",
            "tags": [],
            "classTitle": "Page",
            "points": {
                "exterior": [
                    [
                        557,
                        109
                    ],
                    [
                        744,
                        99
                    ],
                    [
                        1059,
                        86
                    ],
                    [
                        1385,
                        70
                    ],
                    [
                        1634,
                        59
                    ],
                    [
                        1898,
                        50
                    ],
                    [
                        2271,
                        26
                    ],
                    [
                        3074,
                        0
                    ],
                    [
                        3206,
                        3
                    ],
                    [
                        3239,
                        10
                    ],
                    [
                        3276,
                        7
                    ],
                    [
                        3307,
                        5
                    ],
                    [
                        3333,
                        10
                    ],
                    [
                        3347,
                        33
                    ],
                    [
                        3352,
                        64
                    ],
                    [
                        3352,
                        92
                    ],
                    [
                        3305,
                        601
                    ],
                    [
                        3242,
                        1135
                    ],
                    [
                        3197,
                        1543
                    ],
                    [
                        3151,
                        2008
                    ],
                    [
                        3111,
                        2516
                    ],
                    [
                        3111,
                        2617
                    ],
                    [
                        3065,
                        2990
                    ],
                    [
                        3042,
                        3120
                    ],
                    [
                        2558,
                        3116
                    ],
                    [
                        1760,
                        2943
                    ],
                    [
                        1231,
                        2829
                    ],
                    [
                        675,
                        2700
                    ],
                    [
                        595,
                        1064
                    ],
                    [
                        582,
                        815
                    ]
                ],
                "interior": []
            }
        },
        {
            "id": 972012064,
            "classId": 10214732,
            "description": "",
            "geometryType": "rectangle",
            "labelerLogin": "Yalda2HITL",
            "createdAt": "2022-07-18T14:22:11.101Z",
            "updatedAt": "2022-07-18T14:22:11.101Z",
            "tags": [],
            "classTitle": "Body text",
            "points": {
                "exterior": [
                    [
                        2327,
                        69
                    ],
                    [
                        2987,
                        151
                    ]
                ],
                "interior": []
            }
        },
        {
            "id": 972012054,
            "classId": 10214732,
            "description": "",
            "geometryType": "rectangle",
            "labelerLogin": "Yalda2HITL",
            "createdAt": "2022-07-18T14:22:11.101Z",
            "updatedAt": "2022-07-18T14:22:11.101Z",
            "tags": [],
            "classTitle": "Body text",
            "points": {
                "exterior": [
                    [
                        2322,
                        148
                    ],
                    [
                        2977,
                        200
                    ]
                ],
                "interior": []
            }
        },
        {
            "id": 972012060,
            "classId": 10214732,
            "description": "",
            "geometryType": "rectangle",
            "labelerLogin": "Yalda2HITL",
            "createdAt": "2022-07-18T14:22:11.101Z",
            "updatedAt": "2022-07-18T14:22:11.101Z",
            "tags": [],
            "classTitle": "Body text",
            "points": {
                "exterior": [
                    [
                        3022,
                        68
                    ],
                    [
                        3103,
                        151
                    ]
                ],
                "interior": []
            }
        },
        {
            "id": 972012061,
            "classId": 10214731,
            "description": "",
            "geometryType": "rectangle",
            "labelerLogin": "Yalda2HITL",
            "createdAt": "2022-07-18T14:22:11.101Z",
            "updatedAt": "2022-07-18T14:22:11.101Z",
            "tags": [
                {
                    "id": 151023028,
                    "tagId": 30308107,
                    "name": "Transcription",
                    "value": "\u0627\u0644\u0633\u0644\u0637\u0627\u062a",
                    "labelerLogin": "Yalda2HITL",
                    "createdAt": "2022-07-18T14:22:11.101Z",
                    "updatedAt": "2022-07-18T14:22:11.101Z"
                }
            ],
            "classTitle": "Title",
            "points": {
                "exterior": [
                    [
                        969,
                        386
                    ],
                    [
                        2584,
                        772
                    ]
                ],
                "interior": []
            }
        },
        {
            "id": 972012065,
            "classId": 10214732,
            "description": "",
            "geometryType": "rectangle",
            "labelerLogin": "Yalda2HITL",
            "createdAt": "2022-07-18T14:22:11.101Z",
            "updatedAt": "2022-07-18T14:22:11.101Z",
            "tags": [],
            "classTitle": "Body text",
            "points": {
                "exterior": [
                    [
                        1228,
                        797
                    ],
                    [
                        2250,
                        1129
                    ]
                ],
                "interior": []
            }
        },
        {
            "id": 972012067,
            "classId": 10214732,
            "description": "",
            "geometryType": "rectangle",
            "labelerLogin": "Yalda2HITL",
            "createdAt": "2022-07-18T14:22:11.101Z",
            "updatedAt": "2022-07-18T14:22:11.101Z",
            "tags": [],
            "classTitle": "Body text",
            "points": {
                "exterior": [
                    [
                        818,
                        2476
                    ],
                    [
                        2690,
                        2928
                    ]
                ],
                "interior": []
            }
        },
        {
            "id": 972012066,
            "classId": 10214732,
            "description": "",
            "geometryType": "rectangle",
            "labelerLogin": "Yalda2HITL",
            "createdAt": "2022-07-18T14:22:11.101Z",
            "updatedAt": "2022-07-18T14:22:11.101Z",
            "tags": [],
            "classTitle": "Body text",
            "points": {
                "exterior": [
                    [
                        3130,
                        1033
                    ],
                    [
                        3250,
                        2068
                    ]
                ],
                "interior": []
            }
        },
        {
            "id": 972012063,
            "classId": 10214732,
            "description": "",
            "geometryType": "rectangle",
            "labelerLogin": "Yalda2HITL",
            "createdAt": "2022-07-18T14:22:11.101Z",
            "updatedAt": "2022-07-18T14:22:11.101Z",
            "tags": [],
            "classTitle": "Body text",
            "points": {
                "exterior": [
                    [
                        3248,
                        408
                    ],
                    [
                        3320,
                        910
                    ]
                ],
                "interior": []
            }
        }
    ]
}