{
    "description": "",
    "tags": [],
    "size": {
        "height": 4160,
        "width": 3120
    },
    "objects": [
        {
            "id": 972012036,
            "classId": 10214730,
            "description": "",
            "geometryType": "polygon",
            "labelerLogin": "Yalda2HITL",
            "createdAt": "2022-07-18T14:22:11.101Z",
            "updatedAt": "2022-07-18T14:22:11.101Z",
            "tags": [],
            "classTitle": "Page",
            "points": {
                "exterior": [
                    [
                        639,
                        853
                    ],
                    [
                        676,
                        842
                    ],
                    [
                        712,
                        829
                    ],
                    [
                        745,
                        819
                    ],
                    [
                        791,
                        804
                    ],
                    [
                        827,
                        793
                    ],
                    [
                        854,
                        785
                    ],
                    [
                        887,
                        774
                    ],
                    [
                        912,
                        766
                    ],
                    [
                        937,
                        758
                    ],
                    [
                        979,
                        744
                    ],
                    [
                        1031,
                        726
                    ],
                    [
                        1068,
                        713
                    ],
                    [
                        1124,
                        690
                    ],
                    [
                        1161,
                        674
                    ],
                    [
                        1184,
                        665
                    ],
                    [
                        1213,
                        652
                    ],
                    [
                        1237,
                        643
                    ],
                    [
                        1263,
                        632
                    ],
                    [
                        1288,
                        622
                    ],
                    [
                        1318,
                        610
                    ],
                    [
                        1343,
                        598
                    ],
                    [
                        1379,
                        585
                    ],
                    [
                        1399,
                        577
                    ],
                    [
                        1423,
                        566
                    ],
                    [
                        1449,
                        554
                    ],
                    [
                        1465,
                        547
                    ],
                    [
                        1492,
                        534
                    ],
                    [
                        1524,
                        520
                    ],
                    [
                        1570,
                        499
                    ],
                    [
                        1602,
                        483
                    ],
                    [
                        1635,
                        468
                    ],
                    [
                        1665,
                        455
                    ],
                    [
                        1696,
                        440
                    ],
                    [
                        1734,
                        423
                    ],
                    [
                        1758,
                        409
                    ],
                    [
                        1787,
                        397
                    ],
                    [
                        1816,
                        383
                    ],
                    [
                        1837,
                        372
                    ],
                    [
                        1877,
                        353
                    ],
                    [
                        1905,
                        338
                    ],
                    [
                        1927,
                        325
                    ],
                    [
                        1960,
                        310
                    ],
                    [
                        1982,
                        300
                    ],
                    [
                        2004,
                        289
                    ],
                    [
                        2031,
                        276
                    ],
                    [
                        2049,
                        267
                    ],
                    [
                        2072,
                        253
                    ],
                    [
                        2116,
                        232
                    ],
                    [
                        2134,
                        222
                    ],
                    [
                        2157,
                        211
                    ],
                    [
                        2185,
                        197
                    ],
                    [
                        2220,
                        178
                    ],
                    [
                        2246,
                        165
                    ],
                    [
                        2261,
                        154
                    ],
                    [
                        2276,
                        142
                    ],
                    [
                        2296,
                        127
                    ],
                    [
                        2313,
                        115
                    ],
                    [
                        2626,
                        269
                    ],
                    [
                        2648,
                        288
                    ],
                    [
                        2666,
                        308
                    ],
                    [
                        2675,
                        326
                    ],
                    [
                        2692,
                        842
                    ],
                    [
                        2713,
                        1415
                    ],
                    [
                        2731,
                        2011
                    ],
                    [
                        2748,
                        2631
                    ],
                    [
                        2766,
                        3274
                    ],
                    [
                        2778,
                        3735
                    ],
                    [
                        2772,
                        3747
                    ],
                    [
                        2764,
                        3755
                    ],
                    [
                        2754,
                        3763
                    ],
                    [
                        2746,
                        3774
                    ],
                    [
                        2740,
                        3780
                    ],
                    [
                        2734,
                        3789
                    ],
                    [
                        2727,
                        3796
                    ],
                    [
                        2718,
                        3805
                    ],
                    [
                        2710,
                        3811
                    ],
                    [
                        2701,
                        3818
                    ],
                    [
                        2695,
                        3824
                    ],
                    [
                        2686,
                        3830
                    ],
                    [
                        2680,
                        3835
                    ],
                    [
                        2673,
                        3842
                    ],
                    [
                        2664,
                        3852
                    ],
                    [
                        2648,
                        3862
                    ],
                    [
                        2640,
                        3869
                    ],
                    [
                        2626,
                        3880
                    ],
                    [
                        2615,
                        3888
                    ],
                    [
                        2614,
                        3892
                    ],
                    [
                        2616,
                        3896
                    ],
                    [
                        2617,
                        3901
                    ],
                    [
                        2613,
                        3897
                    ],
                    [
                        2608,
                        3892
                    ],
                    [
                        2604,
                        3890
                    ],
                    [
                        2601,
                        3893
                    ],
                    [
                        2597,
                        3897
                    ],
                    [
                        2593,
                        3901
                    ],
                    [
                        2588,
                        3904
                    ],
                    [
                        2585,
                        3907
                    ],
                    [
                        2580,
                        3910
                    ],
                    [
                        2577,
                        3913
                    ],
                    [
                        2574,
                        3915
                    ],
                    [
                        2571,
                        3917
                    ],
                    [
                        2566,
                        3920
                    ],
                    [
                        2562,
                        3922
                    ],
                    [
                        2559,
                        3927
                    ],
                    [
                        2556,
                        3931
                    ],
                    [
                        2553,
                        3933
                    ],
                    [
                        2550,
                        3935
                    ],
                    [
                        2546,
                        3939
                    ],
                    [
                        2542,
                        3943
                    ],
                    [
                        2539,
                        3945
                    ],
                    [
                        2534,
                        3947
                    ],
                    [
                        2530,
                        3948
                    ],
                    [
                        2522,
                        3951
                    ],
                    [
                        2516,
                        3954
                    ],
                    [
                        2510,
                        3955
                    ],
                    [
                        2501,
                        3954
                    ],
                    [
                        2493,
                        3954
                    ],
                    [
                        2483,
                        3951
                    ],
                    [
                        2478,
                        3951
                    ],
                    [
                        2474,
                        3949
                    ],
                    [
                        2466,
                        3947
                    ],
                    [
                        2461,
                        3944
                    ],
                    [
                        2456,
                        3943
                    ],
                    [
                        2449,
                        3940
                    ],
                    [
                        2440,
                        3935
                    ],
                    [
                        2435,
                        3932
                    ],
                    [
                        2429,
                        3931
                    ],
                    [
                        2421,
                        3930
                    ],
                    [
                        2416,
                        3929
                    ],
                    [
                        2409,
                        3927
                    ],
                    [
                        2402,
                        3926
                    ],
                    [
                        2394,
                        3925
                    ],
                    [
                        2388,
                        3923
                    ],
                    [
                        2381,
                        3921
                    ],
                    [
                        2371,
                        3918
                    ],
                    [
                        2360,
                        3915
                    ],
                    [
                        2349,
                        3911
                    ],
                    [
                        2274,
                        3893
                    ],
                    [
                        2270,
                        3894
                    ],
                    [
                        2257,
                        3892
                    ],
                    [
                        2242,
                        3887
                    ],
                    [
                        2234,
                        3884
                    ],
                    [
                        2221,
                        3882
                    ],
                    [
                        2143,
                        3866
                    ],
                    [
                        2065,
                        3853
                    ],
                    [
                        1981,
                        3838
                    ],
                    [
                        1975,
                        3836
                    ],
                    [
                        1966,
                        3834
                    ],
                    [
                        1962,
                        3833
                    ],
                    [
                        1952,
                        3831
                    ],
                    [
                        1889,
                        3819
                    ],
                    [
                        1771,
                        3799
                    ],
                    [
                        1684,
                        3784
                    ],
                    [
                        1564,
                        3765
                    ],
                    [
                        1236,
                        3714
                    ],
                    [
                        1021,
                        3682
                    ],
                    [
                        839,
                        3655
                    ],
                    [
                        672,
                        3630
                    ],
                    [
                        508,
                        3607
                    ],
                    [
                        294,
                        3574
                    ],
                    [
                        289,
                        3574
                    ],
                    [
                        285,
                        3573
                    ],
                    [
                        278,
                        3572
                    ],
                    [
                        269,
                        3572
                    ],
                    [
                        262,
                        3571
                    ],
                    [
                        258,
                        3570
                    ],
                    [
                        253,
                        3568
                    ],
                    [
                        252,
                        3560
                    ],
                    [
                        255,
                        3554
                    ],
                    [
                        257,
                        3549
                    ],
                    [
                        258,
                        3544
                    ],
                    [
                        260,
                        3538
                    ],
                    [
                        265,
                        3530
                    ],
                    [
                        268,
                        3526
                    ],
                    [
                        268,
                        3520
                    ],
                    [
                        270,
                        3516
                    ],
                    [
                        272,
                        3509
                    ],
                    [
                        274,
                        3500
                    ],
                    [
                        275,
                        3495
                    ],
                    [
                        275,
                        3489
                    ],
                    [
                        276,
                        3483
                    ],
                    [
                        278,
                        3479
                    ],
                    [
                        281,
                        3474
                    ],
                    [
                        283,
                        3470
                    ],
                    [
                        284,
                        3462
                    ],
                    [
                        285,
                        3457
                    ],
                    [
                        287,
                        3453
                    ],
                    [
                        293,
                        3425
                    ],
                    [
                        299,
                        3392
                    ],
                    [
                        314,
                        3324
                    ],
                    [
                        328,
                        3266
                    ],
                    [
                        342,
                        3206
                    ],
                    [
                        359,
                        3130
                    ],
                    [
                        375,
                        3060
                    ],
                    [
                        394,
                        2974
                    ],
                    [
                        409,
                        2910
                    ],
                    [
                        425,
                        2837
                    ],
                    [
                        435,
                        2792
                    ],
                    [
                        450,
                        2717
                    ],
                    [
                        465,
                        2642
                    ],
                    [
                        480,
                        2568
                    ],
                    [
                        497,
                        2474
                    ],
                    [
                        509,
                        2407
                    ],
                    [
                        525,
                        2311
                    ],
                    [
                        536,
                        2239
                    ],
                    [
                        548,
                        2153
                    ],
                    [
                        560,
                        2073
                    ],
                    [
                        571,
                        1976
                    ],
                    [
                        582,
                        1887
                    ],
                    [
                        594,
                        1760
                    ],
                    [
                        602,
                        1670
                    ],
                    [
                        609,
                        1585
                    ],
                    [
                        617,
                        1491
                    ],
                    [
                        623,
                        1406
                    ],
                    [
                        629,
                        1311
                    ],
                    [
                        634,
                        1212
                    ],
                    [
                        636,
                        945
                    ],
                    [
                        637,
                        908
                    ],
                    [
                        639,
                        860
                    ]
                ],
                "interior": []
            }
        },
        {
            "id": 972012035,
            "classId": 10214732,
            "description": "",
            "geometryType": "rectangle",
            "labelerLogin": "Yalda2HITL",
            "createdAt": "2022-07-18T14:22:11.101Z",
            "updatedAt": "2022-07-18T14:22:11.101Z",
            "tags": [],
            "classTitle": "Body text",
            "points": {
                "exterior": [
                    [
                        1567,
                        376
                    ],
                    [
                        2034,
                        629
                    ]
                ],
                "interior": []
            }
        },
        {
            "id": 972012034,
            "classId": 10214732,
            "description": "",
            "geometryType": "rectangle",
            "labelerLogin": "Yalda2HITL",
            "createdAt": "2022-07-18T14:22:11.101Z",
            "updatedAt": "2022-07-18T14:22:11.101Z",
            "tags": [],
            "classTitle": "Body text",
            "points": {
                "exterior": [
                    [
                        1567,
                        450
                    ],
                    [
                        2035,
                        670
                    ]
                ],
                "interior": []
            }
        },
        {
            "id": 972012026,
            "classId": 10214732,
            "description": "",
            "geometryType": "rectangle",
            "labelerLogin": "Yalda2HITL",
            "createdAt": "2022-07-18T14:22:11.101Z",
            "updatedAt": "2022-07-18T14:22:11.101Z",
            "tags": [],
            "classTitle": "Body text",
            "points": {
                "exterior": [
                    [
                        1009,
                        816
                    ],
                    [
                        1834,
                        1135
                    ]
                ],
                "interior": []
            }
        },
        {
            "id": 972012037,
            "classId": 10214731,
            "description": "",
            "geometryType": "rectangle",
            "labelerLogin": "Yalda2HITL",
            "createdAt": "2022-07-18T14:22:11.101Z",
            "updatedAt": "2022-07-18T14:22:11.101Z",
            "tags": [
                {
                    "id": 151023024,
                    "tagId": 30308107,
                    "name": "Transcription",
                    "value": "\u0627\u0644\u0628\u062c\u0639\u0629 \u0627\u0644\u0633\u0648\u062f\u0627\u0621",
                    "labelerLogin": "Yalda2HITL",
                    "createdAt": "2022-07-18T14:22:11.101Z",
                    "updatedAt": "2022-07-18T14:22:11.101Z"
                }
            ],
            "classTitle": "Title",
            "points": {
                "exterior": [
                    [
                        755,
                        936
                    ],
                    [
                        2184,
                        1557
                    ]
                ],
                "interior": []
            }
        },
        {
            "id": 972012033,
            "classId": 10214732,
            "description": "",
            "geometryType": "rectangle",
            "labelerLogin": "Yalda2HITL",
            "createdAt": "2022-07-18T14:22:11.101Z",
            "updatedAt": "2022-07-18T14:22:11.101Z",
            "tags": [],
            "classTitle": "Body text",
            "points": {
                "exterior": [
                    [
                        1125,
                        2508
                    ],
                    [
                        1569,
                        2661
                    ]
                ],
                "interior": []
            }
        },
        {
            "id": 972012025,
            "classId": 10214732,
            "description": "",
            "geometryType": "rectangle",
            "labelerLogin": "Yalda2HITL",
            "createdAt": "2022-07-18T14:22:11.101Z",
            "updatedAt": "2022-07-18T14:22:11.101Z",
            "tags": [],
            "classTitle": "Body text",
            "points": {
                "exterior": [
                    [
                        829,
                        2700
                    ],
                    [
                        1977,
                        2885
                    ]
                ],
                "interior": []
            }
        },
        {
            "id": 972012024,
            "classId": 10214732,
            "description": "",
            "geometryType": "rectangle",
            "labelerLogin": "Yalda2HITL",
            "createdAt": "2022-07-18T14:22:11.101Z",
            "updatedAt": "2022-07-18T14:22:11.101Z",
            "tags": [],
            "classTitle": "Body text",
            "points": {
                "exterior": [
                    [
                        968,
                        3133
                    ],
                    [
                        1744,
                        3354
                    ]
                ],
                "interior": []
            }
        },
        {
            "id": 972012032,
            "classId": 10214732,
            "description": "",
            "geometryType": "rectangle",
            "labelerLogin": "Yalda2HITL",
            "createdAt": "2022-07-18T14:22:11.101Z",
            "updatedAt": "2022-07-18T14:22:11.101Z",
            "tags": [],
            "classTitle": "Body text",
            "points": {
                "exterior": [
                    [
                        2514,
                        569
                    ],
                    [
                        2569,
                        904
                    ]
                ],
                "interior": []
            }
        },
        {
            "id": 972012027,
            "classId": 10214732,
            "description": "",
            "geometryType": "rectangle",
            "labelerLogin": "Yalda2HITL",
            "createdAt": "2022-07-18T14:22:11.101Z",
            "updatedAt": "2022-07-18T14:22:11.101Z",
            "tags": [],
            "classTitle": "Body text",
            "points": {
                "exterior": [
                    [
                        2508,
                        1083
                    ],
                    [
                        2630,
                        2045
                    ]
                ],
                "interior": []
            }
        },
        {
            "id": 972012031,
            "classId": 10214732,
            "description": "",
            "geometryType": "rectangle",
            "labelerLogin": "Yalda2HITL",
            "createdAt": "2022-07-18T14:22:11.101Z",
            "updatedAt": "2022-07-18T14:22:11.101Z",
            "tags": [],
            "classTitle": "Body text",
            "points": {
                "exterior": [
                    [
                        2544,
                        2092
                    ],
                    [
                        2588,
                        2383
                    ]
                ],
                "interior": []
            }
        },
        {
            "id": 972012030,
            "classId": 10214732,
            "description": "",
            "geometryType": "rectangle",
            "labelerLogin": "Yalda2HITL",
            "createdAt": "2022-07-18T14:22:11.101Z",
            "updatedAt": "2022-07-18T14:22:11.101Z",
            "tags": [],
            "classTitle": "Body text",
            "points": {
                "exterior": [
                    [
                        2602,
                        2092
                    ],
                    [
                        2672,
                        2801
                    ]
                ],
                "interior": []
            }
        },
        {
            "id": 972012028,
            "classId": 10214732,
            "description": "",
            "geometryType": "rectangle",
            "labelerLogin": "Yalda2HITL",
            "createdAt": "2022-07-18T14:22:11.101Z",
            "updatedAt": "2022-07-18T14:22:11.101Z",
            "tags": [],
            "classTitle": "Body text",
            "points": {
                "exterior": [
                    [
                        2612,
                        2973
                    ],
                    [
                        2672,
                        3673
                    ]
                ],
                "interior": []
            }
        },
        {
            "id": 972012029,
            "classId": 10214732,
            "description": "",
            "geometryType": "rectangle",
            "labelerLogin": "Yalda2HITL",
            "createdAt": "2022-07-18T14:22:11.101Z",
            "updatedAt": "2022-07-18T14:22:11.101Z",
            "tags": [],
            "classTitle": "Body text",
            "points": {
                "exterior": [
                    [
                        2650,
                        2962
                    ],
                    [
                        2693,
                        3655
                    ]
                ],
                "interior": []
            }
        }
    ]
}