{
    "description": "",
    "tags": [],
    "size": {
        "height": 4160,
        "width": 3120
    },
    "objects": [
        {
            "id": 972011889,
            "classId": 10214730,
            "description": "",
            "geometryType": "polygon",
            "labelerLogin": "Yalda2HITL",
            "createdAt": "2022-07-18T14:22:11.101Z",
            "updatedAt": "2022-07-18T14:22:11.101Z",
            "tags": [],
            "classTitle": "Page",
            "points": {
                "exterior": [
                    [
                        383,
                        730
                    ],
                    [
                        407,
                        493
                    ],
                    [
                        426,
                        390
                    ],
                    [
                        444,
                        385
                    ],
                    [
                        463,
                        384
                    ],
                    [
                        487,
                        381
                    ],
                    [
                        512,
                        373
                    ],
                    [
                        531,
                        369
                    ],
                    [
                        563,
                        366
                    ],
                    [
                        601,
                        361
                    ],
                    [
                        629,
                        358
                    ],
                    [
                        652,
                        357
                    ],
                    [
                        675,
                        353
                    ],
                    [
                        697,
                        353
                    ],
                    [
                        724,
                        352
                    ],
                    [
                        744,
                        353
                    ],
                    [
                        971,
                        356
                    ],
                    [
                        1309,
                        362
                    ],
                    [
                        1714,
                        382
                    ],
                    [
                        2591,
                        397
                    ],
                    [
                        2607,
                        400
                    ],
                    [
                        2614,
                        400
                    ],
                    [
                        2626,
                        402
                    ],
                    [
                        2636,
                        403
                    ],
                    [
                        2644,
                        402
                    ],
                    [
                        2654,
                        401
                    ],
                    [
                        2665,
                        401
                    ],
                    [
                        2677,
                        400
                    ],
                    [
                        2690,
                        399
                    ],
                    [
                        2700,
                        400
                    ],
                    [
                        2711,
                        401
                    ],
                    [
                        2719,
                        401
                    ],
                    [
                        2726,
                        401
                    ],
                    [
                        2728,
                        416
                    ],
                    [
                        2737,
                        534
                    ],
                    [
                        2753,
                        737
                    ],
                    [
                        2773,
                        998
                    ],
                    [
                        2801,
                        1306
                    ],
                    [
                        2834,
                        1846
                    ],
                    [
                        2993,
                        3883
                    ],
                    [
                        2985,
                        3893
                    ],
                    [
                        2982,
                        3905
                    ],
                    [
                        2973,
                        3918
                    ],
                    [
                        2954,
                        3918
                    ],
                    [
                        2931,
                        3917
                    ],
                    [
                        2893,
                        3918
                    ],
                    [
                        2879,
                        3922
                    ],
                    [
                        2861,
                        3918
                    ],
                    [
                        2838,
                        3917
                    ],
                    [
                        2815,
                        3917
                    ],
                    [
                        2781,
                        3921
                    ],
                    [
                        2435,
                        3923
                    ],
                    [
                        202,
                        3943
                    ],
                    [
                        182,
                        3937
                    ],
                    [
                        176,
                        3926
                    ],
                    [
                        172,
                        3903
                    ],
                    [
                        201,
                        3484
                    ],
                    [
                        372,
                        883
                    ]
                ],
                "interior": []
            }
        },
        {
            "id": 972011894,
            "classId": 10214732,
            "description": "",
            "geometryType": "rectangle",
            "labelerLogin": "Yalda2HITL",
            "createdAt": "2022-07-18T14:22:11.101Z",
            "updatedAt": "2022-07-18T14:22:11.101Z",
            "tags": [],
            "classTitle": "Body text",
            "points": {
                "exterior": [
                    [
                        1909,
                        625
                    ],
                    [
                        2489,
                        736
                    ]
                ],
                "interior": []
            }
        },
        {
            "id": 972011895,
            "classId": 10214731,
            "description": "",
            "geometryType": "rectangle",
            "labelerLogin": "Yalda2HITL",
            "createdAt": "2022-07-18T14:22:11.101Z",
            "updatedAt": "2022-07-18T14:22:11.101Z",
            "tags": [
                {
                    "id": 151023002,
                    "tagId": 30308107,
                    "name": "Transcription",
                    "value": "\u0635\u0628\u0627\u062d \u0641\u062e\u0631\u064a",
                    "labelerLogin": "Yalda2HITL",
                    "createdAt": "2022-07-18T14:22:11.101Z",
                    "updatedAt": "2022-07-18T14:22:11.101Z"
                }
            ],
            "classTitle": "Title",
            "points": {
                "exterior": [
                    [
                        1087,
                        1970
                    ],
                    [
                        2494,
                        2693
                    ]
                ],
                "interior": []
            }
        },
        {
            "id": 972011893,
            "classId": 10214732,
            "description": "",
            "geometryType": "rectangle",
            "labelerLogin": "Yalda2HITL",
            "createdAt": "2022-07-18T14:22:11.101Z",
            "updatedAt": "2022-07-18T14:22:11.101Z",
            "tags": [],
            "classTitle": "Body text",
            "points": {
                "exterior": [
                    [
                        1470,
                        2740
                    ],
                    [
                        2042,
                        2940
                    ]
                ],
                "interior": []
            }
        },
        {
            "id": 972011896,
            "classId": 10214732,
            "description": "",
            "geometryType": "rectangle",
            "labelerLogin": "Yalda2HITL",
            "createdAt": "2022-07-18T14:22:11.101Z",
            "updatedAt": "2022-07-18T14:22:11.101Z",
            "tags": [],
            "classTitle": "Body text",
            "points": {
                "exterior": [
                    [
                        2317,
                        3391
                    ],
                    [
                        2665,
                        3476
                    ]
                ],
                "interior": []
            }
        },
        {
            "id": 972011897,
            "classId": 10214732,
            "description": "",
            "geometryType": "rectangle",
            "labelerLogin": "Yalda2HITL",
            "createdAt": "2022-07-18T14:22:11.101Z",
            "updatedAt": "2022-07-18T14:22:11.101Z",
            "tags": [],
            "classTitle": "Body text",
            "points": {
                "exterior": [
                    [
                        2322,
                        3464
                    ],
                    [
                        2666,
                        3552
                    ]
                ],
                "interior": []
            }
        },
        {
            "id": 972011898,
            "classId": 10214732,
            "description": "",
            "geometryType": "rectangle",
            "labelerLogin": "Yalda2HITL",
            "createdAt": "2022-07-18T14:22:11.101Z",
            "updatedAt": "2022-07-18T14:22:11.101Z",
            "tags": [],
            "classTitle": "Body text",
            "points": {
                "exterior": [
                    [
                        2462,
                        3565
                    ],
                    [
                        2672,
                        3623
                    ]
                ],
                "interior": []
            }
        },
        {
            "id": 972011892,
            "classId": 10214732,
            "description": "",
            "geometryType": "rectangle",
            "labelerLogin": "Yalda2HITL",
            "createdAt": "2022-07-18T14:22:11.101Z",
            "updatedAt": "2022-07-18T14:22:11.101Z",
            "tags": [],
            "classTitle": "Body text",
            "points": {
                "exterior": [
                    [
                        514,
                        3463
                    ],
                    [
                        775,
                        3547
                    ]
                ],
                "interior": []
            }
        },
        {
            "id": 972011874,
            "classId": 10214732,
            "description": "",
            "geometryType": "rectangle",
            "labelerLogin": "Yalda2HITL",
            "createdAt": "2022-07-18T14:22:11.101Z",
            "updatedAt": "2022-07-18T14:22:11.101Z",
            "tags": [],
            "classTitle": "Body text",
            "points": {
                "exterior": [
                    [
                        491,
                        3589
                    ],
                    [
                        850,
                        3694
                    ]
                ],
                "interior": []
            }
        }
    ]
}