{
    "description": "",
    "tags": [],
    "size": {
        "height": 1280,
        "width": 960
    },
    "objects": [
        {
            "id": 972011877,
            "classId": 10214732,
            "description": "",
            "geometryType": "rectangle",
            "labelerLogin": "Yalda2HITL",
            "createdAt": "2022-07-18T14:22:11.101Z",
            "updatedAt": "2022-07-18T14:22:11.101Z",
            "tags": [],
            "classTitle": "Body text",
            "points": {
                "exterior": [
                    [
                        177,
                        137
                    ],
                    [
                        349,
                        215
                    ]
                ],
                "interior": []
            }
        },
        {
            "id": 972011878,
            "classId": 10214731,
            "description": "",
            "geometryType": "rectangle",
            "labelerLogin": "Yalda2HITL",
            "createdAt": "2022-07-18T14:22:11.101Z",
            "updatedAt": "2022-07-18T14:22:11.101Z",
            "tags": [
                {
                    "id": 151022999,
                    "tagId": 30308107,
                    "name": "Transcription",
                    "value": "\u0630\u0627\u0643\u0631\u0629 \u0627\u0644\u062c\u0633\u062f",
                    "labelerLogin": "Yalda2HITL",
                    "createdAt": "2022-07-18T14:22:11.101Z",
                    "updatedAt": "2022-07-18T14:22:11.101Z"
                }
            ],
            "classTitle": "Title",
            "points": {
                "exterior": [
                    [
                        225,
                        191
                    ],
                    [
                        795,
                        555
                    ]
                ],
                "interior": []
            }
        },
        {
            "id": 972011875,
            "classId": 10214732,
            "description": "",
            "geometryType": "rectangle",
            "labelerLogin": "Yalda2HITL",
            "createdAt": "2022-07-18T14:22:11.101Z",
            "updatedAt": "2022-07-18T14:22:11.101Z",
            "tags": [],
            "classTitle": "Body text",
            "points": {
                "exterior": [
                    [
                        225,
                        400
                    ],
                    [
                        336,
                        483
                    ]
                ],
                "interior": []
            }
        },
        {
            "id": 972011870,
            "classId": 10214732,
            "description": "",
            "geometryType": "rectangle",
            "labelerLogin": "Yalda2HITL",
            "createdAt": "2022-07-18T14:22:11.101Z",
            "updatedAt": "2022-07-18T14:22:11.101Z",
            "tags": [],
            "classTitle": "Body text",
            "points": {
                "exterior": [
                    [
                        211,
                        512
                    ],
                    [
                        585,
                        659
                    ]
                ],
                "interior": []
            }
        },
        {
            "id": 972011879,
            "classId": 10214732,
            "description": "",
            "geometryType": "rectangle",
            "labelerLogin": "Yalda2HITL",
            "createdAt": "2022-07-18T14:22:11.101Z",
            "updatedAt": "2022-07-18T14:22:11.101Z",
            "tags": [],
            "classTitle": "Body text",
            "points": {
                "exterior": [
                    [
                        407,
                        1063
                    ],
                    [
                        632,
                        1122
                    ]
                ],
                "interior": []
            }
        },
        {
            "id": 972011881,
            "classId": 10214730,
            "description": "",
            "geometryType": "polygon",
            "labelerLogin": "Yalda2HITL",
            "createdAt": "2022-07-18T14:22:11.101Z",
            "updatedAt": "2022-07-18T14:22:11.101Z",
            "tags": [],
            "classTitle": "Page",
            "points": {
                "exterior": [
                    [
                        154,
                        123
                    ],
                    [
                        155,
                        111
                    ],
                    [
                        157,
                        98
                    ],
                    [
                        159,
                        89
                    ],
                    [
                        160,
                        82
                    ],
                    [
                        167,
                        85
                    ],
                    [
                        175,
                        91
                    ],
                    [
                        185,
                        95
                    ],
                    [
                        192,
                        99
                    ],
                    [
                        202,
                        102
                    ],
                    [
                        214,
                        106
                    ],
                    [
                        224,
                        109
                    ],
                    [
                        234,
                        112
                    ],
                    [
                        243,
                        115
                    ],
                    [
                        248,
                        116
                    ],
                    [
                        254,
                        118
                    ],
                    [
                        265,
                        121
                    ],
                    [
                        272,
                        123
                    ],
                    [
                        279,
                        124
                    ],
                    [
                        289,
                        126
                    ],
                    [
                        297,
                        127
                    ],
                    [
                        304,
                        128
                    ],
                    [
                        311,
                        129
                    ],
                    [
                        316,
                        130
                    ],
                    [
                        323,
                        131
                    ],
                    [
                        404,
                        138
                    ],
                    [
                        462,
                        143
                    ],
                    [
                        544,
                        146
                    ],
                    [
                        597,
                        146
                    ],
                    [
                        640,
                        146
                    ],
                    [
                        680,
                        146
                    ],
                    [
                        723,
                        147
                    ],
                    [
                        744,
                        149
                    ],
                    [
                        762,
                        149
                    ],
                    [
                        773,
                        150
                    ],
                    [
                        781,
                        151
                    ],
                    [
                        792,
                        152
                    ],
                    [
                        800,
                        152
                    ],
                    [
                        807,
                        153
                    ],
                    [
                        816,
                        155
                    ],
                    [
                        825,
                        156
                    ],
                    [
                        831,
                        157
                    ],
                    [
                        838,
                        157
                    ],
                    [
                        840,
                        163
                    ],
                    [
                        842,
                        173
                    ],
                    [
                        851,
                        250
                    ],
                    [
                        858,
                        335
                    ],
                    [
                        868,
                        433
                    ],
                    [
                        879,
                        543
                    ],
                    [
                        889,
                        633
                    ],
                    [
                        890,
                        640
                    ],
                    [
                        891,
                        657
                    ],
                    [
                        896,
                        707
                    ],
                    [
                        901,
                        784
                    ],
                    [
                        914,
                        931
                    ],
                    [
                        924,
                        1031
                    ],
                    [
                        939,
                        1198
                    ],
                    [
                        942,
                        1200
                    ],
                    [
                        944,
                        1198
                    ],
                    [
                        945,
                        1196
                    ],
                    [
                        947,
                        1196
                    ],
                    [
                        947,
                        1199
                    ],
                    [
                        944,
                        1201
                    ],
                    [
                        940,
                        1203
                    ],
                    [
                        937,
                        1204
                    ],
                    [
                        933,
                        1206
                    ],
                    [
                        931,
                        1206
                    ],
                    [
                        926,
                        1208
                    ],
                    [
                        923,
                        1209
                    ],
                    [
                        920,
                        1210
                    ],
                    [
                        913,
                        1210
                    ],
                    [
                        908,
                        1210
                    ],
                    [
                        903,
                        1211
                    ],
                    [
                        891,
                        1211
                    ],
                    [
                        835,
                        1214
                    ],
                    [
                        777,
                        1216
                    ],
                    [
                        718,
                        1219
                    ],
                    [
                        682,
                        1221
                    ],
                    [
                        621,
                        1223
                    ],
                    [
                        554,
                        1226
                    ],
                    [
                        498,
                        1229
                    ],
                    [
                        406,
                        1234
                    ],
                    [
                        340,
                        1237
                    ],
                    [
                        287,
                        1240
                    ],
                    [
                        257,
                        1243
                    ],
                    [
                        212,
                        1247
                    ],
                    [
                        207,
                        1248
                    ],
                    [
                        200,
                        1249
                    ],
                    [
                        195,
                        1250
                    ],
                    [
                        189,
                        1251
                    ],
                    [
                        183,
                        1251
                    ],
                    [
                        179,
                        1252
                    ],
                    [
                        172,
                        1253
                    ],
                    [
                        165,
                        1254
                    ],
                    [
                        159,
                        1255
                    ],
                    [
                        153,
                        1256
                    ],
                    [
                        147,
                        1257
                    ],
                    [
                        141,
                        1257
                    ],
                    [
                        134,
                        1259
                    ],
                    [
                        128,
                        1260
                    ],
                    [
                        121,
                        1261
                    ],
                    [
                        116,
                        1262
                    ],
                    [
                        110,
                        1263
                    ],
                    [
                        101,
                        1264
                    ],
                    [
                        95,
                        1265
                    ],
                    [
                        90,
                        1267
                    ],
                    [
                        84,
                        1269
                    ],
                    [
                        81,
                        1269
                    ],
                    [
                        76,
                        1271
                    ],
                    [
                        71,
                        1273
                    ],
                    [
                        68,
                        1275
                    ],
                    [
                        64,
                        1274
                    ],
                    [
                        61,
                        1271
                    ],
                    [
                        60,
                        1267
                    ],
                    [
                        59,
                        1260
                    ],
                    [
                        69,
                        1120
                    ],
                    [
                        74,
                        1043
                    ],
                    [
                        81,
                        960
                    ],
                    [
                        89,
                        840
                    ],
                    [
                        107,
                        631
                    ],
                    [
                        116,
                        531
                    ],
                    [
                        126,
                        419
                    ],
                    [
                        135,
                        322
                    ],
                    [
                        142,
                        234
                    ],
                    [
                        153,
                        130
                    ]
                ],
                "interior": []
            }
        }
    ]
}