{
    "description": "",
    "tags": [],
    "size": {
        "height": 1599,
        "width": 1200
    },
    "objects": [
        {
            "id": 972013581,
            "classId": 10214731,
            "description": "",
            "geometryType": "rectangle",
            "labelerLogin": "Yalda2HITL",
            "createdAt": "2022-07-18T14:24:24.820Z",
            "updatedAt": "2022-07-18T14:24:24.820Z",
            "tags": [
                {
                    "id": 151023252,
                    "tagId": 30308107,
                    "name": "Transcription",
                    "value": "\u0627\u0644\u0641\u0646\u0648\u0646 \u0627\u0644\u062a\u0634\u0643\u064a\u0644\u064a\u0629",
                    "labelerLogin": "Yalda2HITL",
                    "createdAt": "2022-07-18T14:24:24.821Z",
                    "updatedAt": "2022-07-18T14:24:24.821Z"
                }
            ],
            "classTitle": "Title",
            "points": {
                "exterior": [
                    [
                        205,
                        184
                    ],
                    [
                        918,
                        353
                    ]
                ],
                "interior": []
            }
        },
        {
            "id": 972013577,
            "classId": 10214732,
            "description": "",
            "geometryType": "rectangle",
            "labelerLogin": "Yalda2HITL",
            "createdAt": "2022-07-18T14:24:24.820Z",
            "updatedAt": "2022-07-18T14:24:24.820Z",
            "tags": [],
            "classTitle": "Body text",
            "points": {
                "exterior": [
                    [
                        313,
                        418
                    ],
                    [
                        442,
                        447
                    ]
                ],
                "interior": []
            }
        },
        {
            "id": 972013570,
            "classId": 10214732,
            "description": "",
            "geometryType": "rectangle",
            "labelerLogin": "Yalda2HITL",
            "createdAt": "2022-07-18T14:24:24.820Z",
            "updatedAt": "2022-07-18T14:24:24.820Z",
            "tags": [],
            "classTitle": "Body text",
            "points": {
                "exterior": [
                    [
                        290,
                        453
                    ],
                    [
                        441,
                        484
                    ]
                ],
                "interior": []
            }
        },
        {
            "id": 972013580,
            "classId": 10214732,
            "description": "",
            "geometryType": "rectangle",
            "labelerLogin": "Yalda2HITL",
            "createdAt": "2022-07-18T14:24:24.820Z",
            "updatedAt": "2022-07-18T14:24:24.820Z",
            "tags": [],
            "classTitle": "Body text",
            "points": {
                "exterior": [
                    [
                        315,
                        495
                    ],
                    [
                        440,
                        512
                    ]
                ],
                "interior": []
            }
        },
        {
            "id": 972013584,
            "classId": 10214732,
            "description": "",
            "geometryType": "rectangle",
            "labelerLogin": "Yalda2HITL",
            "createdAt": "2022-07-18T14:24:24.820Z",
            "updatedAt": "2022-07-18T14:24:24.820Z",
            "tags": [],
            "classTitle": "Body text",
            "points": {
                "exterior": [
                    [
                        191,
                        1452
                    ],
                    [
                        766,
                        1504
                    ]
                ],
                "interior": []
            }
        },
        {
            "id": 972013574,
            "classId": 10214732,
            "description": "",
            "geometryType": "rectangle",
            "labelerLogin": "Yalda2HITL",
            "createdAt": "2022-07-18T14:24:24.820Z",
            "updatedAt": "2022-07-18T14:24:24.820Z",
            "tags": [],
            "classTitle": "Body text",
            "points": {
                "exterior": [
                    [
                        191,
                        1415
                    ],
                    [
                        273,
                        1449
                    ]
                ],
                "interior": []
            }
        },
        {
            "id": 972013583,
            "classId": 10214732,
            "description": "",
            "geometryType": "rectangle",
            "labelerLogin": "Yalda2HITL",
            "createdAt": "2022-07-18T14:24:24.820Z",
            "updatedAt": "2022-07-18T14:24:24.820Z",
            "tags": [],
            "classTitle": "Body text",
            "points": {
                "exterior": [
                    [
                        191,
                        1374
                    ],
                    [
                        243,
                        1410
                    ]
                ],
                "interior": []
            }
        },
        {
            "id": 972013582,
            "classId": 10214732,
            "description": "",
            "geometryType": "rectangle",
            "labelerLogin": "Yalda2HITL",
            "createdAt": "2022-07-18T14:24:24.820Z",
            "updatedAt": "2022-07-18T14:24:24.820Z",
            "tags": [],
            "classTitle": "Body text",
            "points": {
                "exterior": [
                    [
                        188,
                        1502
                    ],
                    [
                        387,
                        1540
                    ]
                ],
                "interior": []
            }
        },
        {
            "id": 972013573,
            "classId": 10214730,
            "description": "",
            "geometryType": "polygon",
            "labelerLogin": "Yalda2HITL",
            "createdAt": "2022-07-18T14:24:24.820Z",
            "updatedAt": "2022-07-18T14:24:24.820Z",
            "tags": [],
            "classTitle": "Page",
            "points": {
                "exterior": [
                    [
                        1135,
                        421
                    ],
                    [
                        1151,
                        1123
                    ],
                    [
                        1161,
                        1540
                    ],
                    [
                        1161,
                        1597
                    ],
                    [
                        771,
                        1598
                    ],
                    [
                        642,
                        1591
                    ],
                    [
                        539,
                        1587
                    ],
                    [
                        372,
                        1578
                    ],
                    [
                        131,
                        1571
                    ],
                    [
                        40,
                        1570
                    ],
                    [
                        25,
                        1571
                    ],
                    [
                        9,
                        1564
                    ],
                    [
                        9,
                        1547
                    ],
                    [
                        11,
                        1534
                    ],
                    [
                        15,
                        1442
                    ],
                    [
                        20,
                        1317
                    ],
                    [
                        25,
                        1188
                    ],
                    [
                        32,
                        1034
                    ],
                    [
                        38,
                        887
                    ],
                    [
                        42,
                        821
                    ],
                    [
                        42,
                        723
                    ],
                    [
                        46,
                        620
                    ],
                    [
                        49,
                        475
                    ],
                    [
                        54,
                        356
                    ],
                    [
                        54,
                        359
                    ],
                    [
                        57,
                        161
                    ],
                    [
                        58,
                        116
                    ],
                    [
                        59,
                        104
                    ],
                    [
                        57,
                        86
                    ],
                    [
                        58,
                        74
                    ],
                    [
                        60,
                        65
                    ],
                    [
                        64,
                        62
                    ],
                    [
                        84,
                        66
                    ],
                    [
                        204,
                        69
                    ],
                    [
                        331,
                        68
                    ],
                    [
                        454,
                        68
                    ],
                    [
                        583,
                        65
                    ],
                    [
                        744,
                        64
                    ],
                    [
                        928,
                        57
                    ],
                    [
                        1126,
                        44
                    ],
                    [
                        1132,
                        44
                    ],
                    [
                        1128,
                        58
                    ],
                    [
                        1130,
                        98
                    ],
                    [
                        1133,
                        329
                    ]
                ],
                "interior": []
            }
        }
    ]
}