{
    "description": "",
    "tags": [],
    "size": {
        "height": 1599,
        "width": 1200
    },
    "objects": [
        {
            "id": 972013432,
            "classId": 10214731,
            "description": "",
            "geometryType": "rectangle",
            "labelerLogin": "Yalda2HITL",
            "createdAt": "2022-07-18T14:24:24.820Z",
            "updatedAt": "2022-07-18T14:24:24.820Z",
            "tags": [
                {
                    "id": 151023228,
                    "tagId": 30308107,
                    "name": "Transcription",
                    "value": "\u0627\u0644\u0642\u0631\u0627\u0621\u0629",
                    "labelerLogin": "Yalda2HITL",
                    "createdAt": "2022-07-18T14:24:24.820Z",
                    "updatedAt": "2022-07-18T14:24:24.820Z"
                }
            ],
            "classTitle": "Title",
            "points": {
                "exterior": [
                    [
                        237,
                        64
                    ],
                    [
                        684,
                        235
                    ]
                ],
                "interior": []
            }
        },
        {
            "id": 972013428,
            "classId": 10214731,
            "description": "",
            "geometryType": "rectangle",
            "labelerLogin": "Yalda2HITL",
            "createdAt": "2022-07-18T14:24:24.820Z",
            "updatedAt": "2022-07-18T14:24:24.820Z",
            "tags": [],
            "classTitle": "Title",
            "points": {
                "exterior": [
                    [
                        247,
                        241
                    ],
                    [
                        693,
                        423
                    ]
                ],
                "interior": []
            }
        },
        {
            "id": 972013435,
            "classId": 10214732,
            "description": "",
            "geometryType": "rectangle",
            "labelerLogin": "Yalda2HITL",
            "createdAt": "2022-07-18T14:24:24.820Z",
            "updatedAt": "2022-07-18T14:24:24.820Z",
            "tags": [],
            "classTitle": "Body text",
            "points": {
                "exterior": [
                    [
                        273,
                        460
                    ],
                    [
                        453,
                        494
                    ]
                ],
                "interior": []
            }
        },
        {
            "id": 972013431,
            "classId": 10214732,
            "description": "",
            "geometryType": "rectangle",
            "labelerLogin": "Yalda2HITL",
            "createdAt": "2022-07-18T14:24:24.820Z",
            "updatedAt": "2022-07-18T14:24:24.820Z",
            "tags": [],
            "classTitle": "Body text",
            "points": {
                "exterior": [
                    [
                        308,
                        508
                    ],
                    [
                        454,
                        529
                    ]
                ],
                "interior": []
            }
        },
        {
            "id": 972013434,
            "classId": 10214732,
            "description": "",
            "geometryType": "rectangle",
            "labelerLogin": "Yalda2HITL",
            "createdAt": "2022-07-18T14:24:24.820Z",
            "updatedAt": "2022-07-18T14:24:24.820Z",
            "tags": [],
            "classTitle": "Body text",
            "points": {
                "exterior": [
                    [
                        500,
                        1206
                    ],
                    [
                        728,
                        1263
                    ]
                ],
                "interior": []
            }
        },
        {
            "id": 972013454,
            "classId": 10214732,
            "description": "",
            "geometryType": "rectangle",
            "labelerLogin": "Yalda2HITL",
            "createdAt": "2022-07-18T14:24:24.820Z",
            "updatedAt": "2022-07-18T14:24:24.820Z",
            "tags": [],
            "classTitle": "Body text",
            "points": {
                "exterior": [
                    [
                        465,
                        1388
                    ],
                    [
                        785,
                        1412
                    ]
                ],
                "interior": []
            }
        },
        {
            "id": 972013452,
            "classId": 10214732,
            "description": "",
            "geometryType": "rectangle",
            "labelerLogin": "Yalda2HITL",
            "createdAt": "2022-07-18T14:24:24.820Z",
            "updatedAt": "2022-07-18T14:24:24.820Z",
            "tags": [],
            "classTitle": "Body text",
            "points": {
                "exterior": [
                    [
                        226,
                        1297
                    ],
                    [
                        271,
                        1328
                    ]
                ],
                "interior": []
            }
        },
        {
            "id": 972013453,
            "classId": 10214732,
            "description": "",
            "geometryType": "rectangle",
            "labelerLogin": "Yalda2HITL",
            "createdAt": "2022-07-18T14:24:24.820Z",
            "updatedAt": "2022-07-18T14:24:24.820Z",
            "tags": [],
            "classTitle": "Body text",
            "points": {
                "exterior": [
                    [
                        227,
                        1333
                    ],
                    [
                        303,
                        1366
                    ]
                ],
                "interior": []
            }
        },
        {
            "id": 972013433,
            "classId": 10214732,
            "description": "",
            "geometryType": "rectangle",
            "labelerLogin": "Yalda2HITL",
            "createdAt": "2022-07-18T14:24:24.820Z",
            "updatedAt": "2022-07-18T14:24:24.820Z",
            "tags": [],
            "classTitle": "Body text",
            "points": {
                "exterior": [
                    [
                        227,
                        1370
                    ],
                    [
                        285,
                        1402
                    ]
                ],
                "interior": []
            }
        },
        {
            "id": 972013451,
            "classId": 10214732,
            "description": "",
            "geometryType": "rectangle",
            "labelerLogin": "Yalda2HITL",
            "createdAt": "2022-07-18T14:24:24.820Z",
            "updatedAt": "2022-07-18T14:24:24.820Z",
            "tags": [],
            "classTitle": "Body text",
            "points": {
                "exterior": [
                    [
                        239,
                        1429
                    ],
                    [
                        426,
                        1459
                    ]
                ],
                "interior": []
            }
        },
        {
            "id": 972013455,
            "classId": 10214730,
            "description": "",
            "geometryType": "polygon",
            "labelerLogin": "Yalda2HITL",
            "createdAt": "2022-07-18T14:24:24.820Z",
            "updatedAt": "2022-07-18T14:24:24.820Z",
            "tags": [],
            "classTitle": "Page",
            "points": {
                "exterior": [
                    [
                        1116,
                        0
                    ],
                    [
                        1139,
                        419
                    ],
                    [
                        1156,
                        667
                    ],
                    [
                        1164,
                        812
                    ],
                    [
                        1174,
                        939
                    ],
                    [
                        1183,
                        1130
                    ],
                    [
                        1199,
                        1352
                    ],
                    [
                        1199,
                        1557
                    ],
                    [
                        1177,
                        1557
                    ],
                    [
                        1166,
                        1557
                    ],
                    [
                        1053,
                        1555
                    ],
                    [
                        956,
                        1553
                    ],
                    [
                        798,
                        1550
                    ],
                    [
                        410,
                        1548
                    ],
                    [
                        195,
                        1552
                    ],
                    [
                        109,
                        1555
                    ],
                    [
                        86,
                        1556
                    ],
                    [
                        69,
                        1557
                    ],
                    [
                        66,
                        1555
                    ],
                    [
                        63,
                        1554
                    ],
                    [
                        61,
                        1551
                    ],
                    [
                        59,
                        1547
                    ],
                    [
                        59,
                        1542
                    ],
                    [
                        60,
                        1505
                    ],
                    [
                        62,
                        1349
                    ],
                    [
                        61,
                        1175
                    ],
                    [
                        57,
                        1036
                    ],
                    [
                        53,
                        908
                    ],
                    [
                        47,
                        749
                    ],
                    [
                        43,
                        561
                    ],
                    [
                        42,
                        481
                    ],
                    [
                        39,
                        406
                    ],
                    [
                        36,
                        282
                    ],
                    [
                        32,
                        146
                    ],
                    [
                        29,
                        63
                    ],
                    [
                        29,
                        49
                    ],
                    [
                        26,
                        36
                    ],
                    [
                        27,
                        29
                    ],
                    [
                        28,
                        23
                    ],
                    [
                        38,
                        22
                    ],
                    [
                        123,
                        30
                    ],
                    [
                        241,
                        37
                    ],
                    [
                        377,
                        39
                    ],
                    [
                        564,
                        30
                    ],
                    [
                        726,
                        21
                    ],
                    [
                        839,
                        9
                    ],
                    [
                        927,
                        0
                    ]
                ],
                "interior": []
            }
        }
    ]
}