{
    "description": "",
    "tags": [],
    "size": {
        "height": 1599,
        "width": 1200
    },
    "objects": [
        {
            "id": 972013456,
            "classId": 10214731,
            "description": "",
            "geometryType": "rectangle",
            "labelerLogin": "Yalda2HITL",
            "createdAt": "2022-07-18T14:24:24.820Z",
            "updatedAt": "2022-07-18T14:24:24.820Z",
            "tags": [
                {
                    "id": 151023232,
                    "tagId": 30308107,
                    "name": "Transcription",
                    "value": "\u0627\u0644\u0627\u0642\u0644\u0627\u0639 \u0639\u0643\u0633 \u0627\u0644\u0632\u0645\u0646",
                    "labelerLogin": "Yalda2HITL",
                    "createdAt": "2022-07-18T14:24:24.820Z",
                    "updatedAt": "2022-07-18T14:24:24.820Z"
                }
            ],
            "classTitle": "Title",
            "points": {
                "exterior": [
                    [
                        185,
                        238
                    ],
                    [
                        1004,
                        466
                    ]
                ],
                "interior": []
            }
        },
        {
            "id": 972013424,
            "classId": 10214730,
            "description": "",
            "geometryType": "polygon",
            "labelerLogin": "Yalda2HITL",
            "createdAt": "2022-07-18T14:24:24.820Z",
            "updatedAt": "2022-07-18T14:24:24.820Z",
            "tags": [],
            "classTitle": "Page",
            "points": {
                "exterior": [
                    [
                        1092,
                        51
                    ],
                    [
                        1105,
                        714
                    ],
                    [
                        1116,
                        1193
                    ],
                    [
                        1120,
                        1518
                    ],
                    [
                        1122,
                        1562
                    ],
                    [
                        1128,
                        1582
                    ],
                    [
                        1116,
                        1590
                    ],
                    [
                        1106,
                        1591
                    ],
                    [
                        1095,
                        1590
                    ],
                    [
                        830,
                        1581
                    ],
                    [
                        693,
                        1575
                    ],
                    [
                        631,
                        1570
                    ],
                    [
                        568,
                        1569
                    ],
                    [
                        514,
                        1567
                    ],
                    [
                        402,
                        1564
                    ],
                    [
                        296,
                        1568
                    ],
                    [
                        204,
                        1574
                    ],
                    [
                        136,
                        1581
                    ],
                    [
                        100,
                        1587
                    ],
                    [
                        88,
                        1594
                    ],
                    [
                        80,
                        1597
                    ],
                    [
                        74,
                        1591
                    ],
                    [
                        72,
                        1578
                    ],
                    [
                        69,
                        1482
                    ],
                    [
                        73,
                        1228
                    ],
                    [
                        72,
                        927
                    ],
                    [
                        68,
                        410
                    ],
                    [
                        63,
                        78
                    ],
                    [
                        114,
                        81
                    ],
                    [
                        134,
                        82
                    ],
                    [
                        204,
                        83
                    ],
                    [
                        236,
                        84
                    ],
                    [
                        257,
                        85
                    ],
                    [
                        351,
                        82
                    ],
                    [
                        421,
                        84
                    ],
                    [
                        437,
                        84
                    ],
                    [
                        461,
                        85
                    ],
                    [
                        474,
                        89
                    ],
                    [
                        489,
                        88
                    ],
                    [
                        503,
                        83
                    ],
                    [
                        566,
                        79
                    ],
                    [
                        589,
                        75
                    ],
                    [
                        601,
                        72
                    ],
                    [
                        620,
                        70
                    ],
                    [
                        626,
                        73
                    ],
                    [
                        633,
                        74
                    ],
                    [
                        647,
                        71
                    ],
                    [
                        660,
                        69
                    ],
                    [
                        670,
                        66
                    ],
                    [
                        683,
                        64
                    ],
                    [
                        693,
                        66
                    ],
                    [
                        709,
                        65
                    ],
                    [
                        731,
                        64
                    ],
                    [
                        761,
                        62
                    ],
                    [
                        895,
                        48
                    ],
                    [
                        1027,
                        38
                    ],
                    [
                        1066,
                        35
                    ],
                    [
                        1081,
                        38
                    ],
                    [
                        1091,
                        44
                    ]
                ],
                "interior": []
            }
        }
    ]
}