{
    "description": "",
    "tags": [],
    "size": {
        "height": 1440,
        "width": 1080
    },
    "objects": [
        {
            "id": 972015339,
            "classId": 10214732,
            "description": "",
            "geometryType": "rectangle",
            "labelerLogin": "Yalda2HITL",
            "createdAt": "2022-07-18T14:25:22.963Z",
            "updatedAt": "2022-07-18T14:25:22.963Z",
            "tags": [],
            "classTitle": "Body text",
            "points": {
                "exterior": [
                    [
                        160,
                        76
                    ],
                    [
                        930,
                        127
                    ]
                ],
                "interior": []
            }
        },
        {
            "id": 972015249,
            "classId": 10214732,
            "description": "",
            "geometryType": "rectangle",
            "labelerLogin": "Yalda2HITL",
            "createdAt": "2022-07-18T14:25:22.963Z",
            "updatedAt": "2022-07-18T14:25:22.963Z",
            "tags": [],
            "classTitle": "Body text",
            "points": {
                "exterior": [
                    [
                        285,
                        148
                    ],
                    [
                        551,
                        192
                    ]
                ],
                "interior": []
            }
        },
        {
            "id": 972015347,
            "classId": 10214731,
            "description": "",
            "geometryType": "rectangle",
            "labelerLogin": "Yalda2HITL",
            "createdAt": "2022-07-18T14:25:22.963Z",
            "updatedAt": "2022-07-18T14:25:22.963Z",
            "tags": [
                {
                    "id": 151023408,
                    "tagId": 30308107,
                    "name": "Transcription",
                    "value": "\u0627\u0644\u062f\u0627\u0631 \u0627\u0644\u0643\u0628\u064a\u0631\u0629",
                    "labelerLogin": "Yalda2HITL",
                    "createdAt": "2022-07-18T14:25:22.963Z",
                    "updatedAt": "2022-07-18T14:25:22.963Z"
                }
            ],
            "classTitle": "Title",
            "points": {
                "exterior": [
                    [
                        138,
                        1071
                    ],
                    [
                        957,
                        1198
                    ]
                ],
                "interior": []
            }
        },
        {
            "id": 972014977,
            "classId": 10214732,
            "description": "",
            "geometryType": "rectangle",
            "labelerLogin": "Yalda2HITL",
            "createdAt": "2022-07-18T14:25:22.962Z",
            "updatedAt": "2022-07-18T14:25:22.962Z",
            "tags": [],
            "classTitle": "Body text",
            "points": {
                "exterior": [
                    [
                        114,
                        1217
                    ],
                    [
                        966,
                        1302
                    ]
                ],
                "interior": []
            }
        },
        {
            "id": 972015333,
            "classId": 10214732,
            "description": "",
            "geometryType": "rectangle",
            "labelerLogin": "Yalda2HITL",
            "createdAt": "2022-07-18T14:25:22.963Z",
            "updatedAt": "2022-07-18T14:25:22.963Z",
            "tags": [],
            "classTitle": "Body text",
            "points": {
                "exterior": [
                    [
                        102,
                        1311
                    ],
                    [
                        965,
                        1392
                    ]
                ],
                "interior": []
            }
        },
        {
            "id": 972014978,
            "classId": 10214730,
            "description": "",
            "geometryType": "polygon",
            "labelerLogin": "Yalda2HITL",
            "createdAt": "2022-07-18T14:25:22.962Z",
            "updatedAt": "2022-07-18T14:25:22.962Z",
            "tags": [],
            "classTitle": "Page",
            "points": {
                "exterior": [
                    [
                        85,
                        43
                    ],
                    [
                        285,
                        46
                    ],
                    [
                        548,
                        43
                    ],
                    [
                        826,
                        34
                    ],
                    [
                        1012,
                        29
                    ],
                    [
                        1022,
                        282
                    ],
                    [
                        1025,
                        689
                    ],
                    [
                        1028,
                        737
                    ],
                    [
                        1027,
                        766
                    ],
                    [
                        1031,
                        867
                    ],
                    [
                        1039,
                        1250
                    ],
                    [
                        1044,
                        1390
                    ],
                    [
                        948,
                        1393
                    ],
                    [
                        804,
                        1388
                    ],
                    [
                        675,
                        1383
                    ],
                    [
                        451,
                        1383
                    ],
                    [
                        379,
                        1383
                    ],
                    [
                        98,
                        1383
                    ],
                    [
                        68,
                        1382
                    ],
                    [
                        50,
                        1381
                    ],
                    [
                        48,
                        1363
                    ],
                    [
                        54,
                        1290
                    ],
                    [
                        59,
                        1124
                    ],
                    [
                        84,
                        421
                    ],
                    [
                        86,
                        191
                    ]
                ],
                "interior": []
            }
        }
    ]
}