{
    "description": "",
    "tags": [],
    "size": {
        "height": 1599,
        "width": 1200
    },
    "objects": [
        {
            "id": 972013469,
            "classId": 10214731,
            "description": "",
            "geometryType": "rectangle",
            "labelerLogin": "Yalda2HITL",
            "createdAt": "2022-07-18T14:24:24.820Z",
            "updatedAt": "2022-07-18T14:24:24.820Z",
            "tags": [
                {
                    "id": 151023235,
                    "tagId": 30308107,
                    "name": "Transcription",
                    "value": "\u0627\u0644\u062d\u062f\u064a\u062b \u0641\u064a \u0627\u0644\u062a\u0627\u0631\u064a\u062e",
                    "labelerLogin": "Yalda2HITL",
                    "createdAt": "2022-07-18T14:24:24.821Z",
                    "updatedAt": "2022-07-18T14:24:24.821Z"
                }
            ],
            "classTitle": "Title",
            "points": {
                "exterior": [
                    [
                        207,
                        134
                    ],
                    [
                        956,
                        299
                    ]
                ],
                "interior": []
            }
        },
        {
            "id": 972013471,
            "classId": 10214732,
            "description": "",
            "geometryType": "rectangle",
            "labelerLogin": "Yalda2HITL",
            "createdAt": "2022-07-18T14:24:24.820Z",
            "updatedAt": "2022-07-18T14:24:24.820Z",
            "tags": [],
            "classTitle": "Body text",
            "points": {
                "exterior": [
                    [
                        289,
                        311
                    ],
                    [
                        867,
                        423
                    ]
                ],
                "interior": []
            }
        },
        {
            "id": 972013468,
            "classId": 10214732,
            "description": "",
            "geometryType": "rectangle",
            "labelerLogin": "Yalda2HITL",
            "createdAt": "2022-07-18T14:24:24.820Z",
            "updatedAt": "2022-07-18T14:24:24.820Z",
            "tags": [],
            "classTitle": "Body text",
            "points": {
                "exterior": [
                    [
                        307,
                        443
                    ],
                    [
                        851,
                        510
                    ]
                ],
                "interior": []
            }
        },
        {
            "id": 972013470,
            "classId": 10214730,
            "description": "",
            "geometryType": "polygon",
            "labelerLogin": "Yalda2HITL",
            "createdAt": "2022-07-18T14:24:24.820Z",
            "updatedAt": "2022-07-18T14:24:24.820Z",
            "tags": [],
            "classTitle": "Page",
            "points": {
                "exterior": [
                    [
                        1151,
                        0
                    ],
                    [
                        1168,
                        399
                    ],
                    [
                        1186,
                        746
                    ],
                    [
                        1198,
                        1010
                    ],
                    [
                        1199,
                        1598
                    ],
                    [
                        30,
                        1598
                    ],
                    [
                        39,
                        1419
                    ],
                    [
                        45,
                        1200
                    ],
                    [
                        47,
                        921
                    ],
                    [
                        52,
                        618
                    ],
                    [
                        54,
                        397
                    ],
                    [
                        53,
                        259
                    ],
                    [
                        51,
                        194
                    ],
                    [
                        49,
                        130
                    ],
                    [
                        48,
                        111
                    ],
                    [
                        112,
                        106
                    ],
                    [
                        280,
                        90
                    ],
                    [
                        429,
                        77
                    ],
                    [
                        721,
                        49
                    ],
                    [
                        1076,
                        10
                    ],
                    [
                        1120,
                        0
                    ]
                ],
                "interior": []
            }
        }
    ]
}