{
    "description": "",
    "tags": [],
    "size": {
        "height": 1599,
        "width": 1200
    },
    "objects": [
        {
            "id": 972013607,
            "classId": 10214731,
            "description": "",
            "geometryType": "rectangle",
            "labelerLogin": "Yalda2HITL",
            "createdAt": "2022-07-18T14:24:24.820Z",
            "updatedAt": "2022-07-18T14:24:24.820Z",
            "tags": [
                {
                    "id": 151023258,
                    "tagId": 30308107,
                    "name": "Transcription",
                    "value": "\u0645\u0627 \u0632\u0644\u0646\u0627 \u0628\u062e\u064a\u0631...",
                    "labelerLogin": "Yalda2HITL",
                    "createdAt": "2022-07-18T14:24:24.821Z",
                    "updatedAt": "2022-07-18T14:24:24.821Z"
                }
            ],
            "classTitle": "Title",
            "points": {
                "exterior": [
                    [
                        255,
                        261
                    ],
                    [
                        843,
                        393
                    ]
                ],
                "interior": []
            }
        },
        {
            "id": 972013489,
            "classId": 10214732,
            "description": "",
            "geometryType": "rectangle",
            "labelerLogin": "Yalda2HITL",
            "createdAt": "2022-07-18T14:24:24.820Z",
            "updatedAt": "2022-07-18T14:24:24.820Z",
            "tags": [],
            "classTitle": "Body text",
            "points": {
                "exterior": [
                    [
                        364,
                        406
                    ],
                    [
                        743,
                        483
                    ]
                ],
                "interior": []
            }
        },
        {
            "id": 972013488,
            "classId": 10214732,
            "description": "",
            "geometryType": "rectangle",
            "labelerLogin": "Yalda2HITL",
            "createdAt": "2022-07-18T14:24:24.820Z",
            "updatedAt": "2022-07-18T14:24:24.820Z",
            "tags": [],
            "classTitle": "Body text",
            "points": {
                "exterior": [
                    [
                        189,
                        1508
                    ],
                    [
                        368,
                        1562
                    ]
                ],
                "interior": []
            }
        },
        {
            "id": 972013483,
            "classId": 10214732,
            "description": "",
            "geometryType": "rectangle",
            "labelerLogin": "Yalda2HITL",
            "createdAt": "2022-07-18T14:24:24.820Z",
            "updatedAt": "2022-07-18T14:24:24.820Z",
            "tags": [],
            "classTitle": "Body text",
            "points": {
                "exterior": [
                    [
                        986,
                        148
                    ],
                    [
                        1019,
                        169
                    ]
                ],
                "interior": []
            }
        },
        {
            "id": 972013490,
            "classId": 10214730,
            "description": "",
            "geometryType": "polygon",
            "labelerLogin": "Yalda2HITL",
            "createdAt": "2022-07-18T14:24:24.820Z",
            "updatedAt": "2022-07-18T14:24:24.820Z",
            "tags": [],
            "classTitle": "Page",
            "points": {
                "exterior": [
                    [
                        1100,
                        75
                    ],
                    [
                        1100,
                        302
                    ],
                    [
                        1107,
                        777
                    ],
                    [
                        1111,
                        1171
                    ],
                    [
                        1115,
                        1450
                    ],
                    [
                        1116,
                        1598
                    ],
                    [
                        47,
                        1598
                    ],
                    [
                        28,
                        1593
                    ],
                    [
                        20,
                        1584
                    ],
                    [
                        19,
                        1569
                    ],
                    [
                        18,
                        1518
                    ],
                    [
                        23,
                        1337
                    ],
                    [
                        29,
                        970
                    ],
                    [
                        31,
                        640
                    ],
                    [
                        35,
                        340
                    ],
                    [
                        36,
                        180
                    ],
                    [
                        35,
                        131
                    ],
                    [
                        34,
                        114
                    ],
                    [
                        33,
                        96
                    ],
                    [
                        39,
                        83
                    ],
                    [
                        48,
                        80
                    ],
                    [
                        58,
                        78
                    ],
                    [
                        89,
                        78
                    ],
                    [
                        247,
                        83
                    ],
                    [
                        471,
                        89
                    ],
                    [
                        692,
                        81
                    ],
                    [
                        900,
                        69
                    ],
                    [
                        1011,
                        62
                    ],
                    [
                        1036,
                        63
                    ],
                    [
                        1060,
                        61
                    ],
                    [
                        1076,
                        61
                    ],
                    [
                        1084,
                        60
                    ],
                    [
                        1089,
                        61
                    ],
                    [
                        1093,
                        66
                    ],
                    [
                        1097,
                        69
                    ]
                ],
                "interior": []
            }
        }
    ]
}