{
    "description": "",
    "tags": [],
    "size": {
        "height": 1440,
        "width": 1080
    },
    "objects": [
        {
            "id": 972014979,
            "classId": 10214732,
            "description": "",
            "geometryType": "rectangle",
            "labelerLogin": "Yalda2HITL",
            "createdAt": "2022-07-18T14:25:22.962Z",
            "updatedAt": "2022-07-18T14:25:22.962Z",
            "tags": [],
            "classTitle": "Body text",
            "points": {
                "exterior": [
                    [
                        513,
                        210
                    ],
                    [
                        777,
                        282
                    ]
                ],
                "interior": []
            }
        },
        {
            "id": 972014980,
            "classId": 10214731,
            "description": "",
            "geometryType": "rectangle",
            "labelerLogin": "Yalda2HITL",
            "createdAt": "2022-07-18T14:25:22.962Z",
            "updatedAt": "2022-07-18T14:25:22.962Z",
            "tags": [
                {
                    "id": 151023382,
                    "tagId": 30308107,
                    "name": "Transcription",
                    "value": "\u062a\u0643\u0648\u064a\u0646 \u0627\u0644\u0646\u0633\u0642 \u0627\u0644\u0641\u0644\u0633\u0641\u064a",
                    "labelerLogin": "Yalda2HITL",
                    "createdAt": "2022-07-18T14:25:22.963Z",
                    "updatedAt": "2022-07-18T14:25:22.963Z"
                }
            ],
            "classTitle": "Title",
            "points": {
                "exterior": [
                    [
                        274,
                        378
                    ],
                    [
                        771,
                        483
                    ]
                ],
                "interior": []
            }
        },
        {
            "id": 972015220,
            "classId": 10214732,
            "description": "",
            "geometryType": "rectangle",
            "labelerLogin": "Yalda2HITL",
            "createdAt": "2022-07-18T14:25:22.963Z",
            "updatedAt": "2022-07-18T14:25:22.963Z",
            "tags": [],
            "classTitle": "Body text",
            "points": {
                "exterior": [
                    [
                        317,
                        484
                    ],
                    [
                        747,
                        542
                    ]
                ],
                "interior": []
            }
        },
        {
            "id": 972015349,
            "classId": 10214732,
            "description": "",
            "geometryType": "rectangle",
            "labelerLogin": "Yalda2HITL",
            "createdAt": "2022-07-18T14:25:22.963Z",
            "updatedAt": "2022-07-18T14:25:22.963Z",
            "tags": [],
            "classTitle": "Body text",
            "points": {
                "exterior": [
                    [
                        353,
                        540
                    ],
                    [
                        724,
                        589
                    ]
                ],
                "interior": []
            }
        },
        {
            "id": 972014981,
            "classId": 10214732,
            "description": "",
            "geometryType": "rectangle",
            "labelerLogin": "Yalda2HITL",
            "createdAt": "2022-07-18T14:25:22.962Z",
            "updatedAt": "2022-07-18T14:25:22.962Z",
            "tags": [],
            "classTitle": "Body text",
            "points": {
                "exterior": [
                    [
                        708,
                        1087
                    ],
                    [
                        773,
                        1124
                    ]
                ],
                "interior": []
            }
        },
        {
            "id": 972014982,
            "classId": 10214730,
            "description": "",
            "geometryType": "polygon",
            "labelerLogin": "Yalda2HITL",
            "createdAt": "2022-07-18T14:25:22.962Z",
            "updatedAt": "2022-07-18T14:25:22.962Z",
            "tags": [],
            "classTitle": "Page",
            "points": {
                "exterior": [
                    [
                        124,
                        97
                    ],
                    [
                        516,
                        138
                    ],
                    [
                        769,
                        164
                    ],
                    [
                        862,
                        174
                    ],
                    [
                        867,
                        376
                    ],
                    [
                        863,
                        946
                    ],
                    [
                        860,
                        1052
                    ],
                    [
                        859,
                        1115
                    ],
                    [
                        812,
                        1136
                    ],
                    [
                        745,
                        1161
                    ],
                    [
                        567,
                        1229
                    ],
                    [
                        477,
                        1258
                    ],
                    [
                        336,
                        1306
                    ],
                    [
                        250,
                        1334
                    ],
                    [
                        235,
                        1207
                    ],
                    [
                        202,
                        893
                    ],
                    [
                        137,
                        260
                    ],
                    [
                        126,
                        122
                    ]
                ],
                "interior": []
            }
        }
    ]
}