{
    "description": "",
    "tags": [],
    "size": {
        "height": 1599,
        "width": 1200
    },
    "objects": [
        {
            "id": 972013507,
            "classId": 10214731,
            "description": "",
            "geometryType": "rectangle",
            "labelerLogin": "Yalda2HITL",
            "createdAt": "2022-07-18T14:24:24.820Z",
            "updatedAt": "2022-07-18T14:24:24.820Z",
            "tags": [
                {
                    "id": 151023243,
                    "tagId": 30308107,
                    "name": "Transcription",
                    "value": "\u0645\u0628\u0627\u062f\u0626",
                    "labelerLogin": "Yalda2HITL",
                    "createdAt": "2022-07-18T14:24:24.821Z",
                    "updatedAt": "2022-07-18T14:24:24.821Z"
                }
            ],
            "classTitle": "Title",
            "points": {
                "exterior": [
                    [
                        486,
                        175
                    ],
                    [
                        692,
                        273
                    ]
                ],
                "interior": []
            }
        },
        {
            "id": 972013513,
            "classId": 10214731,
            "description": "",
            "geometryType": "rectangle",
            "labelerLogin": "Yalda2HITL",
            "createdAt": "2022-07-18T14:24:24.820Z",
            "updatedAt": "2022-07-18T14:24:24.820Z",
            "tags": [
                {
                    "id": 151023245,
                    "tagId": 30308107,
                    "name": "Transcription",
                    "value": "\u0627\u0644\u0642\u0648\u0627\u0639\u062f \u0648\u0627\u0644\u0625\u0645\u0644\u0627\u0621",
                    "labelerLogin": "Yalda2HITL",
                    "createdAt": "2022-07-18T14:24:24.821Z",
                    "updatedAt": "2022-07-18T14:24:24.821Z"
                }
            ],
            "classTitle": "Title",
            "points": {
                "exterior": [
                    [
                        317,
                        290
                    ],
                    [
                        873,
                        390
                    ]
                ],
                "interior": []
            }
        },
        {
            "id": 972013512,
            "classId": 10214732,
            "description": "",
            "geometryType": "rectangle",
            "labelerLogin": "Yalda2HITL",
            "createdAt": "2022-07-18T14:24:24.820Z",
            "updatedAt": "2022-07-18T14:24:24.820Z",
            "tags": [],
            "classTitle": "Body text",
            "points": {
                "exterior": [
                    [
                        378,
                        548
                    ],
                    [
                        806,
                        600
                    ]
                ],
                "interior": []
            }
        },
        {
            "id": 972013511,
            "classId": 10214732,
            "description": "",
            "geometryType": "rectangle",
            "labelerLogin": "Yalda2HITL",
            "createdAt": "2022-07-18T14:24:24.820Z",
            "updatedAt": "2022-07-18T14:24:24.820Z",
            "tags": [],
            "classTitle": "Body text",
            "points": {
                "exterior": [
                    [
                        441,
                        619
                    ],
                    [
                        740,
                        673
                    ]
                ],
                "interior": []
            }
        },
        {
            "id": 972013510,
            "classId": 10214732,
            "description": "",
            "geometryType": "rectangle",
            "labelerLogin": "Yalda2HITL",
            "createdAt": "2022-07-18T14:24:24.820Z",
            "updatedAt": "2022-07-18T14:24:24.820Z",
            "tags": [],
            "classTitle": "Body text",
            "points": {
                "exterior": [
                    [
                        149,
                        766
                    ],
                    [
                        511,
                        818
                    ]
                ],
                "interior": []
            }
        },
        {
            "id": 972013509,
            "classId": 10214732,
            "description": "",
            "geometryType": "rectangle",
            "labelerLogin": "Yalda2HITL",
            "createdAt": "2022-07-18T14:24:24.820Z",
            "updatedAt": "2022-07-18T14:24:24.820Z",
            "tags": [],
            "classTitle": "Body text",
            "points": {
                "exterior": [
                    [
                        472,
                        1332
                    ],
                    [
                        673,
                        1380
                    ]
                ],
                "interior": []
            }
        },
        {
            "id": 972013553,
            "classId": 10214732,
            "description": "",
            "geometryType": "rectangle",
            "labelerLogin": "Yalda2HITL",
            "createdAt": "2022-07-18T14:24:24.820Z",
            "updatedAt": "2022-07-18T14:24:24.820Z",
            "tags": [],
            "classTitle": "Body text",
            "points": {
                "exterior": [
                    [
                        525,
                        1443
                    ],
                    [
                        641,
                        1475
                    ]
                ],
                "interior": []
            }
        },
        {
            "id": 972013552,
            "classId": 10214732,
            "description": "",
            "geometryType": "rectangle",
            "labelerLogin": "Yalda2HITL",
            "createdAt": "2022-07-18T14:24:24.820Z",
            "updatedAt": "2022-07-18T14:24:24.820Z",
            "tags": [],
            "classTitle": "Body text",
            "points": {
                "exterior": [
                    [
                        1029,
                        956
                    ],
                    [
                        1116,
                        1225
                    ]
                ],
                "interior": []
            }
        },
        {
            "id": 972013551,
            "classId": 10214732,
            "description": "",
            "geometryType": "rectangle",
            "labelerLogin": "Yalda2HITL",
            "createdAt": "2022-07-18T14:24:24.820Z",
            "updatedAt": "2022-07-18T14:24:24.820Z",
            "tags": [],
            "classTitle": "Body text",
            "points": {
                "exterior": [
                    [
                        883,
                        1231
                    ],
                    [
                        998,
                        1380
                    ]
                ],
                "interior": []
            }
        },
        {
            "id": 972013550,
            "classId": 10214732,
            "description": "",
            "geometryType": "rectangle",
            "labelerLogin": "Yalda2HITL",
            "createdAt": "2022-07-18T14:24:24.820Z",
            "updatedAt": "2022-07-18T14:24:24.820Z",
            "tags": [],
            "classTitle": "Body text",
            "points": {
                "exterior": [
                    [
                        680,
                        1411
                    ],
                    [
                        882,
                        1579
                    ]
                ],
                "interior": []
            }
        },
        {
            "id": 972013514,
            "classId": 10214732,
            "description": "",
            "geometryType": "rectangle",
            "labelerLogin": "Yalda2HITL",
            "createdAt": "2022-07-18T14:24:24.820Z",
            "updatedAt": "2022-07-18T14:24:24.820Z",
            "tags": [],
            "classTitle": "Body text",
            "points": {
                "exterior": [
                    [
                        259,
                        1339
                    ],
                    [
                        403,
                        1550
                    ]
                ],
                "interior": []
            }
        },
        {
            "id": 972013549,
            "classId": 10214732,
            "description": "",
            "geometryType": "rectangle",
            "labelerLogin": "Yalda2HITL",
            "createdAt": "2022-07-18T14:24:24.820Z",
            "updatedAt": "2022-07-18T14:24:24.820Z",
            "tags": [],
            "classTitle": "Body text",
            "points": {
                "exterior": [
                    [
                        30,
                        1436
                    ],
                    [
                        236,
                        1540
                    ]
                ],
                "interior": []
            }
        },
        {
            "id": 972013548,
            "classId": 10214732,
            "description": "",
            "geometryType": "rectangle",
            "labelerLogin": "Yalda2HITL",
            "createdAt": "2022-07-18T14:24:24.820Z",
            "updatedAt": "2022-07-18T14:24:24.820Z",
            "tags": [],
            "classTitle": "Body text",
            "points": {
                "exterior": [
                    [
                        31,
                        974
                    ],
                    [
                        149,
                        1100
                    ]
                ],
                "interior": []
            }
        },
        {
            "id": 972013547,
            "classId": 10214732,
            "description": "",
            "geometryType": "rectangle",
            "labelerLogin": "Yalda2HITL",
            "createdAt": "2022-07-18T14:24:24.820Z",
            "updatedAt": "2022-07-18T14:24:24.820Z",
            "tags": [],
            "classTitle": "Body text",
            "points": {
                "exterior": [
                    [
                        18,
                        1100
                    ],
                    [
                        152,
                        1314
                    ]
                ],
                "interior": []
            }
        },
        {
            "id": 972013546,
            "classId": 10214732,
            "description": "",
            "geometryType": "rectangle",
            "labelerLogin": "Yalda2HITL",
            "createdAt": "2022-07-18T14:24:24.820Z",
            "updatedAt": "2022-07-18T14:24:24.820Z",
            "tags": [],
            "classTitle": "Body text",
            "points": {
                "exterior": [
                    [
                        548,
                        1498
                    ],
                    [
                        612,
                        1554
                    ]
                ],
                "interior": []
            }
        },
        {
            "id": 972013544,
            "classId": 10214732,
            "description": "",
            "geometryType": "rectangle",
            "labelerLogin": "Yalda2HITL",
            "createdAt": "2022-07-18T14:24:24.820Z",
            "updatedAt": "2022-07-18T14:24:24.820Z",
            "tags": [],
            "classTitle": "Body text",
            "points": {
                "exterior": [
                    [
                        157,
                        1312
                    ],
                    [
                        234,
                        1383
                    ]
                ],
                "interior": []
            }
        },
        {
            "id": 972013465,
            "classId": 10214730,
            "description": "",
            "geometryType": "polygon",
            "labelerLogin": "Yalda2HITL",
            "createdAt": "2022-07-18T14:24:24.820Z",
            "updatedAt": "2022-07-18T14:24:24.820Z",
            "tags": [],
            "classTitle": "Page",
            "points": {
                "exterior": [
                    [
                        1152,
                        32
                    ],
                    [
                        1151,
                        43
                    ],
                    [
                        1155,
                        270
                    ],
                    [
                        1161,
                        493
                    ],
                    [
                        1168,
                        716
                    ],
                    [
                        1176,
                        965
                    ],
                    [
                        1181,
                        1162
                    ],
                    [
                        1188,
                        1347
                    ],
                    [
                        1196,
                        1533
                    ],
                    [
                        1197,
                        1586
                    ],
                    [
                        1192,
                        1593
                    ],
                    [
                        1186,
                        1595
                    ],
                    [
                        1181,
                        1596
                    ],
                    [
                        1138,
                        1598
                    ],
                    [
                        1078,
                        1595
                    ],
                    [
                        958,
                        1588
                    ],
                    [
                        821,
                        1582
                    ],
                    [
                        728,
                        1574
                    ],
                    [
                        524,
                        1562
                    ],
                    [
                        231,
                        1547
                    ],
                    [
                        73,
                        1542
                    ],
                    [
                        44,
                        1542
                    ],
                    [
                        26,
                        1540
                    ],
                    [
                        15,
                        1539
                    ],
                    [
                        2,
                        1534
                    ],
                    [
                        1,
                        1524
                    ],
                    [
                        0,
                        1518
                    ],
                    [
                        13,
                        1336
                    ],
                    [
                        20,
                        1083
                    ],
                    [
                        29,
                        824
                    ],
                    [
                        32,
                        719
                    ],
                    [
                        36,
                        604
                    ],
                    [
                        40,
                        438
                    ],
                    [
                        40,
                        273
                    ],
                    [
                        42,
                        173
                    ],
                    [
                        39,
                        126
                    ],
                    [
                        38,
                        115
                    ],
                    [
                        38,
                        104
                    ],
                    [
                        35,
                        90
                    ],
                    [
                        32,
                        77
                    ],
                    [
                        30,
                        70
                    ],
                    [
                        36,
                        64
                    ],
                    [
                        91,
                        64
                    ],
                    [
                        249,
                        59
                    ],
                    [
                        529,
                        48
                    ],
                    [
                        839,
                        31
                    ],
                    [
                        1073,
                        23
                    ],
                    [
                        1114,
                        21
                    ],
                    [
                        1139,
                        21
                    ],
                    [
                        1147,
                        24
                    ]
                ],
                "interior": []
            }
        },
        {
            "id": 972013536,
            "classId": 10214732,
            "description": "",
            "geometryType": "rectangle",
            "labelerLogin": "Yalda2HITL",
            "createdAt": "2022-07-18T14:24:24.820Z",
            "updatedAt": "2022-07-18T14:24:24.820Z",
            "tags": [],
            "classTitle": "Body text",
            "points": {
                "exterior": [
                    [
                        1079,
                        1238
                    ],
                    [
                        1178,
                        1333
                    ]
                ],
                "interior": []
            }
        },
        {
            "id": 972013554,
            "classId": 10214732,
            "description": "",
            "geometryType": "rectangle",
            "labelerLogin": "Yalda2HITL",
            "createdAt": "2022-07-18T14:24:24.820Z",
            "updatedAt": "2022-07-18T14:24:24.820Z",
            "tags": [],
            "classTitle": "Body text",
            "points": {
                "exterior": [
                    [
                        1007,
                        1365
                    ],
                    [
                        1140,
                        1529
                    ]
                ],
                "interior": []
            }
        }
    ]
}