{
    "description": "",
    "tags": [],
    "size": {
        "height": 1599,
        "width": 1200
    },
    "objects": [
        {
            "id": 972013457,
            "classId": 10214731,
            "description": "",
            "geometryType": "rectangle",
            "labelerLogin": "Yalda2HITL",
            "createdAt": "2022-07-18T14:24:24.820Z",
            "updatedAt": "2022-07-18T14:24:24.820Z",
            "tags": [
                {
                    "id": 151023233,
                    "tagId": 30308107,
                    "name": "Transcription",
                    "value": "\u0623\u0646\u062a \u0648\u0644\u062f \u0645\u0645\u064a\u0632",
                    "labelerLogin": "Yalda2HITL",
                    "createdAt": "2022-07-18T14:24:24.820Z",
                    "updatedAt": "2022-07-18T14:24:24.820Z"
                }
            ],
            "classTitle": "Title",
            "points": {
                "exterior": [
                    [
                        196,
                        210
                    ],
                    [
                        671,
                        323
                    ]
                ],
                "interior": []
            }
        },
        {
            "id": 972013463,
            "classId": 10214732,
            "description": "",
            "geometryType": "rectangle",
            "labelerLogin": "Yalda2HITL",
            "createdAt": "2022-07-18T14:24:24.820Z",
            "updatedAt": "2022-07-18T14:24:24.820Z",
            "tags": [],
            "classTitle": "Body text",
            "points": {
                "exterior": [
                    [
                        528,
                        1528
                    ],
                    [
                        640,
                        1572
                    ]
                ],
                "interior": []
            }
        },
        {
            "id": 972013425,
            "classId": 10214732,
            "description": "",
            "geometryType": "rectangle",
            "labelerLogin": "Yalda2HITL",
            "createdAt": "2022-07-18T14:24:24.820Z",
            "updatedAt": "2022-07-18T14:24:24.820Z",
            "tags": [],
            "classTitle": "Body text",
            "points": {
                "exterior": [
                    [
                        526,
                        1576
                    ],
                    [
                        640,
                        1598
                    ]
                ],
                "interior": []
            }
        },
        {
            "id": 972013464,
            "classId": 10214730,
            "description": "",
            "geometryType": "polygon",
            "labelerLogin": "Yalda2HITL",
            "createdAt": "2022-07-18T14:24:24.820Z",
            "updatedAt": "2022-07-18T14:24:24.820Z",
            "tags": [],
            "classTitle": "Page",
            "points": {
                "exterior": [
                    [
                        1149,
                        21
                    ],
                    [
                        1145,
                        283
                    ],
                    [
                        1145,
                        525
                    ],
                    [
                        1146,
                        625
                    ],
                    [
                        1146,
                        633
                    ],
                    [
                        1145,
                        640
                    ],
                    [
                        1145,
                        697
                    ],
                    [
                        1145,
                        750
                    ],
                    [
                        1146,
                        804
                    ],
                    [
                        1146,
                        885
                    ],
                    [
                        1146,
                        991
                    ],
                    [
                        1145,
                        1028
                    ],
                    [
                        1145,
                        1146
                    ],
                    [
                        1145,
                        1278
                    ],
                    [
                        1146,
                        1313
                    ],
                    [
                        1145,
                        1318
                    ],
                    [
                        1146,
                        1354
                    ],
                    [
                        1145,
                        1461
                    ],
                    [
                        1146,
                        1533
                    ],
                    [
                        1147,
                        1539
                    ],
                    [
                        1147,
                        1548
                    ],
                    [
                        1147,
                        1598
                    ],
                    [
                        47,
                        1598
                    ],
                    [
                        46,
                        1540
                    ],
                    [
                        48,
                        1317
                    ],
                    [
                        45,
                        1059
                    ],
                    [
                        44,
                        800
                    ],
                    [
                        40,
                        541
                    ],
                    [
                        40,
                        397
                    ],
                    [
                        44,
                        385
                    ],
                    [
                        42,
                        347
                    ],
                    [
                        43,
                        307
                    ],
                    [
                        43,
                        291
                    ],
                    [
                        43,
                        275
                    ],
                    [
                        43,
                        236
                    ],
                    [
                        39,
                        123
                    ],
                    [
                        38,
                        88
                    ],
                    [
                        36,
                        77
                    ],
                    [
                        36,
                        69
                    ],
                    [
                        120,
                        70
                    ],
                    [
                        265,
                        64
                    ],
                    [
                        466,
                        48
                    ],
                    [
                        611,
                        32
                    ],
                    [
                        709,
                        19
                    ],
                    [
                        726,
                        16
                    ],
                    [
                        737,
                        15
                    ],
                    [
                        755,
                        14
                    ],
                    [
                        773,
                        12
                    ],
                    [
                        785,
                        11
                    ],
                    [
                        802,
                        10
                    ],
                    [
                        812,
                        8
                    ],
                    [
                        821,
                        6
                    ],
                    [
                        831,
                        3
                    ],
                    [
                        839,
                        1
                    ],
                    [
                        1149,
                        0
                    ]
                ],
                "interior": []
            }
        }
    ]
}