{
    "description": "",
    "tags": [],
    "size": {
        "height": 1280,
        "width": 720
    },
    "objects": [
        {
            "id": 972012918,
            "classId": 10214731,
            "description": "",
            "geometryType": "rectangle",
            "labelerLogin": "Yalda2HITL",
            "createdAt": "2022-07-18T14:23:51.001Z",
            "updatedAt": "2022-07-18T14:23:51.001Z",
            "tags": [
                {
                    "id": 151023150,
                    "tagId": 30308107,
                    "name": "Transcription",
                    "value": "\u0647\u0630\u0647 \u0639\u0642\u064a\u062f\u062a\u064a",
                    "labelerLogin": "Yalda2HITL",
                    "createdAt": "2022-07-18T14:23:51.002Z",
                    "updatedAt": "2022-07-18T14:23:51.002Z"
                }
            ],
            "classTitle": "Title",
            "points": {
                "exterior": [
                    [
                        168,
                        255
                    ],
                    [
                        570,
                        342
                    ]
                ],
                "interior": []
            }
        },
        {
            "id": 972013005,
            "classId": 10214732,
            "description": "",
            "geometryType": "rectangle",
            "labelerLogin": "Yalda2HITL",
            "createdAt": "2022-07-18T14:23:51.001Z",
            "updatedAt": "2022-07-18T14:23:51.001Z",
            "tags": [],
            "classTitle": "Body text",
            "points": {
                "exterior": [
                    [
                        524,
                        593
                    ],
                    [
                        565,
                        611
                    ]
                ],
                "interior": []
            }
        },
        {
            "id": 972013004,
            "classId": 10214732,
            "description": "",
            "geometryType": "rectangle",
            "labelerLogin": "Yalda2HITL",
            "createdAt": "2022-07-18T14:23:51.001Z",
            "updatedAt": "2022-07-18T14:23:51.001Z",
            "tags": [],
            "classTitle": "Body text",
            "points": {
                "exterior": [
                    [
                        440,
                        631
                    ],
                    [
                        659,
                        671
                    ]
                ],
                "interior": []
            }
        },
        {
            "id": 972013003,
            "classId": 10214732,
            "description": "",
            "geometryType": "rectangle",
            "labelerLogin": "Yalda2HITL",
            "createdAt": "2022-07-18T14:23:51.001Z",
            "updatedAt": "2022-07-18T14:23:51.001Z",
            "tags": [],
            "classTitle": "Body text",
            "points": {
                "exterior": [
                    [
                        488,
                        805
                    ],
                    [
                        644,
                        847
                    ]
                ],
                "interior": []
            }
        },
        {
            "id": 972013006,
            "classId": 10214730,
            "description": "",
            "geometryType": "polygon",
            "labelerLogin": "Yalda2HITL",
            "createdAt": "2022-07-18T14:23:51.001Z",
            "updatedAt": "2022-07-18T14:23:51.001Z",
            "tags": [],
            "classTitle": "Page",
            "points": {
                "exterior": [
                    [
                        140,
                        184
                    ],
                    [
                        281,
                        181
                    ],
                    [
                        470,
                        181
                    ],
                    [
                        640,
                        183
                    ],
                    [
                        655,
                        297
                    ],
                    [
                        673,
                        404
                    ],
                    [
                        692,
                        511
                    ],
                    [
                        717,
                        660
                    ],
                    [
                        720,
                        834
                    ],
                    [
                        719,
                        905
                    ],
                    [
                        586,
                        911
                    ],
                    [
                        404,
                        912
                    ],
                    [
                        241,
                        919
                    ],
                    [
                        81,
                        921
                    ],
                    [
                        78,
                        910
                    ],
                    [
                        72,
                        896
                    ],
                    [
                        51,
                        902
                    ],
                    [
                        45,
                        882
                    ],
                    [
                        48,
                        868
                    ],
                    [
                        56,
                        859
                    ],
                    [
                        74,
                        709
                    ],
                    [
                        102,
                        485
                    ]
                ],
                "interior": []
            }
        }
    ]
}