{
    "description": "",
    "tags": [],
    "size": {
        "height": 1280,
        "width": 720
    },
    "objects": [
        {
            "id": 972012906,
            "classId": 10214732,
            "description": "",
            "geometryType": "rectangle",
            "labelerLogin": "Yalda2HITL",
            "createdAt": "2022-07-18T14:23:51.001Z",
            "updatedAt": "2022-07-18T14:23:51.001Z",
            "tags": [],
            "classTitle": "Body text",
            "points": {
                "exterior": [
                    [
                        284,
                        227
                    ],
                    [
                        448,
                        264
                    ]
                ],
                "interior": []
            }
        },
        {
            "id": 972012895,
            "classId": 10214732,
            "description": "",
            "geometryType": "rectangle",
            "labelerLogin": "Yalda2HITL",
            "createdAt": "2022-07-18T14:23:51.001Z",
            "updatedAt": "2022-07-18T14:23:51.001Z",
            "tags": [],
            "classTitle": "Body text",
            "points": {
                "exterior": [
                    [
                        209,
                        333
                    ],
                    [
                        492,
                        420
                    ]
                ],
                "interior": []
            }
        },
        {
            "id": 972012894,
            "classId": 10214732,
            "description": "",
            "geometryType": "rectangle",
            "labelerLogin": "Yalda2HITL",
            "createdAt": "2022-07-18T14:23:51.001Z",
            "updatedAt": "2022-07-18T14:23:51.001Z",
            "tags": [],
            "classTitle": "Body text",
            "points": {
                "exterior": [
                    [
                        289,
                        954
                    ],
                    [
                        450,
                        986
                    ]
                ],
                "interior": []
            }
        },
        {
            "id": 972012909,
            "classId": 10214731,
            "description": "",
            "geometryType": "rectangle",
            "labelerLogin": "Yalda2HITL",
            "createdAt": "2022-07-18T14:23:51.001Z",
            "updatedAt": "2022-07-18T14:23:51.001Z",
            "tags": [
                {
                    "id": 151023146,
                    "tagId": 30308107,
                    "name": "Transcription",
                    "value": "\u0645\u0644\u0627\u0643  \u0627\u0644\u0634\u0639\u0631 \u0648 \u0627\u0644\u0645\u0633\u0631\u062d",
                    "labelerLogin": "Yalda2HITL",
                    "createdAt": "2022-07-18T14:23:51.002Z",
                    "updatedAt": "2022-07-18T14:23:51.002Z"
                }
            ],
            "classTitle": "Title",
            "points": {
                "exterior": [
                    [
                        131,
                        400
                    ],
                    [
                        544,
                        533
                    ]
                ],
                "interior": []
            }
        },
        {
            "id": 972012999,
            "classId": 10214730,
            "description": "",
            "geometryType": "polygon",
            "labelerLogin": "Yalda2HITL",
            "createdAt": "2022-07-18T14:23:51.001Z",
            "updatedAt": "2022-07-18T14:23:51.001Z",
            "tags": [],
            "classTitle": "Page",
            "points": {
                "exterior": [
                    [
                        49,
                        159
                    ],
                    [
                        303,
                        159
                    ],
                    [
                        472,
                        160
                    ],
                    [
                        671,
                        160
                    ],
                    [
                        667,
                        289
                    ],
                    [
                        663,
                        388
                    ],
                    [
                        657,
                        578
                    ],
                    [
                        652,
                        761
                    ],
                    [
                        649,
                        870
                    ],
                    [
                        647,
                        969
                    ],
                    [
                        647,
                        1043
                    ],
                    [
                        569,
                        1047
                    ],
                    [
                        471,
                        1054
                    ],
                    [
                        280,
                        1069
                    ],
                    [
                        160,
                        1080
                    ],
                    [
                        89,
                        1090
                    ],
                    [
                        83,
                        948
                    ],
                    [
                        69,
                        618
                    ],
                    [
                        55,
                        362
                    ]
                ],
                "interior": []
            }
        }
    ]
}