{
    "description": "",
    "tags": [],
    "size": {
        "height": 1280,
        "width": 1177
    },
    "objects": [
        {
            "id": 972012892,
            "classId": 10214731,
            "description": "",
            "geometryType": "rectangle",
            "labelerLogin": "Yalda2HITL",
            "createdAt": "2022-07-18T14:23:51.001Z",
            "updatedAt": "2022-07-18T14:23:51.001Z",
            "tags": [
                {
                    "id": 151023180,
                    "tagId": 30308107,
                    "name": "Transcription",
                    "value": "\u0627\u0644\u0633\u0627\u0628\u0639\u0629 \u0648\u0627\u0644\u0646\u0635\u0641",
                    "labelerLogin": "Yalda2HITL",
                    "createdAt": "2022-07-18T14:23:51.002Z",
                    "updatedAt": "2022-07-18T14:23:51.002Z"
                }
            ],
            "classTitle": "Title",
            "points": {
                "exterior": [
                    [
                        418,
                        339
                    ],
                    [
                        757,
                        393
                    ]
                ],
                "interior": []
            }
        },
        {
            "id": 972012893,
            "classId": 10214731,
            "description": "",
            "geometryType": "rectangle",
            "labelerLogin": "Yalda2HITL",
            "createdAt": "2022-07-18T14:23:51.001Z",
            "updatedAt": "2022-07-18T14:23:51.001Z",
            "tags": [
                {
                    "id": 151023181,
                    "tagId": 30308107,
                    "name": "Transcription",
                    "value": "\u0645\u0633\u0627\u0621 \u0627\u0644\u0623\u0631\u0628\u0639\u0627\u0621",
                    "labelerLogin": "Yalda2HITL",
                    "createdAt": "2022-07-18T14:23:51.002Z",
                    "updatedAt": "2022-07-18T14:23:51.002Z"
                }
            ],
            "classTitle": "Title",
            "points": {
                "exterior": [
                    [
                        368,
                        405
                    ],
                    [
                        805,
                        482
                    ]
                ],
                "interior": []
            }
        },
        {
            "id": 972012889,
            "classId": 10214732,
            "description": "",
            "geometryType": "rectangle",
            "labelerLogin": "Yalda2HITL",
            "createdAt": "2022-07-18T14:23:51.001Z",
            "updatedAt": "2022-07-18T14:23:51.001Z",
            "tags": [],
            "classTitle": "Body text",
            "points": {
                "exterior": [
                    [
                        551,
                        139
                    ],
                    [
                        630,
                        202
                    ]
                ],
                "interior": []
            }
        },
        {
            "id": 972012898,
            "classId": 10214732,
            "description": "",
            "geometryType": "rectangle",
            "labelerLogin": "Yalda2HITL",
            "createdAt": "2022-07-18T14:23:51.001Z",
            "updatedAt": "2022-07-18T14:23:51.001Z",
            "tags": [],
            "classTitle": "Body text",
            "points": {
                "exterior": [
                    [
                        526,
                        839
                    ],
                    [
                        638,
                        858
                    ]
                ],
                "interior": []
            }
        },
        {
            "id": 972012897,
            "classId": 10214732,
            "description": "",
            "geometryType": "rectangle",
            "labelerLogin": "Yalda2HITL",
            "createdAt": "2022-07-18T14:23:51.001Z",
            "updatedAt": "2022-07-18T14:23:51.001Z",
            "tags": [],
            "classTitle": "Body text",
            "points": {
                "exterior": [
                    [
                        485,
                        869
                    ],
                    [
                        678,
                        897
                    ]
                ],
                "interior": []
            }
        },
        {
            "id": 972012907,
            "classId": 10214732,
            "description": "",
            "geometryType": "rectangle",
            "labelerLogin": "Yalda2HITL",
            "createdAt": "2022-07-18T14:23:51.001Z",
            "updatedAt": "2022-07-18T14:23:51.001Z",
            "tags": [],
            "classTitle": "Body text",
            "points": {
                "exterior": [
                    [
                        413,
                        914
                    ],
                    [
                        747,
                        942
                    ]
                ],
                "interior": []
            }
        },
        {
            "id": 972012904,
            "classId": 10214732,
            "description": "",
            "geometryType": "rectangle",
            "labelerLogin": "Yalda2HITL",
            "createdAt": "2022-07-18T14:23:51.001Z",
            "updatedAt": "2022-07-18T14:23:51.001Z",
            "tags": [],
            "classTitle": "Body text",
            "points": {
                "exterior": [
                    [
                        415,
                        947
                    ],
                    [
                        748,
                        977
                    ]
                ],
                "interior": []
            }
        },
        {
            "id": 972012903,
            "classId": 10214732,
            "description": "",
            "geometryType": "rectangle",
            "labelerLogin": "Yalda2HITL",
            "createdAt": "2022-07-18T14:23:51.001Z",
            "updatedAt": "2022-07-18T14:23:51.001Z",
            "tags": [],
            "classTitle": "Body text",
            "points": {
                "exterior": [
                    [
                        410,
                        987
                    ],
                    [
                        747,
                        1015
                    ]
                ],
                "interior": []
            }
        },
        {
            "id": 972012905,
            "classId": 10214732,
            "description": "",
            "geometryType": "rectangle",
            "labelerLogin": "Yalda2HITL",
            "createdAt": "2022-07-18T14:23:51.001Z",
            "updatedAt": "2022-07-18T14:23:51.001Z",
            "tags": [],
            "classTitle": "Body text",
            "points": {
                "exterior": [
                    [
                        410,
                        1026
                    ],
                    [
                        748,
                        1059
                    ]
                ],
                "interior": []
            }
        },
        {
            "id": 972012908,
            "classId": 10214732,
            "description": "",
            "geometryType": "rectangle",
            "labelerLogin": "Yalda2HITL",
            "createdAt": "2022-07-18T14:23:51.001Z",
            "updatedAt": "2022-07-18T14:23:51.001Z",
            "tags": [],
            "classTitle": "Body text",
            "points": {
                "exterior": [
                    [
                        499,
                        1194
                    ],
                    [
                        656,
                        1222
                    ]
                ],
                "interior": []
            }
        },
        {
            "id": 972012998,
            "classId": 10214730,
            "description": "",
            "geometryType": "polygon",
            "labelerLogin": "Yalda2HITL",
            "createdAt": "2022-07-18T14:23:51.001Z",
            "updatedAt": "2022-07-18T14:23:51.001Z",
            "tags": [],
            "classTitle": "Page",
            "points": {
                "exterior": [
                    [
                        234,
                        112
                    ],
                    [
                        396,
                        119
                    ],
                    [
                        533,
                        122
                    ],
                    [
                        696,
                        124
                    ],
                    [
                        821,
                        125
                    ],
                    [
                        940,
                        124
                    ],
                    [
                        943,
                        303
                    ],
                    [
                        947,
                        511
                    ],
                    [
                        948,
                        654
                    ],
                    [
                        953,
                        887
                    ],
                    [
                        960,
                        1095
                    ],
                    [
                        963,
                        1250
                    ],
                    [
                        762,
                        1247
                    ],
                    [
                        492,
                        1250
                    ],
                    [
                        204,
                        1253
                    ],
                    [
                        192,
                        1241
                    ],
                    [
                        209,
                        824
                    ],
                    [
                        227,
                        393
                    ]
                ],
                "interior": []
            }
        }
    ]
}