{
    "description": "",
    "tags": [],
    "size": {
        "height": 1280,
        "width": 720
    },
    "objects": [
        {
            "id": 972012996,
            "classId": 10214731,
            "description": "",
            "geometryType": "rectangle",
            "labelerLogin": "Yalda2HITL",
            "createdAt": "2022-07-18T14:23:51.001Z",
            "updatedAt": "2022-07-18T14:23:51.001Z",
            "tags": [
                {
                    "id": 151023167,
                    "tagId": 30308107,
                    "name": "Transcription",
                    "value": "\u0631\u062d\u0644\u0629",
                    "labelerLogin": "Yalda2HITL",
                    "createdAt": "2022-07-18T14:23:51.002Z",
                    "updatedAt": "2022-07-18T14:23:51.002Z"
                }
            ],
            "classTitle": "Title",
            "points": {
                "exterior": [
                    [
                        366,
                        239
                    ],
                    [
                        644,
                        382
                    ]
                ],
                "interior": []
            }
        },
        {
            "id": 972012901,
            "classId": 10214731,
            "description": "",
            "geometryType": "rectangle",
            "labelerLogin": "Yalda2HITL",
            "createdAt": "2022-07-18T14:23:51.001Z",
            "updatedAt": "2022-07-18T14:23:51.001Z",
            "tags": [
                {
                    "id": 151023145,
                    "tagId": 30308107,
                    "name": "Transcription",
                    "value": "\u0627\u0644\u0645\u0648\u062a",
                    "labelerLogin": "Yalda2HITL",
                    "createdAt": "2022-07-18T14:23:51.002Z",
                    "updatedAt": "2022-07-18T14:23:51.002Z"
                }
            ],
            "classTitle": "Title",
            "points": {
                "exterior": [
                    [
                        359,
                        410
                    ],
                    [
                        642,
                        589
                    ]
                ],
                "interior": []
            }
        },
        {
            "id": 972012902,
            "classId": 10214732,
            "description": "",
            "geometryType": "rectangle",
            "labelerLogin": "Yalda2HITL",
            "createdAt": "2022-07-18T14:23:51.001Z",
            "updatedAt": "2022-07-18T14:23:51.001Z",
            "tags": [],
            "classTitle": "Body text",
            "points": {
                "exterior": [
                    [
                        365,
                        613
                    ],
                    [
                        630,
                        677
                    ]
                ],
                "interior": []
            }
        },
        {
            "id": 972012900,
            "classId": 10214732,
            "description": "",
            "geometryType": "rectangle",
            "labelerLogin": "Yalda2HITL",
            "createdAt": "2022-07-18T14:23:51.001Z",
            "updatedAt": "2022-07-18T14:23:51.001Z",
            "tags": [],
            "classTitle": "Body text",
            "points": {
                "exterior": [
                    [
                        366,
                        687
                    ],
                    [
                        630,
                        752
                    ]
                ],
                "interior": []
            }
        },
        {
            "id": 972012995,
            "classId": 10214732,
            "description": "",
            "geometryType": "rectangle",
            "labelerLogin": "Yalda2HITL",
            "createdAt": "2022-07-18T14:23:51.001Z",
            "updatedAt": "2022-07-18T14:23:51.001Z",
            "tags": [],
            "classTitle": "Body text",
            "points": {
                "exterior": [
                    [
                        404,
                        1090
                    ],
                    [
                        587,
                        1142
                    ]
                ],
                "interior": []
            }
        },
        {
            "id": 972012993,
            "classId": 10214730,
            "description": "",
            "geometryType": "polygon",
            "labelerLogin": "Yalda2HITL",
            "createdAt": "2022-07-18T14:23:51.001Z",
            "updatedAt": "2022-07-18T14:23:51.001Z",
            "tags": [],
            "classTitle": "Page",
            "points": {
                "exterior": [
                    [
                        0,
                        37
                    ],
                    [
                        238,
                        51
                    ],
                    [
                        446,
                        61
                    ],
                    [
                        631,
                        63
                    ],
                    [
                        720,
                        68
                    ],
                    [
                        719,
                        740
                    ],
                    [
                        718,
                        1260
                    ],
                    [
                        482,
                        1278
                    ],
                    [
                        0,
                        1279
                    ]
                ],
                "interior": []
            }
        }
    ]
}