{
    "description": "",
    "tags": [],
    "size": {
        "height": 905,
        "width": 1280
    },
    "objects": [
        {
            "id": 972012921,
            "classId": 10214732,
            "description": "",
            "geometryType": "rectangle",
            "labelerLogin": "Yalda2HITL",
            "createdAt": "2022-07-18T14:23:51.001Z",
            "updatedAt": "2022-07-18T14:23:51.001Z",
            "tags": [],
            "classTitle": "Body text",
            "points": {
                "exterior": [
                    [
                        476,
                        70
                    ],
                    [
                        787,
                        105
                    ]
                ],
                "interior": []
            }
        },
        {
            "id": 972013022,
            "classId": 10214732,
            "description": "",
            "geometryType": "rectangle",
            "labelerLogin": "Yalda2HITL",
            "createdAt": "2022-07-18T14:23:51.001Z",
            "updatedAt": "2022-07-18T14:23:51.001Z",
            "tags": [],
            "classTitle": "Body text",
            "points": {
                "exterior": [
                    [
                        376,
                        316
                    ],
                    [
                        884,
                        353
                    ]
                ],
                "interior": []
            }
        },
        {
            "id": 972012919,
            "classId": 10214732,
            "description": "",
            "geometryType": "rectangle",
            "labelerLogin": "Yalda2HITL",
            "createdAt": "2022-07-18T14:23:51.001Z",
            "updatedAt": "2022-07-18T14:23:51.001Z",
            "tags": [],
            "classTitle": "Body text",
            "points": {
                "exterior": [
                    [
                        432,
                        407
                    ],
                    [
                        821,
                        433
                    ]
                ],
                "interior": []
            }
        },
        {
            "id": 972012920,
            "classId": 10214732,
            "description": "",
            "geometryType": "rectangle",
            "labelerLogin": "Yalda2HITL",
            "createdAt": "2022-07-18T14:23:51.001Z",
            "updatedAt": "2022-07-18T14:23:51.001Z",
            "tags": [],
            "classTitle": "Body text",
            "points": {
                "exterior": [
                    [
                        434,
                        444
                    ],
                    [
                        822,
                        473
                    ]
                ],
                "interior": []
            }
        },
        {
            "id": 972012922,
            "classId": 10214731,
            "description": "",
            "geometryType": "rectangle",
            "labelerLogin": "Yalda2HITL",
            "createdAt": "2022-07-18T14:23:51.001Z",
            "updatedAt": "2022-07-18T14:23:51.001Z",
            "tags": [
                {
                    "id": 151023151,
                    "tagId": 30308107,
                    "name": "Transcription",
                    "value": "\u0627\u0644\u0639\u0644\u0627\u0642\u0627\u062a \u0623\u0644\u0648\u0627\u0646",
                    "labelerLogin": "Yalda2HITL",
                    "createdAt": "2022-07-18T14:23:51.002Z",
                    "updatedAt": "2022-07-18T14:23:51.002Z"
                }
            ],
            "classTitle": "Title",
            "points": {
                "exterior": [
                    [
                        377,
                        205
                    ],
                    [
                        884,
                        304
                    ]
                ],
                "interior": []
            }
        },
        {
            "id": 972013021,
            "classId": 10214730,
            "description": "",
            "geometryType": "polygon",
            "labelerLogin": "Yalda2HITL",
            "createdAt": "2022-07-18T14:23:51.001Z",
            "updatedAt": "2022-07-18T14:23:51.001Z",
            "tags": [],
            "classTitle": "Page",
            "points": {
                "exterior": [
                    [
                        292,
                        3
                    ],
                    [
                        397,
                        5
                    ],
                    [
                        479,
                        3
                    ],
                    [
                        593,
                        4
                    ],
                    [
                        712,
                        0
                    ],
                    [
                        839,
                        0
                    ],
                    [
                        1012,
                        0
                    ],
                    [
                        1005,
                        130
                    ],
                    [
                        1004,
                        225
                    ],
                    [
                        1002,
                        309
                    ],
                    [
                        1000,
                        407
                    ],
                    [
                        998,
                        541
                    ],
                    [
                        997,
                        671
                    ],
                    [
                        993,
                        782
                    ],
                    [
                        998,
                        904
                    ],
                    [
                        280,
                        904
                    ],
                    [
                        285,
                        620
                    ],
                    [
                        290,
                        260
                    ]
                ],
                "interior": []
            }
        }
    ]
}