{
    "description": "",
    "tags": [],
    "size": {
        "height": 1280,
        "width": 720
    },
    "objects": [
        {
            "id": 972012917,
            "classId": 10214731,
            "description": "",
            "geometryType": "rectangle",
            "labelerLogin": "Yalda2HITL",
            "createdAt": "2022-07-18T14:23:51.001Z",
            "updatedAt": "2022-07-18T14:23:51.001Z",
            "tags": [
                {
                    "id": 151023149,
                    "tagId": 30308107,
                    "name": "Transcription",
                    "value": "\u0627\u0644\u0645\u062c\u0645\u0648\u0639\u0629 ",
                    "labelerLogin": "Yalda2HITL",
                    "createdAt": "2022-07-18T14:23:51.002Z",
                    "updatedAt": "2022-07-18T14:23:51.002Z"
                }
            ],
            "classTitle": "Title",
            "points": {
                "exterior": [
                    [
                        186,
                        457
                    ],
                    [
                        674,
                        645
                    ]
                ],
                "interior": []
            }
        },
        {
            "id": 972013017,
            "classId": 10214731,
            "description": "",
            "geometryType": "rectangle",
            "labelerLogin": "Yalda2HITL",
            "createdAt": "2022-07-18T14:23:51.001Z",
            "updatedAt": "2022-07-18T14:23:51.001Z",
            "tags": [
                {
                    "id": 151023171,
                    "tagId": 30308107,
                    "name": "Transcription",
                    "value": "\u0627\u0644\u0634\u0639\u0631\u064a\u0629",
                    "labelerLogin": "Yalda2HITL",
                    "createdAt": "2022-07-18T14:23:51.002Z",
                    "updatedAt": "2022-07-18T14:23:51.002Z"
                }
            ],
            "classTitle": "Title",
            "points": {
                "exterior": [
                    [
                        150,
                        661
                    ],
                    [
                        676,
                        840
                    ]
                ],
                "interior": []
            }
        },
        {
            "id": 972013016,
            "classId": 10214732,
            "description": "",
            "geometryType": "rectangle",
            "labelerLogin": "Yalda2HITL",
            "createdAt": "2022-07-18T14:23:51.001Z",
            "updatedAt": "2022-07-18T14:23:51.001Z",
            "tags": [],
            "classTitle": "Body text",
            "points": {
                "exterior": [
                    [
                        239,
                        833
                    ],
                    [
                        558,
                        1022
                    ]
                ],
                "interior": []
            }
        },
        {
            "id": 972013015,
            "classId": 10214732,
            "description": "",
            "geometryType": "rectangle",
            "labelerLogin": "Yalda2HITL",
            "createdAt": "2022-07-18T14:23:51.001Z",
            "updatedAt": "2022-07-18T14:23:51.001Z",
            "tags": [],
            "classTitle": "Body text",
            "points": {
                "exterior": [
                    [
                        310,
                        235
                    ],
                    [
                        573,
                        325
                    ]
                ],
                "interior": []
            }
        },
        {
            "id": 972013020,
            "classId": 10214730,
            "description": "",
            "geometryType": "polygon",
            "labelerLogin": "Yalda2HITL",
            "createdAt": "2022-07-18T14:23:51.001Z",
            "updatedAt": "2022-07-18T14:23:51.001Z",
            "tags": [],
            "classTitle": "Page",
            "points": {
                "exterior": [
                    [
                        65,
                        150
                    ],
                    [
                        269,
                        148
                    ],
                    [
                        437,
                        155
                    ],
                    [
                        629,
                        160
                    ],
                    [
                        716,
                        177
                    ],
                    [
                        719,
                        245
                    ],
                    [
                        720,
                        321
                    ],
                    [
                        718,
                        380
                    ],
                    [
                        718,
                        1166
                    ],
                    [
                        457,
                        1164
                    ],
                    [
                        172,
                        1143
                    ],
                    [
                        63,
                        1120
                    ],
                    [
                        62,
                        789
                    ],
                    [
                        61,
                        583
                    ],
                    [
                        64,
                        284
                    ],
                    [
                        51,
                        162
                    ]
                ],
                "interior": []
            }
        }
    ]
}