{
    "description": "",
    "tags": [],
    "size": {
        "height": 1280,
        "width": 720
    },
    "objects": [
        {
            "id": 972012963,
            "classId": 10214732,
            "description": "",
            "geometryType": "rectangle",
            "labelerLogin": "Yalda2HITL",
            "createdAt": "2022-07-18T14:23:51.001Z",
            "updatedAt": "2022-07-18T14:23:51.001Z",
            "tags": [],
            "classTitle": "Body text",
            "points": {
                "exterior": [
                    [
                        103,
                        512
                    ],
                    [
                        638,
                        573
                    ]
                ],
                "interior": []
            }
        },
        {
            "id": 972012962,
            "classId": 10214732,
            "description": "",
            "geometryType": "rectangle",
            "labelerLogin": "Yalda2HITL",
            "createdAt": "2022-07-18T14:23:51.001Z",
            "updatedAt": "2022-07-18T14:23:51.001Z",
            "tags": [],
            "classTitle": "Body text",
            "points": {
                "exterior": [
                    [
                        67,
                        1065
                    ],
                    [
                        110,
                        1076
                    ]
                ],
                "interior": []
            }
        },
        {
            "id": 972012961,
            "classId": 10214732,
            "description": "",
            "geometryType": "rectangle",
            "labelerLogin": "Yalda2HITL",
            "createdAt": "2022-07-18T14:23:51.001Z",
            "updatedAt": "2022-07-18T14:23:51.001Z",
            "tags": [],
            "classTitle": "Body text",
            "points": {
                "exterior": [
                    [
                        67,
                        1056
                    ],
                    [
                        110,
                        1067
                    ]
                ],
                "interior": []
            }
        },
        {
            "id": 972012960,
            "classId": 10214732,
            "description": "",
            "geometryType": "rectangle",
            "labelerLogin": "Yalda2HITL",
            "createdAt": "2022-07-18T14:23:51.001Z",
            "updatedAt": "2022-07-18T14:23:51.001Z",
            "tags": [],
            "classTitle": "Body text",
            "points": {
                "exterior": [
                    [
                        330,
                        203
                    ],
                    [
                        719,
                        282
                    ]
                ],
                "interior": []
            }
        },
        {
            "id": 972012964,
            "classId": 10214731,
            "description": "",
            "geometryType": "rectangle",
            "labelerLogin": "Yalda2HITL",
            "createdAt": "2022-07-18T14:23:51.001Z",
            "updatedAt": "2022-07-18T14:23:51.001Z",
            "tags": [
                {
                    "id": 151023158,
                    "tagId": 30308107,
                    "name": "Transcription",
                    "value": "\u0648\u0635\u0627\u064a\u0627 \u0627\u0644\u0630\u0628\u064a\u062d",
                    "labelerLogin": "Yalda2HITL",
                    "createdAt": "2022-07-18T14:23:51.002Z",
                    "updatedAt": "2022-07-18T14:23:51.002Z"
                }
            ],
            "classTitle": "Title",
            "points": {
                "exterior": [
                    [
                        183,
                        341
                    ],
                    [
                        661,
                        456
                    ]
                ],
                "interior": []
            }
        },
        {
            "id": 972013072,
            "classId": 10214730,
            "description": "",
            "geometryType": "polygon",
            "labelerLogin": "Yalda2HITL",
            "createdAt": "2022-07-18T14:23:51.001Z",
            "updatedAt": "2022-07-18T14:23:51.001Z",
            "tags": [],
            "classTitle": "Page",
            "points": {
                "exterior": [
                    [
                        15,
                        1103
                    ],
                    [
                        125,
                        1114
                    ],
                    [
                        266,
                        1130
                    ],
                    [
                        531,
                        1169
                    ],
                    [
                        719,
                        1202
                    ],
                    [
                        719,
                        0
                    ],
                    [
                        0,
                        0
                    ],
                    [
                        0,
                        491
                    ],
                    [
                        0,
                        814
                    ],
                    [
                        9,
                        957
                    ]
                ],
                "interior": []
            }
        },
        {
            "id": 972013073,
            "classId": 10214732,
            "description": "",
            "geometryType": "rectangle",
            "labelerLogin": "Yalda2HITL",
            "createdAt": "2022-07-18T14:23:51.001Z",
            "updatedAt": "2022-07-18T14:23:51.001Z",
            "tags": [],
            "classTitle": "Body text",
            "points": {
                "exterior": [
                    [
                        153,
                        74
                    ],
                    [
                        702,
                        114
                    ]
                ],
                "interior": []
            }
        }
    ]
}