{
    "description": "",
    "tags": [],
    "size": {
        "height": 1280,
        "width": 720
    },
    "objects": [
        {
            "id": 972012974,
            "classId": 10214731,
            "description": "",
            "geometryType": "rectangle",
            "labelerLogin": "Yalda2HITL",
            "createdAt": "2022-07-18T14:23:51.001Z",
            "updatedAt": "2022-07-18T14:23:51.001Z",
            "tags": [
                {
                    "id": 151023161,
                    "tagId": 30308107,
                    "name": "Transcription",
                    "value": "\u0645\u0646\u0628\u0648\u0630 \u0627\u0644\u062c\u0628\u0644",
                    "labelerLogin": "Yalda2HITL",
                    "createdAt": "2022-07-18T14:23:51.002Z",
                    "updatedAt": "2022-07-18T14:23:51.002Z"
                }
            ],
            "classTitle": "Title",
            "points": {
                "exterior": [
                    [
                        66,
                        326
                    ],
                    [
                        675,
                        471
                    ]
                ],
                "interior": []
            }
        },
        {
            "id": 972012973,
            "classId": 10214732,
            "description": "",
            "geometryType": "rectangle",
            "labelerLogin": "Yalda2HITL",
            "createdAt": "2022-07-18T14:23:51.001Z",
            "updatedAt": "2022-07-18T14:23:51.001Z",
            "tags": [],
            "classTitle": "Body text",
            "points": {
                "exterior": [
                    [
                        204,
                        177
                    ],
                    [
                        561,
                        250
                    ]
                ],
                "interior": []
            }
        },
        {
            "id": 972012978,
            "classId": 10214732,
            "description": "",
            "geometryType": "rectangle",
            "labelerLogin": "Yalda2HITL",
            "createdAt": "2022-07-18T14:23:51.001Z",
            "updatedAt": "2022-07-18T14:23:51.001Z",
            "tags": [],
            "classTitle": "Body text",
            "points": {
                "exterior": [
                    [
                        541,
                        1032
                    ],
                    [
                        631,
                        1103
                    ]
                ],
                "interior": []
            }
        },
        {
            "id": 972013068,
            "classId": 10214730,
            "description": "",
            "geometryType": "polygon",
            "labelerLogin": "Yalda2HITL",
            "createdAt": "2022-07-18T14:23:51.001Z",
            "updatedAt": "2022-07-18T14:23:51.001Z",
            "tags": [],
            "classTitle": "Page",
            "points": {
                "exterior": [
                    [
                        10,
                        31
                    ],
                    [
                        113,
                        35
                    ],
                    [
                        396,
                        39
                    ],
                    [
                        523,
                        40
                    ],
                    [
                        574,
                        42
                    ],
                    [
                        642,
                        46
                    ],
                    [
                        701,
                        53
                    ],
                    [
                        716,
                        142
                    ],
                    [
                        720,
                        182
                    ],
                    [
                        719,
                        1174
                    ],
                    [
                        422,
                        1190
                    ],
                    [
                        217,
                        1199
                    ],
                    [
                        0,
                        1206
                    ],
                    [
                        1,
                        468
                    ],
                    [
                        2,
                        202
                    ],
                    [
                        0,
                        67
                    ],
                    [
                        8,
                        63
                    ],
                    [
                        6,
                        43
                    ]
                ],
                "interior": []
            }
        }
    ]
}