{
    "description": "",
    "tags": [],
    "size": {
        "height": 1280,
        "width": 720
    },
    "objects": [
        {
            "id": 972012959,
            "classId": 10214731,
            "description": "",
            "geometryType": "rectangle",
            "labelerLogin": "Yalda2HITL",
            "createdAt": "2022-07-18T14:23:51.001Z",
            "updatedAt": "2022-07-18T14:23:51.001Z",
            "tags": [
                {
                    "id": 151023157,
                    "tagId": 30308107,
                    "name": "Transcription",
                    "value": "\u0632\u0646\u0642\u0629 ",
                    "labelerLogin": "Yalda2HITL",
                    "createdAt": "2022-07-18T14:23:51.002Z",
                    "updatedAt": "2022-07-18T14:23:51.002Z"
                }
            ],
            "classTitle": "Title",
            "points": {
                "exterior": [
                    [
                        239,
                        147
                    ],
                    [
                        495,
                        280
                    ]
                ],
                "interior": []
            }
        },
        {
            "id": 972012954,
            "classId": 10214731,
            "description": "",
            "geometryType": "rectangle",
            "labelerLogin": "Yalda2HITL",
            "createdAt": "2022-07-18T14:23:51.001Z",
            "updatedAt": "2022-07-18T14:23:51.001Z",
            "tags": [
                {
                    "id": 151023156,
                    "tagId": 30308107,
                    "name": "Transcription",
                    "value": "\u0627\u0644\u0637\u0651\u0644\u064a\u0627\u0646",
                    "labelerLogin": "Yalda2HITL",
                    "createdAt": "2022-07-18T14:23:51.002Z",
                    "updatedAt": "2022-07-18T14:23:51.002Z"
                }
            ],
            "classTitle": "Title",
            "points": {
                "exterior": [
                    [
                        203,
                        285
                    ],
                    [
                        538,
                        441
                    ]
                ],
                "interior": []
            }
        },
        {
            "id": 972012955,
            "classId": 10214732,
            "description": "",
            "geometryType": "rectangle",
            "labelerLogin": "Yalda2HITL",
            "createdAt": "2022-07-18T14:23:51.001Z",
            "updatedAt": "2022-07-18T14:23:51.001Z",
            "tags": [],
            "classTitle": "Body text",
            "points": {
                "exterior": [
                    [
                        51,
                        1009
                    ],
                    [
                        230,
                        1039
                    ]
                ],
                "interior": []
            }
        },
        {
            "id": 972013053,
            "classId": 10214732,
            "description": "",
            "geometryType": "rectangle",
            "labelerLogin": "Yalda2HITL",
            "createdAt": "2022-07-18T14:23:51.001Z",
            "updatedAt": "2022-07-18T14:23:51.001Z",
            "tags": [],
            "classTitle": "Body text",
            "points": {
                "exterior": [
                    [
                        50,
                        1034
                    ],
                    [
                        232,
                        1057
                    ]
                ],
                "interior": []
            }
        },
        {
            "id": 972013052,
            "classId": 10214732,
            "description": "",
            "geometryType": "rectangle",
            "labelerLogin": "Yalda2HITL",
            "createdAt": "2022-07-18T14:23:51.001Z",
            "updatedAt": "2022-07-18T14:23:51.001Z",
            "tags": [],
            "classTitle": "Body text",
            "points": {
                "exterior": [
                    [
                        23,
                        1071
                    ],
                    [
                        719,
                        1129
                    ]
                ],
                "interior": []
            }
        },
        {
            "id": 972012958,
            "classId": 10214732,
            "description": "",
            "geometryType": "rectangle",
            "labelerLogin": "Yalda2HITL",
            "createdAt": "2022-07-18T14:23:51.001Z",
            "updatedAt": "2022-07-18T14:23:51.001Z",
            "tags": [],
            "classTitle": "Body text",
            "points": {
                "exterior": [
                    [
                        556,
                        1017
                    ],
                    [
                        717,
                        1040
                    ]
                ],
                "interior": []
            }
        },
        {
            "id": 972012957,
            "classId": 10214732,
            "description": "",
            "geometryType": "rectangle",
            "labelerLogin": "Yalda2HITL",
            "createdAt": "2022-07-18T14:23:51.001Z",
            "updatedAt": "2022-07-18T14:23:51.001Z",
            "tags": [],
            "classTitle": "Body text",
            "points": {
                "exterior": [
                    [
                        557,
                        993
                    ],
                    [
                        716,
                        1019
                    ]
                ],
                "interior": []
            }
        },
        {
            "id": 972013051,
            "classId": 10214732,
            "description": "",
            "geometryType": "rectangle",
            "labelerLogin": "Yalda2HITL",
            "createdAt": "2022-07-18T14:23:51.001Z",
            "updatedAt": "2022-07-18T14:23:51.001Z",
            "tags": [],
            "classTitle": "Body text",
            "points": {
                "exterior": [
                    [
                        324,
                        636
                    ],
                    [
                        429,
                        673
                    ]
                ],
                "interior": []
            }
        },
        {
            "id": 972012956,
            "classId": 10214732,
            "description": "",
            "geometryType": "rectangle",
            "labelerLogin": "Yalda2HITL",
            "createdAt": "2022-07-18T14:23:51.001Z",
            "updatedAt": "2022-07-18T14:23:51.001Z",
            "tags": [],
            "classTitle": "Body text",
            "points": {
                "exterior": [
                    [
                        225,
                        48
                    ],
                    [
                        498,
                        92
                    ]
                ],
                "interior": []
            }
        },
        {
            "id": 972013056,
            "classId": 10214730,
            "description": "",
            "geometryType": "polygon",
            "labelerLogin": "Yalda2HITL",
            "createdAt": "2022-07-18T14:23:51.001Z",
            "updatedAt": "2022-07-18T14:23:51.001Z",
            "tags": [],
            "classTitle": "Page",
            "points": {
                "exterior": [
                    [
                        0,
                        1207
                    ],
                    [
                        0,
                        1
                    ],
                    [
                        719,
                        0
                    ],
                    [
                        719,
                        1160
                    ],
                    [
                        589,
                        1172
                    ],
                    [
                        478,
                        1179
                    ]
                ],
                "interior": []
            }
        }
    ]
}