{
    "description": "",
    "tags": [],
    "size": {
        "height": 1280,
        "width": 720
    },
    "objects": [
        {
            "id": 972012571,
            "classId": 10214730,
            "description": "",
            "geometryType": "polygon",
            "labelerLogin": "Yalda2HITL",
            "createdAt": "2022-07-18T14:23:17.261Z",
            "updatedAt": "2022-07-18T14:23:17.261Z",
            "tags": [],
            "classTitle": "Page",
            "points": {
                "exterior": [
                    [
                        684,
                        210
                    ],
                    [
                        679,
                        207
                    ],
                    [
                        626,
                        211
                    ],
                    [
                        482,
                        217
                    ],
                    [
                        327,
                        226
                    ],
                    [
                        205,
                        232
                    ],
                    [
                        103,
                        237
                    ],
                    [
                        60,
                        240
                    ],
                    [
                        19,
                        240
                    ],
                    [
                        23,
                        346
                    ],
                    [
                        30,
                        493
                    ],
                    [
                        34,
                        616
                    ],
                    [
                        37,
                        753
                    ],
                    [
                        40,
                        866
                    ],
                    [
                        42,
                        965
                    ],
                    [
                        44,
                        1066
                    ],
                    [
                        46,
                        1150
                    ],
                    [
                        48,
                        1159
                    ],
                    [
                        52,
                        1163
                    ],
                    [
                        77,
                        1163
                    ],
                    [
                        174,
                        1166
                    ],
                    [
                        317,
                        1170
                    ],
                    [
                        415,
                        1171
                    ],
                    [
                        533,
                        1171
                    ],
                    [
                        616,
                        1174
                    ],
                    [
                        678,
                        1175
                    ],
                    [
                        698,
                        1175
                    ],
                    [
                        697,
                        1075
                    ],
                    [
                        695,
                        943
                    ],
                    [
                        693,
                        811
                    ],
                    [
                        691,
                        660
                    ],
                    [
                        689,
                        519
                    ],
                    [
                        687,
                        395
                    ]
                ],
                "interior": []
            }
        },
        {
            "id": 972012410,
            "classId": 10214731,
            "description": "",
            "geometryType": "rectangle",
            "labelerLogin": "Yalda2HITL",
            "createdAt": "2022-07-18T14:23:17.261Z",
            "updatedAt": "2022-07-18T14:23:17.261Z",
            "tags": [
                {
                    "id": 151023075,
                    "tagId": 30308107,
                    "name": "Transcription",
                    "value": "\u0639\u064e\u0635\u0627 \u062c\u064e\u062f\u0651\u064a",
                    "labelerLogin": "Yalda2HITL",
                    "createdAt": "2022-07-18T14:23:17.261Z",
                    "updatedAt": "2022-07-18T14:23:17.261Z"
                }
            ],
            "classTitle": "Title",
            "points": {
                "exterior": [
                    [
                        160,
                        377
                    ],
                    [
                        568,
                        673
                    ]
                ],
                "interior": []
            }
        },
        {
            "id": 972012409,
            "classId": 10214732,
            "description": "",
            "geometryType": "rectangle",
            "labelerLogin": "Yalda2HITL",
            "createdAt": "2022-07-18T14:23:17.261Z",
            "updatedAt": "2022-07-18T14:23:17.261Z",
            "tags": [],
            "classTitle": "Body text",
            "points": {
                "exterior": [
                    [
                        275,
                        714
                    ],
                    [
                        439,
                        749
                    ]
                ],
                "interior": []
            }
        },
        {
            "id": 972012408,
            "classId": 10214732,
            "description": "",
            "geometryType": "rectangle",
            "labelerLogin": "Yalda2HITL",
            "createdAt": "2022-07-18T14:23:17.261Z",
            "updatedAt": "2022-07-18T14:23:17.261Z",
            "tags": [],
            "classTitle": "Body text",
            "points": {
                "exterior": [
                    [
                        279,
                        822
                    ],
                    [
                        441,
                        846
                    ]
                ],
                "interior": []
            }
        },
        {
            "id": 972012407,
            "classId": 10214732,
            "description": "",
            "geometryType": "rectangle",
            "labelerLogin": "Yalda2HITL",
            "createdAt": "2022-07-18T14:23:17.261Z",
            "updatedAt": "2022-07-18T14:23:17.261Z",
            "tags": [],
            "classTitle": "Body text",
            "points": {
                "exterior": [
                    [
                        339,
                        1091
                    ],
                    [
                        395,
                        1110
                    ]
                ],
                "interior": []
            }
        },
        {
            "id": 972012411,
            "classId": 10214732,
            "description": "",
            "geometryType": "rectangle",
            "labelerLogin": "Yalda2HITL",
            "createdAt": "2022-07-18T14:23:17.261Z",
            "updatedAt": "2022-07-18T14:23:17.261Z",
            "tags": [],
            "classTitle": "Body text",
            "points": {
                "exterior": [
                    [
                        340,
                        1112
                    ],
                    [
                        395,
                        1118
                    ]
                ],
                "interior": []
            }
        }
    ]
}