{
    "description": "",
    "tags": [],
    "size": {
        "height": 1280,
        "width": 720
    },
    "objects": [
        {
            "id": 972012987,
            "classId": 10214731,
            "description": "",
            "geometryType": "rectangle",
            "labelerLogin": "Yalda2HITL",
            "createdAt": "2022-07-18T14:23:51.001Z",
            "updatedAt": "2022-07-18T14:23:51.001Z",
            "tags": [
                {
                    "id": 151023164,
                    "tagId": 30308107,
                    "name": "Transcription",
                    "value": "\u0641\u064a\u0631\u0648\u0632",
                    "labelerLogin": "Yalda2HITL",
                    "createdAt": "2022-07-18T14:23:51.002Z",
                    "updatedAt": "2022-07-18T14:23:51.002Z"
                }
            ],
            "classTitle": "Title",
            "points": {
                "exterior": [
                    [
                        216,
                        500
                    ],
                    [
                        719,
                        1061
                    ]
                ],
                "interior": []
            }
        },
        {
            "id": 972012988,
            "classId": 10214732,
            "description": "",
            "geometryType": "rectangle",
            "labelerLogin": "Yalda2HITL",
            "createdAt": "2022-07-18T14:23:51.001Z",
            "updatedAt": "2022-07-18T14:23:51.001Z",
            "tags": [],
            "classTitle": "Body text",
            "points": {
                "exterior": [
                    [
                        19,
                        9
                    ],
                    [
                        350,
                        108
                    ]
                ],
                "interior": []
            }
        },
        {
            "id": 972012989,
            "classId": 10214732,
            "description": "",
            "geometryType": "rectangle",
            "labelerLogin": "Yalda2HITL",
            "createdAt": "2022-07-18T14:23:51.001Z",
            "updatedAt": "2022-07-18T14:23:51.001Z",
            "tags": [],
            "classTitle": "Body text",
            "points": {
                "exterior": [
                    [
                        642,
                        1140
                    ],
                    [
                        702,
                        1207
                    ]
                ],
                "interior": []
            }
        },
        {
            "id": 972013007,
            "classId": 10214730,
            "description": "",
            "geometryType": "polygon",
            "labelerLogin": "Yalda2HITL",
            "createdAt": "2022-07-18T14:23:51.001Z",
            "updatedAt": "2022-07-18T14:23:51.001Z",
            "tags": [],
            "classTitle": "Page",
            "points": {
                "exterior": [
                    [
                        0,
                        0
                    ],
                    [
                        719,
                        0
                    ],
                    [
                        719,
                        1249
                    ],
                    [
                        456,
                        1242
                    ],
                    [
                        225,
                        1239
                    ],
                    [
                        1,
                        1246
                    ]
                ],
                "interior": []
            }
        }
    ]
}