{
    "description": "",
    "tags": [],
    "size": {
        "height": 4608,
        "width": 3456
    },
    "objects": [
        {
            "id": 972015134,
            "classId": 10214731,
            "description": "",
            "geometryType": "rectangle",
            "labelerLogin": "Yalda2HITL",
            "createdAt": "2022-07-18T14:25:22.962Z",
            "updatedAt": "2022-07-18T14:25:22.962Z",
            "tags": [
                {
                    "id": 151023388,
                    "tagId": 30308107,
                    "name": "Transcription",
                    "value": "\u0627\u0644\u0623\u0631\u0636",
                    "labelerLogin": "Yalda2HITL",
                    "createdAt": "2022-07-18T14:25:22.963Z",
                    "updatedAt": "2022-07-18T14:25:22.963Z"
                }
            ],
            "classTitle": "Title",
            "points": {
                "exterior": [
                    [
                        1725,
                        1118
                    ],
                    [
                        2797,
                        1630
                    ]
                ],
                "interior": []
            }
        },
        {
            "id": 972015358,
            "classId": 10214732,
            "description": "",
            "geometryType": "rectangle",
            "labelerLogin": "Yalda2HITL",
            "createdAt": "2022-07-18T14:25:22.963Z",
            "updatedAt": "2022-07-18T14:25:22.963Z",
            "tags": [],
            "classTitle": "Body text",
            "points": {
                "exterior": [
                    [
                        1356,
                        1064
                    ],
                    [
                        1862,
                        1354
                    ]
                ],
                "interior": []
            }
        },
        {
            "id": 972015357,
            "classId": 10214732,
            "description": "",
            "geometryType": "rectangle",
            "labelerLogin": "Yalda2HITL",
            "createdAt": "2022-07-18T14:25:22.963Z",
            "updatedAt": "2022-07-18T14:25:22.963Z",
            "tags": [],
            "classTitle": "Body text",
            "points": {
                "exterior": [
                    [
                        830,
                        1261
                    ],
                    [
                        1633,
                        1564
                    ]
                ],
                "interior": []
            }
        },
        {
            "id": 972015131,
            "classId": 10214732,
            "description": "",
            "geometryType": "rectangle",
            "labelerLogin": "Yalda2HITL",
            "createdAt": "2022-07-18T14:25:22.962Z",
            "updatedAt": "2022-07-18T14:25:22.962Z",
            "tags": [],
            "classTitle": "Body text",
            "points": {
                "exterior": [
                    [
                        1974,
                        1625
                    ],
                    [
                        2791,
                        1790
                    ]
                ],
                "interior": []
            }
        },
        {
            "id": 972015133,
            "classId": 10214732,
            "description": "",
            "geometryType": "rectangle",
            "labelerLogin": "Yalda2HITL",
            "createdAt": "2022-07-18T14:25:22.962Z",
            "updatedAt": "2022-07-18T14:25:22.962Z",
            "tags": [],
            "classTitle": "Body text",
            "points": {
                "exterior": [
                    [
                        618,
                        3654
                    ],
                    [
                        618,
                        3654
                    ]
                ],
                "interior": []
            }
        },
        {
            "id": 972015126,
            "classId": 10214732,
            "description": "",
            "geometryType": "rectangle",
            "labelerLogin": "Yalda2HITL",
            "createdAt": "2022-07-18T14:25:22.962Z",
            "updatedAt": "2022-07-18T14:25:22.962Z",
            "tags": [
                {
                    "id": 151023387,
                    "tagId": 30308107,
                    "name": "Transcription",
                    "value": "\u0627\u0644\u0643\u062a\u0627\u0628 \u0627\u0644\u0645\u062f\u0631\u0633\u064a \u0627\u0644\u0648\u0637\u0646\u064a",
                    "labelerLogin": "Yalda2HITL",
                    "createdAt": "2022-07-18T14:25:22.963Z",
                    "updatedAt": "2022-07-18T14:25:22.963Z"
                }
            ],
            "classTitle": "Body text",
            "points": {
                "exterior": [
                    [
                        630,
                        3660
                    ],
                    [
                        726,
                        3722
                    ]
                ],
                "interior": []
            }
        },
        {
            "id": 972015356,
            "classId": 10214732,
            "description": "",
            "geometryType": "rectangle",
            "labelerLogin": "Yalda2HITL",
            "createdAt": "2022-07-18T14:25:22.963Z",
            "updatedAt": "2022-07-18T14:25:22.963Z",
            "tags": [],
            "classTitle": "Body text",
            "points": {
                "exterior": [
                    [
                        608,
                        3740
                    ],
                    [
                        608,
                        3740
                    ]
                ],
                "interior": []
            }
        },
        {
            "id": 972015355,
            "classId": 10214732,
            "description": "",
            "geometryType": "rectangle",
            "labelerLogin": "Yalda2HITL",
            "createdAt": "2022-07-18T14:25:22.963Z",
            "updatedAt": "2022-07-18T14:25:22.963Z",
            "tags": [],
            "classTitle": "Body text",
            "points": {
                "exterior": [
                    [
                        696,
                        3931
                    ],
                    [
                        1015,
                        4005
                    ]
                ],
                "interior": []
            }
        },
        {
            "id": 972015354,
            "classId": 10214730,
            "description": "",
            "geometryType": "polygon",
            "labelerLogin": "Yalda2HITL",
            "createdAt": "2022-07-18T14:25:22.963Z",
            "updatedAt": "2022-07-18T14:25:22.963Z",
            "tags": [],
            "classTitle": "Page",
            "points": {
                "exterior": [
                    [
                        475,
                        3130
                    ],
                    [
                        383,
                        3840
                    ],
                    [
                        358,
                        4107
                    ],
                    [
                        353,
                        4136
                    ],
                    [
                        392,
                        4170
                    ],
                    [
                        430,
                        4176
                    ],
                    [
                        1015,
                        4192
                    ],
                    [
                        1356,
                        4196
                    ],
                    [
                        1689,
                        4201
                    ],
                    [
                        2490,
                        4214
                    ],
                    [
                        2787,
                        4221
                    ],
                    [
                        2874,
                        4228
                    ],
                    [
                        2895,
                        4212
                    ],
                    [
                        2895,
                        3941
                    ],
                    [
                        2912,
                        3032
                    ],
                    [
                        2925,
                        1107
                    ],
                    [
                        2902,
                        1071
                    ],
                    [
                        2847,
                        1062
                    ],
                    [
                        2444,
                        1021
                    ],
                    [
                        1639,
                        919
                    ],
                    [
                        1010,
                        827
                    ],
                    [
                        869,
                        786
                    ],
                    [
                        833,
                        791
                    ],
                    [
                        807,
                        801
                    ],
                    [
                        763,
                        808
                    ],
                    [
                        748,
                        829
                    ],
                    [
                        700,
                        1250
                    ],
                    [
                        599,
                        2095
                    ]
                ],
                "interior": []
            }
        },
        {
            "id": 972015132,
            "classId": 10214732,
            "description": "",
            "geometryType": "rectangle",
            "labelerLogin": "Yalda2HITL",
            "createdAt": "2022-07-18T14:25:22.962Z",
            "updatedAt": "2022-07-18T14:25:22.962Z",
            "tags": [],
            "classTitle": "Body text",
            "points": {
                "exterior": [
                    [
                        2071,
                        3858
                    ],
                    [
                        2695,
                        3933
                    ]
                ],
                "interior": []
            }
        },
        {
            "id": 972015340,
            "classId": 10214732,
            "description": "",
            "geometryType": "rectangle",
            "labelerLogin": "Yalda2HITL",
            "createdAt": "2022-07-18T14:25:22.963Z",
            "updatedAt": "2022-07-18T14:25:22.963Z",
            "tags": [],
            "classTitle": "Body text",
            "points": {
                "exterior": [
                    [
                        617,
                        3740
                    ],
                    [
                        790,
                        3805
                    ]
                ],
                "interior": []
            }
        },
        {
            "id": 972015127,
            "classId": 10214732,
            "description": "",
            "geometryType": "rectangle",
            "labelerLogin": "Yalda2HITL",
            "createdAt": "2022-07-18T14:25:22.962Z",
            "updatedAt": "2022-07-18T14:25:22.962Z",
            "tags": [],
            "classTitle": "Body text",
            "points": {
                "exterior": [
                    [
                        613,
                        3815
                    ],
                    [
                        745,
                        3888
                    ]
                ],
                "interior": []
            }
        }
    ]
}