{
    "description": "",
    "tags": [],
    "size": {
        "height": 1599,
        "width": 899
    },
    "objects": [
        {
            "id": 972012392,
            "classId": 10214730,
            "description": "",
            "geometryType": "polygon",
            "labelerLogin": "Yalda2HITL",
            "createdAt": "2022-07-18T14:23:17.261Z",
            "updatedAt": "2022-07-18T14:23:17.261Z",
            "tags": [],
            "classTitle": "Page",
            "points": {
                "exterior": [
                    [
                        814,
                        406
                    ],
                    [
                        811,
                        399
                    ],
                    [
                        801,
                        398
                    ],
                    [
                        596,
                        406
                    ],
                    [
                        325,
                        413
                    ],
                    [
                        149,
                        410
                    ],
                    [
                        55,
                        410
                    ],
                    [
                        44,
                        410
                    ],
                    [
                        46,
                        547
                    ],
                    [
                        50,
                        799
                    ],
                    [
                        51,
                        1029
                    ],
                    [
                        53,
                        1270
                    ],
                    [
                        55,
                        1450
                    ],
                    [
                        57,
                        1492
                    ],
                    [
                        264,
                        1492
                    ],
                    [
                        391,
                        1490
                    ],
                    [
                        522,
                        1493
                    ],
                    [
                        646,
                        1497
                    ],
                    [
                        756,
                        1503
                    ],
                    [
                        767,
                        1503
                    ],
                    [
                        779,
                        1504
                    ],
                    [
                        793,
                        1503
                    ],
                    [
                        805,
                        882
                    ]
                ],
                "interior": []
            }
        },
        {
            "id": 972012480,
            "classId": 10214731,
            "description": "",
            "geometryType": "rectangle",
            "labelerLogin": "Yalda2HITL",
            "createdAt": "2022-07-18T14:23:17.261Z",
            "updatedAt": "2022-07-18T14:23:17.261Z",
            "tags": [
                {
                    "id": 151023090,
                    "tagId": 30308107,
                    "name": "Transcription",
                    "value": "\u0639\u064e\u0644\u0651\u0645\u064a\u0646\u064a \u064a\u0627 \u062d\u064a\u0627\u0629",
                    "labelerLogin": "Yalda2HITL",
                    "createdAt": "2022-07-18T14:23:17.261Z",
                    "updatedAt": "2022-07-18T14:23:17.261Z"
                }
            ],
            "classTitle": "Title",
            "points": {
                "exterior": [
                    [
                        223,
                        640
                    ],
                    [
                        629,
                        779
                    ]
                ],
                "interior": []
            }
        },
        {
            "id": 972012484,
            "classId": 10214732,
            "description": "",
            "geometryType": "rectangle",
            "labelerLogin": "Yalda2HITL",
            "createdAt": "2022-07-18T14:23:17.261Z",
            "updatedAt": "2022-07-18T14:23:17.261Z",
            "tags": [],
            "classTitle": "Body text",
            "points": {
                "exterior": [
                    [
                        548,
                        485
                    ],
                    [
                        754,
                        522
                    ]
                ],
                "interior": []
            }
        },
        {
            "id": 972012482,
            "classId": 10214732,
            "description": "",
            "geometryType": "rectangle",
            "labelerLogin": "Yalda2HITL",
            "createdAt": "2022-07-18T14:23:17.261Z",
            "updatedAt": "2022-07-18T14:23:17.261Z",
            "tags": [],
            "classTitle": "Body text",
            "points": {
                "exterior": [
                    [
                        312,
                        792
                    ],
                    [
                        541,
                        824
                    ]
                ],
                "interior": []
            }
        },
        {
            "id": 972012481,
            "classId": 10214732,
            "description": "",
            "geometryType": "rectangle",
            "labelerLogin": "Yalda2HITL",
            "createdAt": "2022-07-18T14:23:17.261Z",
            "updatedAt": "2022-07-18T14:23:17.261Z",
            "tags": [],
            "classTitle": "Body text",
            "points": {
                "exterior": [
                    [
                        401,
                        1416
                    ],
                    [
                        457,
                        1436
                    ]
                ],
                "interior": []
            }
        },
        {
            "id": 972012483,
            "classId": 10214732,
            "description": "",
            "geometryType": "rectangle",
            "labelerLogin": "Yalda2HITL",
            "createdAt": "2022-07-18T14:23:17.261Z",
            "updatedAt": "2022-07-18T14:23:17.261Z",
            "tags": [],
            "classTitle": "Body text",
            "points": {
                "exterior": [
                    [
                        401,
                        1437
                    ],
                    [
                        457,
                        1444
                    ]
                ],
                "interior": []
            }
        }
    ]
}