{
    "description": "",
    "tags": [],
    "size": {
        "height": 1599,
        "width": 899
    },
    "objects": [
        {
            "id": 972012585,
            "classId": 10214730,
            "description": "",
            "geometryType": "polygon",
            "labelerLogin": "Yalda2HITL",
            "createdAt": "2022-07-18T14:23:17.261Z",
            "updatedAt": "2022-07-18T14:23:17.261Z",
            "tags": [],
            "classTitle": "Page",
            "points": {
                "exterior": [
                    [
                        106,
                        1409
                    ],
                    [
                        371,
                        1416
                    ],
                    [
                        585,
                        1428
                    ],
                    [
                        753,
                        1437
                    ],
                    [
                        800,
                        1443
                    ],
                    [
                        807,
                        1294
                    ],
                    [
                        812,
                        1036
                    ],
                    [
                        825,
                        652
                    ],
                    [
                        827,
                        479
                    ],
                    [
                        829,
                        422
                    ],
                    [
                        829,
                        394
                    ],
                    [
                        806,
                        394
                    ],
                    [
                        604,
                        400
                    ],
                    [
                        297,
                        402
                    ],
                    [
                        145,
                        401
                    ],
                    [
                        104,
                        398
                    ],
                    [
                        103,
                        468
                    ],
                    [
                        103,
                        487
                    ]
                ],
                "interior": []
            }
        },
        {
            "id": 972012442,
            "classId": 10214731,
            "description": "",
            "geometryType": "rectangle",
            "labelerLogin": "Yalda2HITL",
            "createdAt": "2022-07-18T14:23:17.261Z",
            "updatedAt": "2022-07-18T14:23:17.261Z",
            "tags": [
                {
                    "id": 151023085,
                    "tagId": 30308107,
                    "name": "Transcription",
                    "value": "\u062f\u0628\u0627\u0628\u064a\u0633",
                    "labelerLogin": "Yalda2HITL",
                    "createdAt": "2022-07-18T14:23:17.261Z",
                    "updatedAt": "2022-07-18T14:23:17.261Z"
                }
            ],
            "classTitle": "Title",
            "points": {
                "exterior": [
                    [
                        223,
                        609
                    ],
                    [
                        703,
                        769
                    ]
                ],
                "interior": []
            }
        },
        {
            "id": 972012445,
            "classId": 10214732,
            "description": "",
            "geometryType": "rectangle",
            "labelerLogin": "Yalda2HITL",
            "createdAt": "2022-07-18T14:23:17.261Z",
            "updatedAt": "2022-07-18T14:23:17.261Z",
            "tags": [],
            "classTitle": "Body text",
            "points": {
                "exterior": [
                    [
                        558,
                        520
                    ],
                    [
                        762,
                        554
                    ]
                ],
                "interior": []
            }
        },
        {
            "id": 972012444,
            "classId": 10214732,
            "description": "",
            "geometryType": "rectangle",
            "labelerLogin": "Yalda2HITL",
            "createdAt": "2022-07-18T14:23:17.261Z",
            "updatedAt": "2022-07-18T14:23:17.261Z",
            "tags": [],
            "classTitle": "Body text",
            "points": {
                "exterior": [
                    [
                        312,
                        738
                    ],
                    [
                        385,
                        766
                    ]
                ],
                "interior": []
            }
        },
        {
            "id": 972012443,
            "classId": 10214732,
            "description": "",
            "geometryType": "rectangle",
            "labelerLogin": "Yalda2HITL",
            "createdAt": "2022-07-18T14:23:17.261Z",
            "updatedAt": "2022-07-18T14:23:17.261Z",
            "tags": [],
            "classTitle": "Body text",
            "points": {
                "exterior": [
                    [
                        418,
                        1331
                    ],
                    [
                        485,
                        1355
                    ]
                ],
                "interior": []
            }
        },
        {
            "id": 972012446,
            "classId": 10214732,
            "description": "",
            "geometryType": "rectangle",
            "labelerLogin": "Yalda2HITL",
            "createdAt": "2022-07-18T14:23:17.261Z",
            "updatedAt": "2022-07-18T14:23:17.261Z",
            "tags": [],
            "classTitle": "Body text",
            "points": {
                "exterior": [
                    [
                        416,
                        1354
                    ],
                    [
                        486,
                        1363
                    ]
                ],
                "interior": []
            }
        }
    ]
}