{
    "description": "",
    "tags": [],
    "size": {
        "height": 1074,
        "width": 1080
    },
    "objects": [
        {
            "id": 972021051,
            "classId": 10214731,
            "description": "",
            "geometryType": "rectangle",
            "labelerLogin": "Yalda2HITL",
            "createdAt": "2022-07-18T14:27:43.797Z",
            "updatedAt": "2022-07-18T14:27:43.797Z",
            "tags": [
                {
                    "id": 151023765,
                    "tagId": 30308107,
                    "name": "Transcription",
                    "value": "\u0627\u0644\u0644\u0650\u0635\u0651 \u0648\u064e \u0627\u0644\u0643\u0650\u0644\u0627\u0628",
                    "labelerLogin": "Yalda2HITL",
                    "createdAt": "2022-07-18T14:27:43.798Z",
                    "updatedAt": "2022-07-18T14:27:43.798Z"
                }
            ],
            "classTitle": "Title",
            "points": {
                "exterior": [
                    [
                        120,
                        453
                    ],
                    [
                        288,
                        515
                    ]
                ],
                "interior": []
            }
        },
        {
            "id": 972021050,
            "classId": 10214732,
            "description": "",
            "geometryType": "rectangle",
            "labelerLogin": "Yalda2HITL",
            "createdAt": "2022-07-18T14:27:43.797Z",
            "updatedAt": "2022-07-18T14:27:43.797Z",
            "tags": [],
            "classTitle": "Body text",
            "points": {
                "exterior": [
                    [
                        97,
                        306
                    ],
                    [
                        461,
                        450
                    ]
                ],
                "interior": []
            }
        },
        {
            "id": 972021052,
            "classId": 10214730,
            "description": "",
            "geometryType": "polygon",
            "labelerLogin": "Yalda2HITL",
            "createdAt": "2022-07-18T14:27:43.797Z",
            "updatedAt": "2022-07-18T14:27:43.797Z",
            "tags": [],
            "classTitle": "Page",
            "points": {
                "exterior": [
                    [
                        480,
                        291
                    ],
                    [
                        487,
                        384
                    ],
                    [
                        496,
                        478
                    ],
                    [
                        512,
                        669
                    ],
                    [
                        527,
                        810
                    ],
                    [
                        531,
                        847
                    ],
                    [
                        535,
                        875
                    ],
                    [
                        530,
                        878
                    ],
                    [
                        424,
                        890
                    ],
                    [
                        305,
                        901
                    ],
                    [
                        242,
                        906
                    ],
                    [
                        200,
                        910
                    ],
                    [
                        171,
                        913
                    ],
                    [
                        108,
                        920
                    ],
                    [
                        98,
                        920
                    ],
                    [
                        94,
                        915
                    ],
                    [
                        93,
                        895
                    ],
                    [
                        93,
                        772
                    ],
                    [
                        93,
                        715
                    ],
                    [
                        91,
                        443
                    ],
                    [
                        91,
                        349
                    ],
                    [
                        91,
                        328
                    ],
                    [
                        91,
                        324
                    ],
                    [
                        94,
                        322
                    ],
                    [
                        99,
                        321
                    ],
                    [
                        158,
                        318
                    ],
                    [
                        344,
                        302
                    ],
                    [
                        390,
                        298
                    ],
                    [
                        407,
                        296
                    ],
                    [
                        431,
                        292
                    ],
                    [
                        439,
                        292
                    ],
                    [
                        456,
                        290
                    ],
                    [
                        467,
                        290
                    ],
                    [
                        473,
                        290
                    ],
                    [
                        477,
                        290
                    ]
                ],
                "interior": []
            }
        }
    ]
}