{
    "description": "",
    "tags": [],
    "size": {
        "height": 1088,
        "width": 719
    },
    "objects": [
        {
            "id": 972012400,
            "classId": 10214730,
            "description": "",
            "geometryType": "polygon",
            "labelerLogin": "Yalda2HITL",
            "createdAt": "2022-07-18T14:23:17.261Z",
            "updatedAt": "2022-07-18T14:23:17.261Z",
            "tags": [],
            "classTitle": "Page",
            "points": {
                "exterior": [
                    [
                        680,
                        76
                    ],
                    [
                        681,
                        41
                    ],
                    [
                        682,
                        32
                    ],
                    [
                        682,
                        26
                    ],
                    [
                        678,
                        25
                    ],
                    [
                        671,
                        24
                    ],
                    [
                        610,
                        22
                    ],
                    [
                        519,
                        23
                    ],
                    [
                        460,
                        25
                    ],
                    [
                        377,
                        26
                    ],
                    [
                        280,
                        27
                    ],
                    [
                        199,
                        28
                    ],
                    [
                        127,
                        28
                    ],
                    [
                        58,
                        30
                    ],
                    [
                        40,
                        32
                    ],
                    [
                        24,
                        34
                    ],
                    [
                        18,
                        35
                    ],
                    [
                        17,
                        41
                    ],
                    [
                        16,
                        103
                    ],
                    [
                        18,
                        202
                    ],
                    [
                        25,
                        376
                    ],
                    [
                        29,
                        495
                    ],
                    [
                        32,
                        584
                    ],
                    [
                        33,
                        615
                    ],
                    [
                        37,
                        805
                    ],
                    [
                        41,
                        920
                    ],
                    [
                        42,
                        940
                    ],
                    [
                        44,
                        947
                    ],
                    [
                        45,
                        951
                    ],
                    [
                        47,
                        952
                    ],
                    [
                        53,
                        953
                    ],
                    [
                        67,
                        955
                    ],
                    [
                        117,
                        957
                    ],
                    [
                        212,
                        960
                    ],
                    [
                        276,
                        961
                    ],
                    [
                        385,
                        963
                    ],
                    [
                        525,
                        965
                    ],
                    [
                        623,
                        965
                    ],
                    [
                        628,
                        964
                    ],
                    [
                        638,
                        963
                    ],
                    [
                        643,
                        962
                    ],
                    [
                        644,
                        946
                    ],
                    [
                        649,
                        817
                    ],
                    [
                        654,
                        674
                    ],
                    [
                        661,
                        485
                    ],
                    [
                        667,
                        355
                    ],
                    [
                        675,
                        183
                    ]
                ],
                "interior": []
            }
        },
        {
            "id": 972012529,
            "classId": 10214732,
            "description": "",
            "geometryType": "rectangle",
            "labelerLogin": "Yalda2HITL",
            "createdAt": "2022-07-18T14:23:17.261Z",
            "updatedAt": "2022-07-18T14:23:17.261Z",
            "tags": [],
            "classTitle": "Body text",
            "points": {
                "exterior": [
                    [
                        82,
                        69
                    ],
                    [
                        571,
                        80
                    ]
                ],
                "interior": []
            }
        },
        {
            "id": 972012534,
            "classId": 10214732,
            "description": "",
            "geometryType": "rectangle",
            "labelerLogin": "Yalda2HITL",
            "createdAt": "2022-07-18T14:23:17.261Z",
            "updatedAt": "2022-07-18T14:23:17.261Z",
            "tags": [],
            "classTitle": "Body text",
            "points": {
                "exterior": [
                    [
                        84,
                        94
                    ],
                    [
                        126,
                        121
                    ]
                ],
                "interior": []
            }
        },
        {
            "id": 972012533,
            "classId": 10214732,
            "description": "",
            "geometryType": "rectangle",
            "labelerLogin": "Yalda2HITL",
            "createdAt": "2022-07-18T14:23:17.261Z",
            "updatedAt": "2022-07-18T14:23:17.261Z",
            "tags": [],
            "classTitle": "Body text",
            "points": {
                "exterior": [
                    [
                        84,
                        123
                    ],
                    [
                        127,
                        129
                    ]
                ],
                "interior": []
            }
        },
        {
            "id": 972012530,
            "classId": 10214732,
            "description": "",
            "geometryType": "rectangle",
            "labelerLogin": "Yalda2HITL",
            "createdAt": "2022-07-18T14:23:17.261Z",
            "updatedAt": "2022-07-18T14:23:17.261Z",
            "tags": [],
            "classTitle": "Body text",
            "points": {
                "exterior": [
                    [
                        93,
                        572
                    ],
                    [
                        384,
                        643
                    ]
                ],
                "interior": []
            }
        },
        {
            "id": 972012531,
            "classId": 10214731,
            "description": "",
            "geometryType": "rectangle",
            "labelerLogin": "Yalda2HITL",
            "createdAt": "2022-07-18T14:23:17.261Z",
            "updatedAt": "2022-07-18T14:23:17.261Z",
            "tags": [
                {
                    "id": 151023100,
                    "tagId": 30308107,
                    "name": "Transcription",
                    "value": "\u0632\u0626\u064a\u0631 \u0627\u0644\u0638\u0644\u0627\u0644",
                    "labelerLogin": "Yalda2HITL",
                    "createdAt": "2022-07-18T14:23:17.261Z",
                    "updatedAt": "2022-07-18T14:23:17.261Z"
                }
            ],
            "classTitle": "Title",
            "points": {
                "exterior": [
                    [
                        95,
                        670
                    ],
                    [
                        320,
                        740
                    ]
                ],
                "interior": []
            }
        },
        {
            "id": 972012532,
            "classId": 10214731,
            "description": "",
            "geometryType": "rectangle",
            "labelerLogin": "Yalda2HITL",
            "createdAt": "2022-07-18T14:23:17.261Z",
            "updatedAt": "2022-07-18T14:23:17.261Z",
            "tags": [
                {
                    "id": 151023101,
                    "tagId": 30308107,
                    "name": "Transcription",
                    "value": "\u0641\u064a \u062d\u062f\u0627\u0626\u0642 \u0632\u0646\u0651\u0648\u0628\u064a\u0627",
                    "labelerLogin": "Yalda2HITL",
                    "createdAt": "2022-07-18T14:23:17.261Z",
                    "updatedAt": "2022-07-18T14:23:17.261Z"
                }
            ],
            "classTitle": "Title",
            "points": {
                "exterior": [
                    [
                        95,
                        740
                    ],
                    [
                        493,
                        822
                    ]
                ],
                "interior": []
            }
        }
    ]
}