{
    "description": "",
    "tags": [],
    "size": {
        "height": 1599,
        "width": 899
    },
    "objects": [
        {
            "id": 972012396,
            "classId": 10214730,
            "description": "",
            "geometryType": "polygon",
            "labelerLogin": "Yalda2HITL",
            "createdAt": "2022-07-18T14:23:17.261Z",
            "updatedAt": "2022-07-18T14:23:17.261Z",
            "tags": [],
            "classTitle": "Page",
            "points": {
                "exterior": [
                    [
                        837,
                        980
                    ],
                    [
                        836,
                        798
                    ],
                    [
                        835,
                        603
                    ],
                    [
                        836,
                        497
                    ],
                    [
                        835,
                        477
                    ],
                    [
                        835,
                        459
                    ],
                    [
                        836,
                        454
                    ],
                    [
                        836,
                        449
                    ],
                    [
                        821,
                        449
                    ],
                    [
                        752,
                        451
                    ],
                    [
                        636,
                        455
                    ],
                    [
                        459,
                        461
                    ],
                    [
                        279,
                        464
                    ],
                    [
                        183,
                        466
                    ],
                    [
                        139,
                        466
                    ],
                    [
                        120,
                        466
                    ],
                    [
                        115,
                        466
                    ],
                    [
                        112,
                        466
                    ],
                    [
                        112,
                        518
                    ],
                    [
                        113,
                        583
                    ],
                    [
                        113,
                        663
                    ],
                    [
                        113,
                        746
                    ],
                    [
                        112,
                        860
                    ],
                    [
                        112,
                        931
                    ],
                    [
                        110,
                        1010
                    ],
                    [
                        106,
                        1242
                    ],
                    [
                        104,
                        1474
                    ],
                    [
                        103,
                        1516
                    ],
                    [
                        139,
                        1516
                    ],
                    [
                        265,
                        1523
                    ],
                    [
                        370,
                        1528
                    ],
                    [
                        480,
                        1532
                    ],
                    [
                        616,
                        1539
                    ],
                    [
                        792,
                        1545
                    ],
                    [
                        829,
                        1545
                    ],
                    [
                        840,
                        1545
                    ]
                ],
                "interior": []
            }
        },
        {
            "id": 972012509,
            "classId": 10214731,
            "description": "",
            "geometryType": "rectangle",
            "labelerLogin": "Yalda2HITL",
            "createdAt": "2022-07-18T14:23:17.261Z",
            "updatedAt": "2022-07-18T14:23:17.261Z",
            "tags": [
                {
                    "id": 151023094,
                    "tagId": 30308107,
                    "name": "Transcription",
                    "value": "\u0627\u0644\u0623\u062c\u0646\u062d\u0629 \u0627\u0644\u0628\u064a\u0636\u0627\u0621",
                    "labelerLogin": "Yalda2HITL",
                    "createdAt": "2022-07-18T14:23:17.261Z",
                    "updatedAt": "2022-07-18T14:23:17.261Z"
                }
            ],
            "classTitle": "Title",
            "points": {
                "exterior": [
                    [
                        202,
                        631
                    ],
                    [
                        737,
                        802
                    ]
                ],
                "interior": []
            }
        },
        {
            "id": 972012511,
            "classId": 10214732,
            "description": "",
            "geometryType": "rectangle",
            "labelerLogin": "Yalda2HITL",
            "createdAt": "2022-07-18T14:23:17.261Z",
            "updatedAt": "2022-07-18T14:23:17.261Z",
            "tags": [],
            "classTitle": "Body text",
            "points": {
                "exterior": [
                    [
                        385,
                        574
                    ],
                    [
                        542,
                        607
                    ]
                ],
                "interior": []
            }
        },
        {
            "id": 972012512,
            "classId": 10214732,
            "description": "",
            "geometryType": "rectangle",
            "labelerLogin": "Yalda2HITL",
            "createdAt": "2022-07-18T14:23:17.261Z",
            "updatedAt": "2022-07-18T14:23:17.261Z",
            "tags": [],
            "classTitle": "Body text",
            "points": {
                "exterior": [
                    [
                        385,
                        842
                    ],
                    [
                        541,
                        879
                    ]
                ],
                "interior": []
            }
        },
        {
            "id": 972012516,
            "classId": 10214732,
            "description": "",
            "geometryType": "rectangle",
            "labelerLogin": "Yalda2HITL",
            "createdAt": "2022-07-18T14:23:17.261Z",
            "updatedAt": "2022-07-18T14:23:17.261Z",
            "tags": [],
            "classTitle": "Body text",
            "points": {
                "exterior": [
                    [
                        431,
                        1449
                    ],
                    [
                        494,
                        1473
                    ]
                ],
                "interior": []
            }
        },
        {
            "id": 972012503,
            "classId": 10214732,
            "description": "",
            "geometryType": "rectangle",
            "labelerLogin": "Yalda2HITL",
            "createdAt": "2022-07-18T14:23:17.261Z",
            "updatedAt": "2022-07-18T14:23:17.261Z",
            "tags": [],
            "classTitle": "Body text",
            "points": {
                "exterior": [
                    [
                        430,
                        1473
                    ],
                    [
                        495,
                        1482
                    ]
                ],
                "interior": []
            }
        }
    ]
}