{
    "description": "",
    "tags": [],
    "size": {
        "height": 1280,
        "width": 720
    },
    "objects": [
        {
            "id": 972012155,
            "classId": 10214732,
            "description": "",
            "geometryType": "rectangle",
            "labelerLogin": "Yalda2HITL",
            "createdAt": "2022-07-18T14:22:51.385Z",
            "updatedAt": "2022-07-18T14:22:51.385Z",
            "tags": [],
            "classTitle": "Body text",
            "points": {
                "exterior": [
                    [
                        560,
                        255
                    ],
                    [
                        664,
                        275
                    ]
                ],
                "interior": []
            }
        },
        {
            "id": 972012158,
            "classId": 10214731,
            "description": "",
            "geometryType": "rectangle",
            "labelerLogin": "Yalda2HITL",
            "createdAt": "2022-07-18T14:22:51.385Z",
            "updatedAt": "2022-07-18T14:22:51.385Z",
            "tags": [
                {
                    "id": 151023044,
                    "tagId": 30308107,
                    "name": "Transcription",
                    "value": "\u0642\u064a\u0627\u062f\u0627\u062a",
                    "labelerLogin": "Yalda2HITL",
                    "createdAt": "2022-07-18T14:22:51.385Z",
                    "updatedAt": "2022-07-18T14:22:51.385Z"
                }
            ],
            "classTitle": "Title",
            "points": {
                "exterior": [
                    [
                        362,
                        315
                    ],
                    [
                        517,
                        370
                    ]
                ],
                "interior": []
            }
        },
        {
            "id": 972012157,
            "classId": 10214732,
            "description": "",
            "geometryType": "rectangle",
            "labelerLogin": "Yalda2HITL",
            "createdAt": "2022-07-18T14:22:51.385Z",
            "updatedAt": "2022-07-18T14:22:51.385Z",
            "tags": [],
            "classTitle": "Body text",
            "points": {
                "exterior": [
                    [
                        364,
                        388
                    ],
                    [
                        392,
                        424
                    ]
                ],
                "interior": []
            }
        },
        {
            "id": 972012146,
            "classId": 10214732,
            "description": "",
            "geometryType": "rectangle",
            "labelerLogin": "Yalda2HITL",
            "createdAt": "2022-07-18T14:22:51.385Z",
            "updatedAt": "2022-07-18T14:22:51.385Z",
            "tags": [],
            "classTitle": "Body text",
            "points": {
                "exterior": [
                    [
                        268,
                        450
                    ],
                    [
                        402,
                        504
                    ]
                ],
                "interior": []
            }
        },
        {
            "id": 972012147,
            "classId": 10214732,
            "description": "",
            "geometryType": "rectangle",
            "labelerLogin": "Yalda2HITL",
            "createdAt": "2022-07-18T14:22:51.385Z",
            "updatedAt": "2022-07-18T14:22:51.385Z",
            "tags": [],
            "classTitle": "Body text",
            "points": {
                "exterior": [
                    [
                        155,
                        1059
                    ],
                    [
                        227,
                        1086
                    ]
                ],
                "interior": []
            }
        },
        {
            "id": 972012159,
            "classId": 10214730,
            "description": "",
            "geometryType": "polygon",
            "labelerLogin": "Yalda2HITL",
            "createdAt": "2022-07-18T14:22:51.385Z",
            "updatedAt": "2022-07-18T14:22:51.385Z",
            "tags": [],
            "classTitle": "Page",
            "points": {
                "exterior": [
                    [
                        68,
                        222
                    ],
                    [
                        66,
                        195
                    ],
                    [
                        228,
                        193
                    ],
                    [
                        690,
                        184
                    ],
                    [
                        690,
                        208
                    ],
                    [
                        688,
                        990
                    ],
                    [
                        688,
                        1121
                    ],
                    [
                        689,
                        1130
                    ],
                    [
                        684,
                        1141
                    ],
                    [
                        680,
                        1142
                    ],
                    [
                        673,
                        1141
                    ],
                    [
                        671,
                        1138
                    ],
                    [
                        653,
                        1138
                    ],
                    [
                        565,
                        1142
                    ],
                    [
                        187,
                        1147
                    ],
                    [
                        96,
                        1147
                    ],
                    [
                        90,
                        1146
                    ],
                    [
                        86,
                        955
                    ],
                    [
                        80,
                        642
                    ],
                    [
                        74,
                        410
                    ]
                ],
                "interior": []
            }
        }
    ]
}