{
    "description": "",
    "tags": [],
    "size": {
        "height": 1195,
        "width": 824
    },
    "objects": [
        {
            "id": 972012122,
            "classId": 10214732,
            "description": "",
            "geometryType": "rectangle",
            "labelerLogin": "Yalda2HITL",
            "createdAt": "2022-07-18T14:22:51.385Z",
            "updatedAt": "2022-07-18T14:22:51.385Z",
            "tags": [],
            "classTitle": "Body text",
            "points": {
                "exterior": [
                    [
                        492,
                        96
                    ],
                    [
                        687,
                        129
                    ]
                ],
                "interior": []
            }
        },
        {
            "id": 972012124,
            "classId": 10214732,
            "description": "",
            "geometryType": "rectangle",
            "labelerLogin": "Yalda2HITL",
            "createdAt": "2022-07-18T14:22:51.385Z",
            "updatedAt": "2022-07-18T14:22:51.385Z",
            "tags": [],
            "classTitle": "Body text",
            "points": {
                "exterior": [
                    [
                        96,
                        81
                    ],
                    [
                        113,
                        101
                    ]
                ],
                "interior": []
            }
        },
        {
            "id": 972012121,
            "classId": 10214732,
            "description": "",
            "geometryType": "rectangle",
            "labelerLogin": "Yalda2HITL",
            "createdAt": "2022-07-18T14:22:51.385Z",
            "updatedAt": "2022-07-18T14:22:51.385Z",
            "tags": [],
            "classTitle": "Body text",
            "points": {
                "exterior": [
                    [
                        50,
                        171
                    ],
                    [
                        156,
                        210
                    ]
                ],
                "interior": []
            }
        },
        {
            "id": 972012119,
            "classId": 10214732,
            "description": "",
            "geometryType": "rectangle",
            "labelerLogin": "Yalda2HITL",
            "createdAt": "2022-07-18T14:22:51.385Z",
            "updatedAt": "2022-07-18T14:22:51.385Z",
            "tags": [],
            "classTitle": "Body text",
            "points": {
                "exterior": [
                    [
                        334,
                        264
                    ],
                    [
                        443,
                        324
                    ]
                ],
                "interior": []
            }
        },
        {
            "id": 972012120,
            "classId": 10214731,
            "description": "",
            "geometryType": "rectangle",
            "labelerLogin": "Yalda2HITL",
            "createdAt": "2022-07-18T14:22:51.385Z",
            "updatedAt": "2022-07-18T14:22:51.385Z",
            "tags": [
                {
                    "id": 151023070,
                    "tagId": 30308107,
                    "name": "Transcription",
                    "value": "\u0644\u064a\u0644\u0629 \u063a\u0632\u0648 \u062f\u0645\u0634\u0642",
                    "labelerLogin": "Yalda2HITL",
                    "createdAt": "2022-07-18T14:22:51.385Z",
                    "updatedAt": "2022-07-18T14:22:51.385Z"
                }
            ],
            "classTitle": "Title",
            "points": {
                "exterior": [
                    [
                        167,
                        370
                    ],
                    [
                        606,
                        446
                    ]
                ],
                "interior": []
            }
        },
        {
            "id": 972012125,
            "classId": 10214732,
            "description": "",
            "geometryType": "rectangle",
            "labelerLogin": "Yalda2HITL",
            "createdAt": "2022-07-18T14:22:51.385Z",
            "updatedAt": "2022-07-18T14:22:51.385Z",
            "tags": [],
            "classTitle": "Body text",
            "points": {
                "exterior": [
                    [
                        344,
                        1067
                    ],
                    [
                        420,
                        1098
                    ]
                ],
                "interior": []
            }
        },
        {
            "id": 972012126,
            "classId": 10214730,
            "description": "",
            "geometryType": "polygon",
            "labelerLogin": "Yalda2HITL",
            "createdAt": "2022-07-18T14:22:51.385Z",
            "updatedAt": "2022-07-18T14:22:51.385Z",
            "tags": [],
            "classTitle": "Page",
            "points": {
                "exterior": [
                    [
                        12,
                        57
                    ],
                    [
                        12,
                        13
                    ],
                    [
                        63,
                        15
                    ],
                    [
                        213,
                        23
                    ],
                    [
                        416,
                        34
                    ],
                    [
                        627,
                        44
                    ],
                    [
                        782,
                        48
                    ],
                    [
                        782,
                        76
                    ],
                    [
                        781,
                        139
                    ],
                    [
                        780,
                        185
                    ],
                    [
                        779,
                        241
                    ],
                    [
                        778,
                        310
                    ],
                    [
                        777,
                        393
                    ],
                    [
                        766,
                        1155
                    ],
                    [
                        765,
                        1157
                    ],
                    [
                        747,
                        1157
                    ],
                    [
                        656,
                        1161
                    ],
                    [
                        547,
                        1163
                    ],
                    [
                        456,
                        1165
                    ],
                    [
                        363,
                        1166
                    ],
                    [
                        261,
                        1168
                    ],
                    [
                        149,
                        1170
                    ],
                    [
                        52,
                        1173
                    ],
                    [
                        1,
                        1174
                    ],
                    [
                        3,
                        1086
                    ],
                    [
                        4,
                        1003
                    ],
                    [
                        8,
                        900
                    ],
                    [
                        10,
                        822
                    ],
                    [
                        13,
                        712
                    ],
                    [
                        16,
                        600
                    ],
                    [
                        17,
                        500
                    ],
                    [
                        16,
                        373
                    ],
                    [
                        14,
                        246
                    ],
                    [
                        14,
                        142
                    ]
                ],
                "interior": []
            }
        }
    ]
}