{
    "description": "",
    "tags": [],
    "size": {
        "height": 1280,
        "width": 720
    },
    "objects": [
        {
            "id": 972012184,
            "classId": 10214732,
            "description": "",
            "geometryType": "rectangle",
            "labelerLogin": "Yalda2HITL",
            "createdAt": "2022-07-18T14:22:51.385Z",
            "updatedAt": "2022-07-18T14:22:51.385Z",
            "tags": [],
            "classTitle": "Body text",
            "points": {
                "exterior": [
                    [
                        231,
                        192
                    ],
                    [
                        448,
                        264
                    ]
                ],
                "interior": []
            }
        },
        {
            "id": 972012182,
            "classId": 10214731,
            "description": "",
            "geometryType": "rectangle",
            "labelerLogin": "Yalda2HITL",
            "createdAt": "2022-07-18T14:22:51.385Z",
            "updatedAt": "2022-07-18T14:22:51.385Z",
            "tags": [
                {
                    "id": 151023048,
                    "tagId": 30308107,
                    "name": "Transcription",
                    "value": "\u0648\u062d\u064a \u0627\u0644\u063a\u0631\u0628\u0629",
                    "labelerLogin": "Yalda2HITL",
                    "createdAt": "2022-07-18T14:22:51.385Z",
                    "updatedAt": "2022-07-18T14:22:51.385Z"
                }
            ],
            "classTitle": "Title",
            "points": {
                "exterior": [
                    [
                        184,
                        303
                    ],
                    [
                        508,
                        440
                    ]
                ],
                "interior": []
            }
        },
        {
            "id": 972012181,
            "classId": 10214732,
            "description": "",
            "geometryType": "rectangle",
            "labelerLogin": "Yalda2HITL",
            "createdAt": "2022-07-18T14:22:51.385Z",
            "updatedAt": "2022-07-18T14:22:51.385Z",
            "tags": [],
            "classTitle": "Body text",
            "points": {
                "exterior": [
                    [
                        311,
                        491
                    ],
                    [
                        393,
                        534
                    ]
                ],
                "interior": []
            }
        },
        {
            "id": 972012183,
            "classId": 10214732,
            "description": "",
            "geometryType": "rectangle",
            "labelerLogin": "Yalda2HITL",
            "createdAt": "2022-07-18T14:22:51.385Z",
            "updatedAt": "2022-07-18T14:22:51.385Z",
            "tags": [],
            "classTitle": "Body text",
            "points": {
                "exterior": [
                    [
                        356,
                        1009
                    ],
                    [
                        391,
                        1046
                    ]
                ],
                "interior": []
            }
        },
        {
            "id": 972012185,
            "classId": 10214730,
            "description": "",
            "geometryType": "polygon",
            "labelerLogin": "Yalda2HITL",
            "createdAt": "2022-07-18T14:22:51.385Z",
            "updatedAt": "2022-07-18T14:22:51.385Z",
            "tags": [],
            "classTitle": "Page",
            "points": {
                "exterior": [
                    [
                        13,
                        217
                    ],
                    [
                        10,
                        158
                    ],
                    [
                        12,
                        136
                    ],
                    [
                        34,
                        135
                    ],
                    [
                        131,
                        130
                    ],
                    [
                        244,
                        123
                    ],
                    [
                        507,
                        109
                    ],
                    [
                        613,
                        102
                    ],
                    [
                        673,
                        100
                    ],
                    [
                        680,
                        101
                    ],
                    [
                        689,
                        104
                    ],
                    [
                        690,
                        123
                    ],
                    [
                        692,
                        156
                    ],
                    [
                        697,
                        234
                    ],
                    [
                        704,
                        387
                    ],
                    [
                        706,
                        466
                    ],
                    [
                        708,
                        510
                    ],
                    [
                        720,
                        748
                    ],
                    [
                        720,
                        1104
                    ],
                    [
                        712,
                        1106
                    ],
                    [
                        687,
                        1108
                    ],
                    [
                        656,
                        1109
                    ],
                    [
                        623,
                        1111
                    ],
                    [
                        584,
                        1112
                    ],
                    [
                        551,
                        1113
                    ],
                    [
                        510,
                        1114
                    ],
                    [
                        463,
                        1116
                    ],
                    [
                        408,
                        1117
                    ],
                    [
                        352,
                        1119
                    ],
                    [
                        296,
                        1122
                    ],
                    [
                        232,
                        1124
                    ],
                    [
                        168,
                        1126
                    ],
                    [
                        119,
                        1128
                    ],
                    [
                        57,
                        1129
                    ],
                    [
                        51,
                        1127
                    ],
                    [
                        47,
                        1017
                    ],
                    [
                        44,
                        898
                    ],
                    [
                        39,
                        768
                    ],
                    [
                        34,
                        652
                    ],
                    [
                        28,
                        533
                    ]
                ],
                "interior": []
            }
        }
    ]
}