{
    "description": "",
    "tags": [],
    "size": {
        "height": 1280,
        "width": 720
    },
    "objects": [
        {
            "id": 972012177,
            "classId": 10214732,
            "description": "",
            "geometryType": "rectangle",
            "labelerLogin": "Yalda2HITL",
            "createdAt": "2022-07-18T14:22:51.385Z",
            "updatedAt": "2022-07-18T14:22:51.385Z",
            "tags": [],
            "classTitle": "Body text",
            "points": {
                "exterior": [
                    [
                        187,
                        200
                    ],
                    [
                        629,
                        215
                    ]
                ],
                "interior": []
            }
        },
        {
            "id": 972012180,
            "classId": 10214732,
            "description": "",
            "geometryType": "rectangle",
            "labelerLogin": "Yalda2HITL",
            "createdAt": "2022-07-18T14:22:51.385Z",
            "updatedAt": "2022-07-18T14:22:51.385Z",
            "tags": [],
            "classTitle": "Body text",
            "points": {
                "exterior": [
                    [
                        392,
                        234
                    ],
                    [
                        408,
                        245
                    ]
                ],
                "interior": []
            }
        },
        {
            "id": 972012178,
            "classId": 10214731,
            "description": "",
            "geometryType": "rectangle",
            "labelerLogin": "Yalda2HITL",
            "createdAt": "2022-07-18T14:22:51.385Z",
            "updatedAt": "2022-07-18T14:22:51.385Z",
            "tags": [
                {
                    "id": 151023047,
                    "tagId": 30308107,
                    "name": "Transcription",
                    "value": "\u0627\u0644\u0623\u0645\u064a\u0631 \u0627\u0644\u0633\u0639\u064a\u062f",
                    "labelerLogin": "Yalda2HITL",
                    "createdAt": "2022-07-18T14:22:51.385Z",
                    "updatedAt": "2022-07-18T14:22:51.385Z"
                }
            ],
            "classTitle": "Title",
            "points": {
                "exterior": [
                    [
                        241,
                        282
                    ],
                    [
                        548,
                        341
                    ]
                ],
                "interior": []
            }
        },
        {
            "id": 972012179,
            "classId": 10214732,
            "description": "",
            "geometryType": "rectangle",
            "labelerLogin": "Yalda2HITL",
            "createdAt": "2022-07-18T14:22:51.385Z",
            "updatedAt": "2022-07-18T14:22:51.385Z",
            "tags": [],
            "classTitle": "Body text",
            "points": {
                "exterior": [
                    [
                        316,
                        349
                    ],
                    [
                        460,
                        375
                    ]
                ],
                "interior": []
            }
        },
        {
            "id": 972012353,
            "classId": 10214732,
            "description": "",
            "geometryType": "rectangle",
            "labelerLogin": "Yalda2HITL",
            "createdAt": "2022-07-18T14:22:51.385Z",
            "updatedAt": "2022-07-18T14:22:51.385Z",
            "tags": [],
            "classTitle": "Body text",
            "points": {
                "exterior": [
                    [
                        218,
                        762
                    ],
                    [
                        470,
                        792
                    ]
                ],
                "interior": []
            }
        },
        {
            "id": 972012176,
            "classId": 10214730,
            "description": "",
            "geometryType": "polygon",
            "labelerLogin": "Yalda2HITL",
            "createdAt": "2022-07-18T14:22:51.385Z",
            "updatedAt": "2022-07-18T14:22:51.385Z",
            "tags": [],
            "classTitle": "Page",
            "points": {
                "exterior": [
                    [
                        132,
                        202
                    ],
                    [
                        135,
                        181
                    ],
                    [
                        166,
                        181
                    ],
                    [
                        330,
                        181
                    ],
                    [
                        383,
                        179
                    ],
                    [
                        451,
                        177
                    ],
                    [
                        532,
                        176
                    ],
                    [
                        638,
                        174
                    ],
                    [
                        686,
                        173
                    ],
                    [
                        690,
                        173
                    ],
                    [
                        690,
                        180
                    ],
                    [
                        682,
                        774
                    ],
                    [
                        682,
                        962
                    ],
                    [
                        581,
                        958
                    ],
                    [
                        373,
                        948
                    ],
                    [
                        142,
                        939
                    ],
                    [
                        34,
                        937
                    ],
                    [
                        0,
                        936
                    ],
                    [
                        0,
                        877
                    ],
                    [
                        75,
                        499
                    ],
                    [
                        104,
                        347
                    ],
                    [
                        125,
                        240
                    ]
                ],
                "interior": []
            }
        },
        {
            "id": 972012351,
            "classId": 10214732,
            "description": "",
            "geometryType": "rectangle",
            "labelerLogin": "Yalda2HITL",
            "createdAt": "2022-07-18T14:22:51.385Z",
            "updatedAt": "2022-07-18T14:22:51.385Z",
            "tags": [],
            "classTitle": "Body text",
            "points": {
                "exterior": [
                    [
                        551,
                        855
                    ],
                    [
                        608,
                        912
                    ]
                ],
                "interior": []
            }
        }
    ]
}