{
    "description": "",
    "tags": [],
    "size": {
        "height": 1280,
        "width": 961
    },
    "objects": [
        {
            "id": 972012245,
            "classId": 10214732,
            "description": "",
            "geometryType": "rectangle",
            "labelerLogin": "Yalda2HITL",
            "createdAt": "2022-07-18T14:22:51.385Z",
            "updatedAt": "2022-07-18T14:22:51.385Z",
            "tags": [],
            "classTitle": "Body text",
            "points": {
                "exterior": [
                    [
                        396,
                        93
                    ],
                    [
                        554,
                        111
                    ]
                ],
                "interior": []
            }
        },
        {
            "id": 972012244,
            "classId": 10214732,
            "description": "",
            "geometryType": "rectangle",
            "labelerLogin": "Yalda2HITL",
            "createdAt": "2022-07-18T14:22:51.385Z",
            "updatedAt": "2022-07-18T14:22:51.385Z",
            "tags": [],
            "classTitle": "Body text",
            "points": {
                "exterior": [
                    [
                        390,
                        114
                    ],
                    [
                        557,
                        122
                    ]
                ],
                "interior": []
            }
        },
        {
            "id": 972012243,
            "classId": 10214732,
            "description": "",
            "geometryType": "rectangle",
            "labelerLogin": "Yalda2HITL",
            "createdAt": "2022-07-18T14:22:51.385Z",
            "updatedAt": "2022-07-18T14:22:51.385Z",
            "tags": [],
            "classTitle": "Body text",
            "points": {
                "exterior": [
                    [
                        84,
                        56
                    ],
                    [
                        868,
                        84
                    ]
                ],
                "interior": []
            }
        },
        {
            "id": 972012187,
            "classId": 10214732,
            "description": "",
            "geometryType": "rectangle",
            "labelerLogin": "Yalda2HITL",
            "createdAt": "2022-07-18T14:22:51.385Z",
            "updatedAt": "2022-07-18T14:22:51.385Z",
            "tags": [],
            "classTitle": "Body text",
            "points": {
                "exterior": [
                    [
                        167,
                        172
                    ],
                    [
                        776,
                        291
                    ]
                ],
                "interior": []
            }
        },
        {
            "id": 972012246,
            "classId": 10214731,
            "description": "",
            "geometryType": "rectangle",
            "labelerLogin": "Yalda2HITL",
            "createdAt": "2022-07-18T14:22:51.385Z",
            "updatedAt": "2022-07-18T14:22:51.385Z",
            "tags": [
                {
                    "id": 151023058,
                    "tagId": 30308107,
                    "name": "Transcription",
                    "value": "\u0623\u0631\u0636 \u0627\u0644\u0645\u064a\u0639\u0627\u062f",
                    "labelerLogin": "Yalda2HITL",
                    "createdAt": "2022-07-18T14:22:51.385Z",
                    "updatedAt": "2022-07-18T14:22:51.385Z"
                }
            ],
            "classTitle": "Title",
            "points": {
                "exterior": [
                    [
                        168,
                        316
                    ],
                    [
                        772,
                        452
                    ]
                ],
                "interior": []
            }
        },
        {
            "id": 972012242,
            "classId": 10214732,
            "description": "",
            "geometryType": "rectangle",
            "labelerLogin": "Yalda2HITL",
            "createdAt": "2022-07-18T14:22:51.385Z",
            "updatedAt": "2022-07-18T14:22:51.385Z",
            "tags": [],
            "classTitle": "Body text",
            "points": {
                "exterior": [
                    [
                        171,
                        459
                    ],
                    [
                        761,
                        542
                    ]
                ],
                "interior": []
            }
        },
        {
            "id": 972012241,
            "classId": 10214732,
            "description": "",
            "geometryType": "rectangle",
            "labelerLogin": "Yalda2HITL",
            "createdAt": "2022-07-18T14:22:51.385Z",
            "updatedAt": "2022-07-18T14:22:51.385Z",
            "tags": [],
            "classTitle": "Body text",
            "points": {
                "exterior": [
                    [
                        123,
                        912
                    ],
                    [
                        315,
                        991
                    ]
                ],
                "interior": []
            }
        },
        {
            "id": 972012240,
            "classId": 10214732,
            "description": "",
            "geometryType": "rectangle",
            "labelerLogin": "Yalda2HITL",
            "createdAt": "2022-07-18T14:22:51.385Z",
            "updatedAt": "2022-07-18T14:22:51.385Z",
            "tags": [],
            "classTitle": "Body text",
            "points": {
                "exterior": [
                    [
                        536,
                        885
                    ],
                    [
                        665,
                        947
                    ]
                ],
                "interior": []
            }
        },
        {
            "id": 972012247,
            "classId": 10214732,
            "description": "",
            "geometryType": "rectangle",
            "labelerLogin": "Yalda2HITL",
            "createdAt": "2022-07-18T14:22:51.385Z",
            "updatedAt": "2022-07-18T14:22:51.385Z",
            "tags": [],
            "classTitle": "Body text",
            "points": {
                "exterior": [
                    [
                        431,
                        848
                    ],
                    [
                        487,
                        926
                    ]
                ],
                "interior": []
            }
        },
        {
            "id": 972012248,
            "classId": 10214732,
            "description": "",
            "geometryType": "rectangle",
            "labelerLogin": "Yalda2HITL",
            "createdAt": "2022-07-18T14:22:51.385Z",
            "updatedAt": "2022-07-18T14:22:51.385Z",
            "tags": [],
            "classTitle": "Body text",
            "points": {
                "exterior": [
                    [
                        404,
                        832
                    ],
                    [
                        434,
                        865
                    ]
                ],
                "interior": []
            }
        },
        {
            "id": 972012239,
            "classId": 10214732,
            "description": "",
            "geometryType": "rectangle",
            "labelerLogin": "Yalda2HITL",
            "createdAt": "2022-07-18T14:22:51.385Z",
            "updatedAt": "2022-07-18T14:22:51.385Z",
            "tags": [],
            "classTitle": "Body text",
            "points": {
                "exterior": [
                    [
                        70,
                        833
                    ],
                    [
                        222,
                        897
                    ]
                ],
                "interior": []
            }
        },
        {
            "id": 972012251,
            "classId": 10214732,
            "description": "",
            "geometryType": "rectangle",
            "labelerLogin": "Yalda2HITL",
            "createdAt": "2022-07-18T14:22:51.385Z",
            "updatedAt": "2022-07-18T14:22:51.385Z",
            "tags": [],
            "classTitle": "Body text",
            "points": {
                "exterior": [
                    [
                        430,
                        846
                    ],
                    [
                        486,
                        924
                    ]
                ],
                "interior": []
            }
        },
        {
            "id": 972012250,
            "classId": 10214732,
            "description": "",
            "geometryType": "rectangle",
            "labelerLogin": "Yalda2HITL",
            "createdAt": "2022-07-18T14:22:51.385Z",
            "updatedAt": "2022-07-18T14:22:51.385Z",
            "tags": [],
            "classTitle": "Body text",
            "points": {
                "exterior": [
                    [
                        327,
                        906
                    ],
                    [
                        381,
                        951
                    ]
                ],
                "interior": []
            }
        },
        {
            "id": 972012249,
            "classId": 10214730,
            "description": "",
            "geometryType": "polygon",
            "labelerLogin": "Yalda2HITL",
            "createdAt": "2022-07-18T14:22:51.385Z",
            "updatedAt": "2022-07-18T14:22:51.385Z",
            "tags": [],
            "classTitle": "Page",
            "points": {
                "exterior": [
                    [
                        0,
                        85
                    ],
                    [
                        2,
                        33
                    ],
                    [
                        4,
                        17
                    ],
                    [
                        5,
                        11
                    ],
                    [
                        10,
                        8
                    ],
                    [
                        20,
                        8
                    ],
                    [
                        101,
                        7
                    ],
                    [
                        198,
                        8
                    ],
                    [
                        290,
                        11
                    ],
                    [
                        414,
                        16
                    ],
                    [
                        553,
                        18
                    ],
                    [
                        752,
                        22
                    ],
                    [
                        875,
                        24
                    ],
                    [
                        925,
                        26
                    ],
                    [
                        940,
                        29
                    ],
                    [
                        947,
                        32
                    ],
                    [
                        944,
                        94
                    ],
                    [
                        938,
                        221
                    ],
                    [
                        930,
                        317
                    ],
                    [
                        925,
                        408
                    ],
                    [
                        915,
                        540
                    ],
                    [
                        901,
                        729
                    ],
                    [
                        883,
                        965
                    ],
                    [
                        869,
                        1153
                    ],
                    [
                        858,
                        1268
                    ],
                    [
                        855,
                        1269
                    ],
                    [
                        849,
                        1271
                    ],
                    [
                        811,
                        1271
                    ],
                    [
                        709,
                        1271
                    ],
                    [
                        639,
                        1269
                    ],
                    [
                        566,
                        1267
                    ],
                    [
                        437,
                        1265
                    ],
                    [
                        327,
                        1263
                    ],
                    [
                        184,
                        1259
                    ],
                    [
                        111,
                        1256
                    ],
                    [
                        77,
                        1253
                    ],
                    [
                        53,
                        1249
                    ],
                    [
                        39,
                        1246
                    ],
                    [
                        33,
                        1244
                    ],
                    [
                        29,
                        1240
                    ],
                    [
                        26,
                        1231
                    ],
                    [
                        6,
                        338
                    ]
                ],
                "interior": []
            }
        }
    ]
}