{
    "description": "",
    "tags": [],
    "size": {
        "height": 1280,
        "width": 908
    },
    "objects": [
        {
            "id": 972012253,
            "classId": 10214732,
            "description": "",
            "geometryType": "rectangle",
            "labelerLogin": "Yalda2HITL",
            "createdAt": "2022-07-18T14:22:51.385Z",
            "updatedAt": "2022-07-18T14:22:51.385Z",
            "tags": [],
            "classTitle": "Body text",
            "points": {
                "exterior": [
                    [
                        601,
                        147
                    ],
                    [
                        818,
                        186
                    ]
                ],
                "interior": []
            }
        },
        {
            "id": 972012252,
            "classId": 10214731,
            "description": "",
            "geometryType": "rectangle",
            "labelerLogin": "Yalda2HITL",
            "createdAt": "2022-07-18T14:22:51.385Z",
            "updatedAt": "2022-07-18T14:22:51.385Z",
            "tags": [
                {
                    "id": 151023059,
                    "tagId": 30308107,
                    "name": "Transcription",
                    "value": "\u0627\u0644\u0641\u062a\u0648\u062d\u0627\u062a \u0627\u0644\u0631\u0628\u0627\u0646\u064a\u0629",
                    "labelerLogin": "Yalda2HITL",
                    "createdAt": "2022-07-18T14:22:51.385Z",
                    "updatedAt": "2022-07-18T14:22:51.385Z"
                }
            ],
            "classTitle": "Title",
            "points": {
                "exterior": [
                    [
                        89,
                        556
                    ],
                    [
                        574,
                        673
                    ]
                ],
                "interior": []
            }
        },
        {
            "id": 972012254,
            "classId": 10214732,
            "description": "",
            "geometryType": "rectangle",
            "labelerLogin": "Yalda2HITL",
            "createdAt": "2022-07-18T14:22:51.385Z",
            "updatedAt": "2022-07-18T14:22:51.385Z",
            "tags": [],
            "classTitle": "Body text",
            "points": {
                "exterior": [
                    [
                        160,
                        679
                    ],
                    [
                        507,
                        731
                    ]
                ],
                "interior": []
            }
        },
        {
            "id": 972012258,
            "classId": 10214732,
            "description": "",
            "geometryType": "rectangle",
            "labelerLogin": "Yalda2HITL",
            "createdAt": "2022-07-18T14:22:51.385Z",
            "updatedAt": "2022-07-18T14:22:51.385Z",
            "tags": [],
            "classTitle": "Body text",
            "points": {
                "exterior": [
                    [
                        91,
                        1086
                    ],
                    [
                        368,
                        1139
                    ]
                ],
                "interior": []
            }
        },
        {
            "id": 972012238,
            "classId": 10214732,
            "description": "",
            "geometryType": "rectangle",
            "labelerLogin": "Yalda2HITL",
            "createdAt": "2022-07-18T14:22:51.385Z",
            "updatedAt": "2022-07-18T14:22:51.385Z",
            "tags": [],
            "classTitle": "Body text",
            "points": {
                "exterior": [
                    [
                        119,
                        1158
                    ],
                    [
                        330,
                        1196
                    ]
                ],
                "interior": []
            }
        },
        {
            "id": 972012255,
            "classId": 10214730,
            "description": "",
            "geometryType": "polygon",
            "labelerLogin": "Yalda2HITL",
            "createdAt": "2022-07-18T14:22:51.385Z",
            "updatedAt": "2022-07-18T14:22:51.385Z",
            "tags": [],
            "classTitle": "Page",
            "points": {
                "exterior": [
                    [
                        11,
                        76
                    ],
                    [
                        11,
                        44
                    ],
                    [
                        11,
                        39
                    ],
                    [
                        38,
                        39
                    ],
                    [
                        151,
                        35
                    ],
                    [
                        273,
                        31
                    ],
                    [
                        366,
                        28
                    ],
                    [
                        474,
                        24
                    ],
                    [
                        569,
                        20
                    ],
                    [
                        641,
                        19
                    ],
                    [
                        735,
                        17
                    ],
                    [
                        815,
                        16
                    ],
                    [
                        859,
                        17
                    ],
                    [
                        882,
                        18
                    ],
                    [
                        887,
                        19
                    ],
                    [
                        896,
                        23
                    ],
                    [
                        901,
                        25
                    ],
                    [
                        900,
                        74
                    ],
                    [
                        899,
                        179
                    ],
                    [
                        886,
                        717
                    ],
                    [
                        882,
                        927
                    ],
                    [
                        880,
                        1239
                    ],
                    [
                        880,
                        1248
                    ],
                    [
                        880,
                        1250
                    ],
                    [
                        878,
                        1251
                    ],
                    [
                        877,
                        1253
                    ],
                    [
                        874,
                        1255
                    ],
                    [
                        870,
                        1256
                    ],
                    [
                        861,
                        1257
                    ],
                    [
                        824,
                        1258
                    ],
                    [
                        769,
                        1260
                    ],
                    [
                        712,
                        1260
                    ],
                    [
                        652,
                        1260
                    ],
                    [
                        593,
                        1259
                    ],
                    [
                        536,
                        1260
                    ],
                    [
                        468,
                        1261
                    ],
                    [
                        406,
                        1261
                    ],
                    [
                        365,
                        1261
                    ],
                    [
                        291,
                        1262
                    ],
                    [
                        233,
                        1263
                    ],
                    [
                        171,
                        1265
                    ],
                    [
                        105,
                        1267
                    ],
                    [
                        65,
                        1268
                    ],
                    [
                        38,
                        1268
                    ],
                    [
                        37,
                        1265
                    ],
                    [
                        37,
                        1176
                    ],
                    [
                        36,
                        1046
                    ],
                    [
                        34,
                        903
                    ],
                    [
                        30,
                        756
                    ],
                    [
                        26,
                        636
                    ],
                    [
                        22,
                        495
                    ],
                    [
                        18,
                        358
                    ],
                    [
                        14,
                        217
                    ],
                    [
                        12,
                        120
                    ]
                ],
                "interior": []
            }
        }
    ]
}