{
    "description": "",
    "tags": [],
    "size": {
        "height": 1280,
        "width": 960
    },
    "objects": [
        {
            "id": 972012659,
            "classId": 10214730,
            "description": "",
            "geometryType": "polygon",
            "labelerLogin": "Yalda2HITL",
            "createdAt": "2022-07-18T14:23:36.658Z",
            "updatedAt": "2022-07-18T14:23:36.658Z",
            "tags": [],
            "classTitle": "Page",
            "points": {
                "exterior": [
                    [
                        161,
                        155
                    ],
                    [
                        105,
                        707
                    ],
                    [
                        64,
                        1105
                    ],
                    [
                        58,
                        1221
                    ],
                    [
                        491,
                        1217
                    ],
                    [
                        903,
                        1209
                    ],
                    [
                        914,
                        1164
                    ],
                    [
                        915,
                        1146
                    ],
                    [
                        906,
                        1123
                    ],
                    [
                        911,
                        1096
                    ],
                    [
                        904,
                        1079
                    ],
                    [
                        890,
                        1061
                    ],
                    [
                        867,
                        836
                    ],
                    [
                        843,
                        625
                    ],
                    [
                        809,
                        324
                    ],
                    [
                        793,
                        169
                    ],
                    [
                        770,
                        165
                    ]
                ],
                "interior": []
            }
        },
        {
            "id": 972012706,
            "classId": 10214731,
            "description": "",
            "geometryType": "rectangle",
            "labelerLogin": "Yalda2HITL",
            "createdAt": "2022-07-18T14:23:36.658Z",
            "updatedAt": "2022-07-18T14:23:36.658Z",
            "tags": [
                {
                    "id": 151023121,
                    "tagId": 30308107,
                    "name": "Transcription",
                    "value": "\u0645\u0639\u062a\u0642\u0644 \u0623\u0646\u0635\u0627\u0631",
                    "labelerLogin": "Yalda2HITL",
                    "createdAt": "2022-07-18T14:23:36.658Z",
                    "updatedAt": "2022-07-18T14:23:36.658Z"
                }
            ],
            "classTitle": "Title",
            "points": {
                "exterior": [
                    [
                        202,
                        211
                    ],
                    [
                        704,
                        569
                    ]
                ],
                "interior": []
            }
        },
        {
            "id": 972012658,
            "classId": 10214732,
            "description": "",
            "geometryType": "rectangle",
            "labelerLogin": "Yalda2HITL",
            "createdAt": "2022-07-18T14:23:36.658Z",
            "updatedAt": "2022-07-18T14:23:36.658Z",
            "tags": [],
            "classTitle": "Body text",
            "points": {
                "exterior": [
                    [
                        161,
                        407
                    ],
                    [
                        797,
                        606
                    ]
                ],
                "interior": []
            }
        },
        {
            "id": 972012657,
            "classId": 10214732,
            "description": "",
            "geometryType": "rectangle",
            "labelerLogin": "Yalda2HITL",
            "createdAt": "2022-07-18T14:23:36.658Z",
            "updatedAt": "2022-07-18T14:23:36.658Z",
            "tags": [],
            "classTitle": "Body text",
            "points": {
                "exterior": [
                    [
                        118,
                        1135
                    ],
                    [
                        816,
                        1171
                    ]
                ],
                "interior": []
            }
        }
    ]
}