{
    "description": "",
    "tags": [],
    "size": {
        "height": 632,
        "width": 401
    },
    "objects": [
        {
            "id": 972015205,
            "classId": 10214731,
            "description": "",
            "geometryType": "rectangle",
            "labelerLogin": "Yalda2HITL",
            "createdAt": "2022-07-18T14:25:22.963Z",
            "updatedAt": "2022-07-18T14:25:22.963Z",
            "tags": [
                {
                    "id": 151023398,
                    "tagId": 30308107,
                    "name": "Transcription",
                    "value": "\u0627\u0644\u062a\u0641\u0643\u064a\u0631 ",
                    "labelerLogin": "Yalda2HITL",
                    "createdAt": "2022-07-18T14:25:22.963Z",
                    "updatedAt": "2022-07-18T14:25:22.963Z"
                }
            ],
            "classTitle": "Title",
            "points": {
                "exterior": [
                    [
                        143,
                        92
                    ],
                    [
                        329,
                        156
                    ]
                ],
                "interior": []
            }
        },
        {
            "id": 972015204,
            "classId": 10214731,
            "description": "",
            "geometryType": "rectangle",
            "labelerLogin": "Yalda2HITL",
            "createdAt": "2022-07-18T14:25:22.963Z",
            "updatedAt": "2022-07-18T14:25:22.963Z",
            "tags": [
                {
                    "id": 151023397,
                    "tagId": 30308107,
                    "name": "Transcription",
                    "value": "\u0627\u0644\u0625\u064a\u062c\u0627\u0628\u064a",
                    "labelerLogin": "Yalda2HITL",
                    "createdAt": "2022-07-18T14:25:22.963Z",
                    "updatedAt": "2022-07-18T14:25:22.963Z"
                }
            ],
            "classTitle": "Title",
            "points": {
                "exterior": [
                    [
                        106,
                        203
                    ],
                    [
                        344,
                        280
                    ]
                ],
                "interior": []
            }
        },
        {
            "id": 972015225,
            "classId": 10214732,
            "description": "",
            "geometryType": "rectangle",
            "labelerLogin": "Yalda2HITL",
            "createdAt": "2022-07-18T14:25:22.963Z",
            "updatedAt": "2022-07-18T14:25:22.963Z",
            "tags": [],
            "classTitle": "Body text",
            "points": {
                "exterior": [
                    [
                        118,
                        317
                    ],
                    [
                        226,
                        331
                    ]
                ],
                "interior": []
            }
        },
        {
            "id": 972015178,
            "classId": 10214732,
            "description": "",
            "geometryType": "rectangle",
            "labelerLogin": "Yalda2HITL",
            "createdAt": "2022-07-18T14:25:22.963Z",
            "updatedAt": "2022-07-18T14:25:22.963Z",
            "tags": [],
            "classTitle": "Body text",
            "points": {
                "exterior": [
                    [
                        114,
                        338
                    ],
                    [
                        222,
                        352
                    ]
                ],
                "interior": []
            }
        },
        {
            "id": 972015175,
            "classId": 10214732,
            "description": "",
            "geometryType": "rectangle",
            "labelerLogin": "Yalda2HITL",
            "createdAt": "2022-07-18T14:25:22.962Z",
            "updatedAt": "2022-07-18T14:25:22.962Z",
            "tags": [],
            "classTitle": "Body text",
            "points": {
                "exterior": [
                    [
                        116,
                        365
                    ],
                    [
                        196,
                        382
                    ]
                ],
                "interior": []
            }
        },
        {
            "id": 972015240,
            "classId": 10214732,
            "description": "",
            "geometryType": "rectangle",
            "labelerLogin": "Yalda2HITL",
            "createdAt": "2022-07-18T14:25:22.963Z",
            "updatedAt": "2022-07-18T14:25:22.963Z",
            "tags": [],
            "classTitle": "Body text",
            "points": {
                "exterior": [
                    [
                        119,
                        390
                    ],
                    [
                        164,
                        407
                    ]
                ],
                "interior": []
            }
        },
        {
            "id": 972015226,
            "classId": 10214732,
            "description": "",
            "geometryType": "rectangle",
            "labelerLogin": "Yalda2HITL",
            "createdAt": "2022-07-18T14:25:22.963Z",
            "updatedAt": "2022-07-18T14:25:22.963Z",
            "tags": [],
            "classTitle": "Body text",
            "points": {
                "exterior": [
                    [
                        195,
                        430
                    ],
                    [
                        279,
                        482
                    ]
                ],
                "interior": []
            }
        },
        {
            "id": 972015239,
            "classId": 10214732,
            "description": "",
            "geometryType": "rectangle",
            "labelerLogin": "Yalda2HITL",
            "createdAt": "2022-07-18T14:25:22.963Z",
            "updatedAt": "2022-07-18T14:25:22.963Z",
            "tags": [],
            "classTitle": "Body text",
            "points": {
                "exterior": [
                    [
                        277,
                        503
                    ],
                    [
                        330,
                        522
                    ]
                ],
                "interior": []
            }
        },
        {
            "id": 972015128,
            "classId": 10214732,
            "description": "",
            "geometryType": "rectangle",
            "labelerLogin": "Yalda2HITL",
            "createdAt": "2022-07-18T14:25:22.962Z",
            "updatedAt": "2022-07-18T14:25:22.962Z",
            "tags": [],
            "classTitle": "Body text",
            "points": {
                "exterior": [
                    [
                        277,
                        512
                    ],
                    [
                        331,
                        531
                    ]
                ],
                "interior": []
            }
        },
        {
            "id": 972015203,
            "classId": 10214730,
            "description": "",
            "geometryType": "polygon",
            "labelerLogin": "Yalda2HITL",
            "createdAt": "2022-07-18T14:25:22.963Z",
            "updatedAt": "2022-07-18T14:25:22.963Z",
            "tags": [],
            "classTitle": "Page",
            "points": {
                "exterior": [
                    [
                        77,
                        10
                    ],
                    [
                        81,
                        330
                    ],
                    [
                        89,
                        622
                    ],
                    [
                        177,
                        590
                    ],
                    [
                        303,
                        542
                    ],
                    [
                        350,
                        529
                    ],
                    [
                        364,
                        212
                    ],
                    [
                        366,
                        87
                    ],
                    [
                        233,
                        51
                    ]
                ],
                "interior": []
            }
        },
        {
            "id": 972015238,
            "classId": 10214732,
            "description": "",
            "geometryType": "rectangle",
            "labelerLogin": "Yalda2HITL",
            "createdAt": "2022-07-18T14:25:22.963Z",
            "updatedAt": "2022-07-18T14:25:22.963Z",
            "tags": [],
            "classTitle": "Body text",
            "points": {
                "exterior": [
                    [
                        111,
                        503
                    ],
                    [
                        223,
                        540
                    ]
                ],
                "interior": []
            }
        },
        {
            "id": 972015202,
            "classId": 10214732,
            "description": "",
            "geometryType": "rectangle",
            "labelerLogin": "Yalda2HITL",
            "createdAt": "2022-07-18T14:25:22.963Z",
            "updatedAt": "2022-07-18T14:25:22.963Z",
            "tags": [],
            "classTitle": "Body text",
            "points": {
                "exterior": [
                    [
                        112,
                        515
                    ],
                    [
                        224,
                        564
                    ]
                ],
                "interior": []
            }
        },
        {
            "id": 972015224,
            "classId": 10214732,
            "description": "",
            "geometryType": "rectangle",
            "labelerLogin": "Yalda2HITL",
            "createdAt": "2022-07-18T14:25:22.963Z",
            "updatedAt": "2022-07-18T14:25:22.963Z",
            "tags": [],
            "classTitle": "Body text",
            "points": {
                "exterior": [
                    [
                        129,
                        537
                    ],
                    [
                        211,
                        570
                    ]
                ],
                "interior": []
            }
        },
        {
            "id": 972015206,
            "classId": 10214732,
            "description": "",
            "geometryType": "rectangle",
            "labelerLogin": "Yalda2HITL",
            "createdAt": "2022-07-18T14:25:22.963Z",
            "updatedAt": "2022-07-18T14:25:22.963Z",
            "tags": [],
            "classTitle": "Body text",
            "points": {
                "exterior": [
                    [
                        141,
                        560
                    ],
                    [
                        195,
                        585
                    ]
                ],
                "interior": []
            }
        }
    ]
}