{
    "description": "",
    "tags": [],
    "size": {
        "height": 1280,
        "width": 720
    },
    "objects": [
        {
            "id": 972012344,
            "classId": 10214732,
            "description": "",
            "geometryType": "rectangle",
            "labelerLogin": "Yalda2HITL",
            "createdAt": "2022-07-18T14:22:51.385Z",
            "updatedAt": "2022-07-18T14:22:51.385Z",
            "tags": [],
            "classTitle": "Body text",
            "points": {
                "exterior": [
                    [
                        47,
                        26
                    ],
                    [
                        149,
                        140
                    ]
                ],
                "interior": []
            }
        },
        {
            "id": 972012342,
            "classId": 10214732,
            "description": "",
            "geometryType": "rectangle",
            "labelerLogin": "Yalda2HITL",
            "createdAt": "2022-07-18T14:22:51.385Z",
            "updatedAt": "2022-07-18T14:22:51.385Z",
            "tags": [],
            "classTitle": "Body text",
            "points": {
                "exterior": [
                    [
                        209,
                        100
                    ],
                    [
                        500,
                        144
                    ]
                ],
                "interior": []
            }
        },
        {
            "id": 972012343,
            "classId": 10214731,
            "description": "",
            "geometryType": "rectangle",
            "labelerLogin": "Yalda2HITL",
            "createdAt": "2022-07-18T14:22:51.385Z",
            "updatedAt": "2022-07-18T14:22:51.385Z",
            "tags": [
                {
                    "id": 151023068,
                    "tagId": 30308107,
                    "name": "Transcription",
                    "value": "\u0623\u0644\u0632\u0647\u0627\u064a\u0645\u0631",
                    "labelerLogin": "Yalda2HITL",
                    "createdAt": "2022-07-18T14:22:51.385Z",
                    "updatedAt": "2022-07-18T14:22:51.385Z"
                }
            ],
            "classTitle": "Title",
            "points": {
                "exterior": [
                    [
                        77,
                        263
                    ],
                    [
                        533,
                        453
                    ]
                ],
                "interior": []
            }
        },
        {
            "id": 972012345,
            "classId": 10214732,
            "description": "",
            "geometryType": "rectangle",
            "labelerLogin": "Yalda2HITL",
            "createdAt": "2022-07-18T14:22:51.385Z",
            "updatedAt": "2022-07-18T14:22:51.385Z",
            "tags": [],
            "classTitle": "Body text",
            "points": {
                "exterior": [
                    [
                        95,
                        460
                    ],
                    [
                        265,
                        508
                    ]
                ],
                "interior": []
            }
        },
        {
            "id": 972012346,
            "classId": 10214732,
            "description": "",
            "geometryType": "rectangle",
            "labelerLogin": "Yalda2HITL",
            "createdAt": "2022-07-18T14:22:51.385Z",
            "updatedAt": "2022-07-18T14:22:51.385Z",
            "tags": [],
            "classTitle": "Body text",
            "points": {
                "exterior": [
                    [
                        81,
                        908
                    ],
                    [
                        146,
                        931
                    ]
                ],
                "interior": []
            }
        },
        {
            "id": 972012347,
            "classId": 10214730,
            "description": "",
            "geometryType": "polygon",
            "labelerLogin": "Yalda2HITL",
            "createdAt": "2022-07-18T14:22:51.385Z",
            "updatedAt": "2022-07-18T14:22:51.385Z",
            "tags": [],
            "classTitle": "Page",
            "points": {
                "exterior": [
                    [
                        37,
                        71
                    ],
                    [
                        38,
                        16
                    ],
                    [
                        69,
                        16
                    ],
                    [
                        142,
                        16
                    ],
                    [
                        227,
                        16
                    ],
                    [
                        291,
                        14
                    ],
                    [
                        374,
                        11
                    ],
                    [
                        473,
                        5
                    ],
                    [
                        528,
                        0
                    ],
                    [
                        719,
                        0
                    ],
                    [
                        719,
                        118
                    ],
                    [
                        690,
                        373
                    ],
                    [
                        664,
                        630
                    ],
                    [
                        617,
                        1137
                    ],
                    [
                        616,
                        1148
                    ],
                    [
                        608,
                        1143
                    ],
                    [
                        603,
                        1142
                    ],
                    [
                        596,
                        1144
                    ],
                    [
                        583,
                        1139
                    ],
                    [
                        578,
                        1137
                    ],
                    [
                        568,
                        1134
                    ],
                    [
                        551,
                        1129
                    ],
                    [
                        521,
                        1119
                    ],
                    [
                        488,
                        1108
                    ],
                    [
                        451,
                        1095
                    ],
                    [
                        384,
                        1072
                    ],
                    [
                        346,
                        1060
                    ],
                    [
                        305,
                        1047
                    ],
                    [
                        265,
                        1036
                    ],
                    [
                        233,
                        1029
                    ],
                    [
                        199,
                        1022
                    ],
                    [
                        169,
                        1017
                    ],
                    [
                        138,
                        1012
                    ],
                    [
                        95,
                        1005
                    ],
                    [
                        62,
                        1000
                    ],
                    [
                        37,
                        996
                    ],
                    [
                        14,
                        992
                    ],
                    [
                        0,
                        990
                    ],
                    [
                        4,
                        922
                    ],
                    [
                        9,
                        835
                    ],
                    [
                        14,
                        758
                    ],
                    [
                        21,
                        611
                    ],
                    [
                        24,
                        526
                    ],
                    [
                        27,
                        398
                    ],
                    [
                        30,
                        279
                    ],
                    [
                        33,
                        156
                    ]
                ],
                "interior": []
            }
        }
    ]
}