{
    "description": "",
    "tags": [],
    "size": {
        "height": 1280,
        "width": 960
    },
    "objects": [
        {
            "id": 972012660,
            "classId": 10214730,
            "description": "",
            "geometryType": "polygon",
            "labelerLogin": "Yalda2HITL",
            "createdAt": "2022-07-18T14:23:36.658Z",
            "updatedAt": "2022-07-18T14:23:36.658Z",
            "tags": [],
            "classTitle": "Page",
            "points": {
                "exterior": [
                    [
                        109,
                        132
                    ],
                    [
                        11,
                        1038
                    ],
                    [
                        39,
                        1081
                    ],
                    [
                        45,
                        1132
                    ],
                    [
                        55,
                        1170
                    ],
                    [
                        64,
                        1215
                    ],
                    [
                        959,
                        1202
                    ],
                    [
                        864,
                        424
                    ],
                    [
                        826,
                        153
                    ],
                    [
                        807,
                        141
                    ]
                ],
                "interior": []
            }
        },
        {
            "id": 972012707,
            "classId": 10214731,
            "description": "",
            "geometryType": "rectangle",
            "labelerLogin": "Yalda2HITL",
            "createdAt": "2022-07-18T14:23:36.658Z",
            "updatedAt": "2022-07-18T14:23:36.658Z",
            "tags": [
                {
                    "id": 151023122,
                    "tagId": 30308107,
                    "name": "Transcription",
                    "value": "\u0627\u0644\u062d\u0631\u0628 \u0627\u0644\u0643\u0628\u0631\u0649",
                    "labelerLogin": "Yalda2HITL",
                    "createdAt": "2022-07-18T14:23:36.658Z",
                    "updatedAt": "2022-07-18T14:23:36.658Z"
                }
            ],
            "classTitle": "Title",
            "points": {
                "exterior": [
                    [
                        179,
                        197
                    ],
                    [
                        783,
                        305
                    ]
                ],
                "interior": []
            }
        },
        {
            "id": 972012662,
            "classId": 10214732,
            "description": "",
            "geometryType": "rectangle",
            "labelerLogin": "Yalda2HITL",
            "createdAt": "2022-07-18T14:23:36.658Z",
            "updatedAt": "2022-07-18T14:23:36.658Z",
            "tags": [],
            "classTitle": "Body text",
            "points": {
                "exterior": [
                    [
                        285,
                        313
                    ],
                    [
                        688,
                        368
                    ]
                ],
                "interior": []
            }
        },
        {
            "id": 972012663,
            "classId": 10214732,
            "description": "",
            "geometryType": "rectangle",
            "labelerLogin": "Yalda2HITL",
            "createdAt": "2022-07-18T14:23:36.658Z",
            "updatedAt": "2022-07-18T14:23:36.658Z",
            "tags": [],
            "classTitle": "Body text",
            "points": {
                "exterior": [
                    [
                        171,
                        908
                    ],
                    [
                        821,
                        1065
                    ]
                ],
                "interior": []
            }
        },
        {
            "id": 972012661,
            "classId": 10214732,
            "description": "",
            "geometryType": "rectangle",
            "labelerLogin": "Yalda2HITL",
            "createdAt": "2022-07-18T14:23:36.658Z",
            "updatedAt": "2022-07-18T14:23:36.658Z",
            "tags": [],
            "classTitle": "Body text",
            "points": {
                "exterior": [
                    [
                        367,
                        1149
                    ],
                    [
                        631,
                        1176
                    ]
                ],
                "interior": []
            }
        }
    ]
}