{
    "description": "",
    "tags": [],
    "size": {
        "height": 1280,
        "width": 960
    },
    "objects": [
        {
            "id": 972012689,
            "classId": 10214730,
            "description": "",
            "geometryType": "polygon",
            "labelerLogin": "Yalda2HITL",
            "createdAt": "2022-07-18T14:23:36.658Z",
            "updatedAt": "2022-07-18T14:23:36.658Z",
            "tags": [],
            "classTitle": "Page",
            "points": {
                "exterior": [
                    [
                        74,
                        56
                    ],
                    [
                        61,
                        487
                    ],
                    [
                        40,
                        1129
                    ],
                    [
                        31,
                        1277
                    ],
                    [
                        143,
                        1267
                    ],
                    [
                        269,
                        1259
                    ],
                    [
                        353,
                        1254
                    ],
                    [
                        516,
                        1253
                    ],
                    [
                        667,
                        1256
                    ],
                    [
                        833,
                        1257
                    ],
                    [
                        949,
                        1259
                    ],
                    [
                        924,
                        802
                    ],
                    [
                        908,
                        419
                    ],
                    [
                        891,
                        49
                    ],
                    [
                        873,
                        44
                    ],
                    [
                        762,
                        45
                    ],
                    [
                        670,
                        49
                    ],
                    [
                        575,
                        60
                    ],
                    [
                        456,
                        64
                    ],
                    [
                        394,
                        67
                    ],
                    [
                        316,
                        70
                    ],
                    [
                        249,
                        70
                    ],
                    [
                        186,
                        67
                    ]
                ],
                "interior": []
            }
        },
        {
            "id": 972012698,
            "classId": 10214730,
            "description": "",
            "geometryType": "polygon",
            "labelerLogin": "Yalda2HITL",
            "createdAt": "2022-07-18T14:23:36.658Z",
            "updatedAt": "2022-07-18T14:23:36.658Z",
            "tags": [],
            "classTitle": "Page",
            "points": {
                "exterior": [
                    [
                        959,
                        547
                    ],
                    [
                        959,
                        323
                    ],
                    [
                        959,
                        397
                    ],
                    [
                        959,
                        328
                    ]
                ],
                "interior": []
            }
        },
        {
            "id": 972012701,
            "classId": 10214732,
            "description": "",
            "geometryType": "rectangle",
            "labelerLogin": "Yalda2HITL",
            "createdAt": "2022-07-18T14:23:36.658Z",
            "updatedAt": "2022-07-18T14:23:36.658Z",
            "tags": [],
            "classTitle": "Body text",
            "points": {
                "exterior": [
                    [
                        186,
                        110
                    ],
                    [
                        207,
                        124
                    ]
                ],
                "interior": []
            }
        },
        {
            "id": 972012700,
            "classId": 10214732,
            "description": "",
            "geometryType": "rectangle",
            "labelerLogin": "Yalda2HITL",
            "createdAt": "2022-07-18T14:23:36.658Z",
            "updatedAt": "2022-07-18T14:23:36.658Z",
            "tags": [],
            "classTitle": "Body text",
            "points": {
                "exterior": [
                    [
                        166,
                        125
                    ],
                    [
                        225,
                        142
                    ]
                ],
                "interior": []
            }
        },
        {
            "id": 972012710,
            "classId": 10214732,
            "description": "",
            "geometryType": "rectangle",
            "labelerLogin": "Yalda2HITL",
            "createdAt": "2022-07-18T14:23:36.658Z",
            "updatedAt": "2022-07-18T14:23:36.658Z",
            "tags": [],
            "classTitle": "Body text",
            "points": {
                "exterior": [
                    [
                        137,
                        141
                    ],
                    [
                        253,
                        158
                    ]
                ],
                "interior": []
            }
        },
        {
            "id": 972012720,
            "classId": 10214732,
            "description": "",
            "geometryType": "rectangle",
            "labelerLogin": "Yalda2HITL",
            "createdAt": "2022-07-18T14:23:36.658Z",
            "updatedAt": "2022-07-18T14:23:36.658Z",
            "tags": [],
            "classTitle": "Body text",
            "points": {
                "exterior": [
                    [
                        135,
                        158
                    ],
                    [
                        255,
                        175
                    ]
                ],
                "interior": []
            }
        },
        {
            "id": 972012719,
            "classId": 10214732,
            "description": "",
            "geometryType": "rectangle",
            "labelerLogin": "Yalda2HITL",
            "createdAt": "2022-07-18T14:23:36.658Z",
            "updatedAt": "2022-07-18T14:23:36.658Z",
            "tags": [],
            "classTitle": "Body text",
            "points": {
                "exterior": [
                    [
                        121,
                        173
                    ],
                    [
                        267,
                        193
                    ]
                ],
                "interior": []
            }
        },
        {
            "id": 972012718,
            "classId": 10214732,
            "description": "",
            "geometryType": "rectangle",
            "labelerLogin": "Yalda2HITL",
            "createdAt": "2022-07-18T14:23:36.658Z",
            "updatedAt": "2022-07-18T14:23:36.658Z",
            "tags": [],
            "classTitle": "Body text",
            "points": {
                "exterior": [
                    [
                        128,
                        189
                    ],
                    [
                        258,
                        208
                    ]
                ],
                "interior": []
            }
        },
        {
            "id": 972012717,
            "classId": 10214732,
            "description": "",
            "geometryType": "rectangle",
            "labelerLogin": "Yalda2HITL",
            "createdAt": "2022-07-18T14:23:36.658Z",
            "updatedAt": "2022-07-18T14:23:36.658Z",
            "tags": [],
            "classTitle": "Body text",
            "points": {
                "exterior": [
                    [
                        152,
                        207
                    ],
                    [
                        237,
                        223
                    ]
                ],
                "interior": []
            }
        },
        {
            "id": 972012716,
            "classId": 10214732,
            "description": "",
            "geometryType": "rectangle",
            "labelerLogin": "Yalda2HITL",
            "createdAt": "2022-07-18T14:23:36.658Z",
            "updatedAt": "2022-07-18T14:23:36.658Z",
            "tags": [],
            "classTitle": "Body text",
            "points": {
                "exterior": [
                    [
                        177,
                        225
                    ],
                    [
                        209,
                        239
                    ]
                ],
                "interior": []
            }
        },
        {
            "id": 972012715,
            "classId": 10214732,
            "description": "",
            "geometryType": "rectangle",
            "labelerLogin": "Yalda2HITL",
            "createdAt": "2022-07-18T14:23:36.658Z",
            "updatedAt": "2022-07-18T14:23:36.658Z",
            "tags": [],
            "classTitle": "Body text",
            "points": {
                "exterior": [
                    [
                        640,
                        114
                    ],
                    [
                        799,
                        135
                    ]
                ],
                "interior": []
            }
        },
        {
            "id": 972012714,
            "classId": 10214732,
            "description": "",
            "geometryType": "rectangle",
            "labelerLogin": "Yalda2HITL",
            "createdAt": "2022-07-18T14:23:36.658Z",
            "updatedAt": "2022-07-18T14:23:36.658Z",
            "tags": [],
            "classTitle": "Body text",
            "points": {
                "exterior": [
                    [
                        640,
                        128
                    ],
                    [
                        798,
                        146
                    ]
                ],
                "interior": []
            }
        },
        {
            "id": 972012713,
            "classId": 10214731,
            "description": "",
            "geometryType": "rectangle",
            "labelerLogin": "Yalda2HITL",
            "createdAt": "2022-07-18T14:23:36.658Z",
            "updatedAt": "2022-07-18T14:23:36.658Z",
            "tags": [
                {
                    "id": 151023123,
                    "tagId": 30308107,
                    "name": "Transcription",
                    "value": "\u062a\u064a\u0645 \u0643\u0648\u0643",
                    "labelerLogin": "Yalda2HITL",
                    "createdAt": "2022-07-18T14:23:36.658Z",
                    "updatedAt": "2022-07-18T14:23:36.658Z"
                }
            ],
            "classTitle": "Title",
            "points": {
                "exterior": [
                    [
                        291,
                        799
                    ],
                    [
                        686,
                        899
                    ]
                ],
                "interior": []
            }
        },
        {
            "id": 972012712,
            "classId": 10214732,
            "description": "",
            "geometryType": "rectangle",
            "labelerLogin": "Yalda2HITL",
            "createdAt": "2022-07-18T14:23:36.658Z",
            "updatedAt": "2022-07-18T14:23:36.658Z",
            "tags": [],
            "classTitle": "Body text",
            "points": {
                "exterior": [
                    [
                        166,
                        921
                    ],
                    [
                        812,
                        977
                    ]
                ],
                "interior": []
            }
        },
        {
            "id": 972012704,
            "classId": 10214732,
            "description": "",
            "geometryType": "rectangle",
            "labelerLogin": "Yalda2HITL",
            "createdAt": "2022-07-18T14:23:36.658Z",
            "updatedAt": "2022-07-18T14:23:36.658Z",
            "tags": [],
            "classTitle": "Body text",
            "points": {
                "exterior": [
                    [
                        340,
                        988
                    ],
                    [
                        638,
                        1034
                    ]
                ],
                "interior": []
            }
        },
        {
            "id": 972012703,
            "classId": 10214732,
            "description": "",
            "geometryType": "rectangle",
            "labelerLogin": "Yalda2HITL",
            "createdAt": "2022-07-18T14:23:36.658Z",
            "updatedAt": "2022-07-18T14:23:36.658Z",
            "tags": [],
            "classTitle": "Body text",
            "points": {
                "exterior": [
                    [
                        151,
                        1044
                    ],
                    [
                        826,
                        1072
                    ]
                ],
                "interior": []
            }
        },
        {
            "id": 972012722,
            "classId": 10214732,
            "description": "",
            "geometryType": "rectangle",
            "labelerLogin": "Yalda2HITL",
            "createdAt": "2022-07-18T14:23:36.658Z",
            "updatedAt": "2022-07-18T14:23:36.658Z",
            "tags": [],
            "classTitle": "Body text",
            "points": {
                "exterior": [
                    [
                        370,
                        1102
                    ],
                    [
                        608,
                        1153
                    ]
                ],
                "interior": []
            }
        },
        {
            "id": 972012726,
            "classId": 10214732,
            "description": "",
            "geometryType": "rectangle",
            "labelerLogin": "Yalda2HITL",
            "createdAt": "2022-07-18T14:23:36.658Z",
            "updatedAt": "2022-07-18T14:23:36.658Z",
            "tags": [],
            "classTitle": "Body text",
            "points": {
                "exterior": [
                    [
                        313,
                        1159
                    ],
                    [
                        669,
                        1189
                    ]
                ],
                "interior": []
            }
        }
    ]
}