{
    "description": "",
    "tags": [],
    "size": {
        "height": 1080,
        "width": 608
    },
    "objects": [
        {
            "id": 972012690,
            "classId": 10214730,
            "description": "",
            "geometryType": "polygon",
            "labelerLogin": "Yalda2HITL",
            "createdAt": "2022-07-18T14:23:36.658Z",
            "updatedAt": "2022-07-18T14:23:36.658Z",
            "tags": [],
            "classTitle": "Page",
            "points": {
                "exterior": [
                    [
                        36,
                        156
                    ],
                    [
                        0,
                        752
                    ],
                    [
                        0,
                        918
                    ],
                    [
                        587,
                        906
                    ],
                    [
                        573,
                        683
                    ],
                    [
                        555,
                        389
                    ],
                    [
                        539,
                        165
                    ],
                    [
                        353,
                        159
                    ],
                    [
                        147,
                        153
                    ],
                    [
                        87,
                        152
                    ],
                    [
                        56,
                        154
                    ]
                ],
                "interior": []
            }
        },
        {
            "id": 972012691,
            "classId": 10214731,
            "description": "",
            "geometryType": "rectangle",
            "labelerLogin": "Yalda2HITL",
            "createdAt": "2022-07-18T14:23:36.658Z",
            "updatedAt": "2022-07-18T14:23:36.658Z",
            "tags": [
                {
                    "id": 151023118,
                    "tagId": 30308107,
                    "name": "Transcription",
                    "value": "\u0627\u0644\u062c\u0648\u0627\u0628 \u0627\u0644\u0643\u0627\u0641\u064a",
                    "labelerLogin": "Yalda2HITL",
                    "createdAt": "2022-07-18T14:23:36.658Z",
                    "updatedAt": "2022-07-18T14:23:36.658Z"
                }
            ],
            "classTitle": "Title",
            "points": {
                "exterior": [
                    [
                        167,
                        317
                    ],
                    [
                        395,
                        405
                    ]
                ],
                "interior": []
            }
        },
        {
            "id": 972012696,
            "classId": 10214732,
            "description": "",
            "geometryType": "rectangle",
            "labelerLogin": "Yalda2HITL",
            "createdAt": "2022-07-18T14:23:36.658Z",
            "updatedAt": "2022-07-18T14:23:36.658Z",
            "tags": [],
            "classTitle": "Body text",
            "points": {
                "exterior": [
                    [
                        184,
                        413
                    ],
                    [
                        388,
                        474
                    ]
                ],
                "interior": []
            }
        },
        {
            "id": 972012694,
            "classId": 10214732,
            "description": "",
            "geometryType": "rectangle",
            "labelerLogin": "Yalda2HITL",
            "createdAt": "2022-07-18T14:23:36.658Z",
            "updatedAt": "2022-07-18T14:23:36.658Z",
            "tags": [],
            "classTitle": "Body text",
            "points": {
                "exterior": [
                    [
                        248,
                        497
                    ],
                    [
                        322,
                        525
                    ]
                ],
                "interior": []
            }
        },
        {
            "id": 972012693,
            "classId": 10214732,
            "description": "",
            "geometryType": "rectangle",
            "labelerLogin": "Yalda2HITL",
            "createdAt": "2022-07-18T14:23:36.658Z",
            "updatedAt": "2022-07-18T14:23:36.658Z",
            "tags": [],
            "classTitle": "Body text",
            "points": {
                "exterior": [
                    [
                        150,
                        539
                    ],
                    [
                        416,
                        580
                    ]
                ],
                "interior": []
            }
        },
        {
            "id": 972012692,
            "classId": 10214732,
            "description": "",
            "geometryType": "rectangle",
            "labelerLogin": "Yalda2HITL",
            "createdAt": "2022-07-18T14:23:36.658Z",
            "updatedAt": "2022-07-18T14:23:36.658Z",
            "tags": [],
            "classTitle": "Body text",
            "points": {
                "exterior": [
                    [
                        246,
                        591
                    ],
                    [
                        322,
                        604
                    ]
                ],
                "interior": []
            }
        },
        {
            "id": 972012697,
            "classId": 10214732,
            "description": "",
            "geometryType": "rectangle",
            "labelerLogin": "Yalda2HITL",
            "createdAt": "2022-07-18T14:23:36.658Z",
            "updatedAt": "2022-07-18T14:23:36.658Z",
            "tags": [],
            "classTitle": "Body text",
            "points": {
                "exterior": [
                    [
                        213,
                        667
                    ],
                    [
                        353,
                        699
                    ]
                ],
                "interior": []
            }
        },
        {
            "id": 972012695,
            "classId": 10214732,
            "description": "",
            "geometryType": "rectangle",
            "labelerLogin": "Yalda2HITL",
            "createdAt": "2022-07-18T14:23:36.658Z",
            "updatedAt": "2022-07-18T14:23:36.658Z",
            "tags": [],
            "classTitle": "Body text",
            "points": {
                "exterior": [
                    [
                        233,
                        714
                    ],
                    [
                        340,
                        734
                    ]
                ],
                "interior": []
            }
        }
    ]
}