{
    "description": "",
    "tags": [],
    "size": {
        "height": 1080,
        "width": 608
    },
    "objects": [
        {
            "id": 972012738,
            "classId": 10214730,
            "description": "",
            "geometryType": "polygon",
            "labelerLogin": "Yalda2HITL",
            "createdAt": "2022-07-18T14:23:36.658Z",
            "updatedAt": "2022-07-18T14:23:36.658Z",
            "tags": [],
            "classTitle": "Page",
            "points": {
                "exterior": [
                    [
                        82,
                        136
                    ],
                    [
                        0,
                        833
                    ],
                    [
                        7,
                        859
                    ],
                    [
                        134,
                        867
                    ],
                    [
                        453,
                        890
                    ],
                    [
                        585,
                        898
                    ],
                    [
                        586,
                        755
                    ],
                    [
                        582,
                        389
                    ],
                    [
                        580,
                        144
                    ],
                    [
                        564,
                        141
                    ],
                    [
                        121,
                        135
                    ]
                ],
                "interior": []
            }
        },
        {
            "id": 972012721,
            "classId": 10214731,
            "description": "",
            "geometryType": "rectangle",
            "labelerLogin": "Yalda2HITL",
            "createdAt": "2022-07-18T14:23:36.658Z",
            "updatedAt": "2022-07-18T14:23:36.658Z",
            "tags": [
                {
                    "id": 151023124,
                    "tagId": 30308107,
                    "name": "Transcription",
                    "value": "\u0627\u0644\u0630\u0627\u0643\u0631\u0629",
                    "labelerLogin": "Yalda2HITL",
                    "createdAt": "2022-07-18T14:23:36.658Z",
                    "updatedAt": "2022-07-18T14:23:36.658Z"
                }
            ],
            "classTitle": "Title",
            "points": {
                "exterior": [
                    [
                        190,
                        248
                    ],
                    [
                        447,
                        287
                    ]
                ],
                "interior": []
            }
        },
        {
            "id": 972012748,
            "classId": 10214732,
            "description": "",
            "geometryType": "rectangle",
            "labelerLogin": "Yalda2HITL",
            "createdAt": "2022-07-18T14:23:36.658Z",
            "updatedAt": "2022-07-18T14:23:36.658Z",
            "tags": [],
            "classTitle": "Body text",
            "points": {
                "exterior": [
                    [
                        241,
                        298
                    ],
                    [
                        390,
                        323
                    ]
                ],
                "interior": []
            }
        },
        {
            "id": 972012745,
            "classId": 10214732,
            "description": "",
            "geometryType": "rectangle",
            "labelerLogin": "Yalda2HITL",
            "createdAt": "2022-07-18T14:23:36.658Z",
            "updatedAt": "2022-07-18T14:23:36.658Z",
            "tags": [],
            "classTitle": "Body text",
            "points": {
                "exterior": [
                    [
                        260,
                        339
                    ],
                    [
                        369,
                        365
                    ]
                ],
                "interior": []
            }
        },
        {
            "id": 972012747,
            "classId": 10214732,
            "description": "",
            "geometryType": "rectangle",
            "labelerLogin": "Yalda2HITL",
            "createdAt": "2022-07-18T14:23:36.658Z",
            "updatedAt": "2022-07-18T14:23:36.658Z",
            "tags": [],
            "classTitle": "Body text",
            "points": {
                "exterior": [
                    [
                        261,
                        596
                    ],
                    [
                        302,
                        621
                    ]
                ],
                "interior": []
            }
        },
        {
            "id": 972012746,
            "classId": 10214732,
            "description": "",
            "geometryType": "rectangle",
            "labelerLogin": "Yalda2HITL",
            "createdAt": "2022-07-18T14:23:36.658Z",
            "updatedAt": "2022-07-18T14:23:36.658Z",
            "tags": [],
            "classTitle": "Body text",
            "points": {
                "exterior": [
                    [
                        190,
                        642
                    ],
                    [
                        367,
                        673
                    ]
                ],
                "interior": []
            }
        },
        {
            "id": 972012724,
            "classId": 10214732,
            "description": "",
            "geometryType": "rectangle",
            "labelerLogin": "Yalda2HITL",
            "createdAt": "2022-07-18T14:23:36.658Z",
            "updatedAt": "2022-07-18T14:23:36.658Z",
            "tags": [],
            "classTitle": "Body text",
            "points": {
                "exterior": [
                    [
                        96,
                        684
                    ],
                    [
                        457,
                        722
                    ]
                ],
                "interior": []
            }
        },
        {
            "id": 972012749,
            "classId": 10214732,
            "description": "",
            "geometryType": "rectangle",
            "labelerLogin": "Yalda2HITL",
            "createdAt": "2022-07-18T14:23:36.658Z",
            "updatedAt": "2022-07-18T14:23:36.658Z",
            "tags": [],
            "classTitle": "Body text",
            "points": {
                "exterior": [
                    [
                        202,
                        750
                    ],
                    [
                        341,
                        770
                    ]
                ],
                "interior": []
            }
        },
        {
            "id": 972012737,
            "classId": 10214732,
            "description": "",
            "geometryType": "rectangle",
            "labelerLogin": "Yalda2HITL",
            "createdAt": "2022-07-18T14:23:36.658Z",
            "updatedAt": "2022-07-18T14:23:36.658Z",
            "tags": [],
            "classTitle": "Body text",
            "points": {
                "exterior": [
                    [
                        131,
                        763
                    ],
                    [
                        417,
                        794
                    ]
                ],
                "interior": []
            }
        }
    ]
}