{
    "description": "",
    "tags": [],
    "size": {
        "height": 1080,
        "width": 746
    },
    "objects": [
        {
            "id": 972012771,
            "classId": 10214730,
            "description": "",
            "geometryType": "polygon",
            "labelerLogin": "Yalda2HITL",
            "createdAt": "2022-07-18T14:23:36.658Z",
            "updatedAt": "2022-07-18T14:23:36.658Z",
            "tags": [],
            "classTitle": "Page",
            "points": {
                "exterior": [
                    [
                        29,
                        80
                    ],
                    [
                        25,
                        357
                    ],
                    [
                        20,
                        705
                    ],
                    [
                        15,
                        1021
                    ],
                    [
                        21,
                        1026
                    ],
                    [
                        59,
                        1024
                    ],
                    [
                        237,
                        1016
                    ],
                    [
                        376,
                        1009
                    ],
                    [
                        568,
                        1001
                    ],
                    [
                        683,
                        994
                    ],
                    [
                        677,
                        764
                    ],
                    [
                        669,
                        565
                    ],
                    [
                        662,
                        340
                    ],
                    [
                        655,
                        115
                    ],
                    [
                        642,
                        113
                    ],
                    [
                        495,
                        105
                    ],
                    [
                        319,
                        99
                    ],
                    [
                        206,
                        93
                    ]
                ],
                "interior": []
            }
        },
        {
            "id": 972012734,
            "classId": 10214732,
            "description": "",
            "geometryType": "rectangle",
            "labelerLogin": "Yalda2HITL",
            "createdAt": "2022-07-18T14:23:36.658Z",
            "updatedAt": "2022-07-18T14:23:36.658Z",
            "tags": [],
            "classTitle": "Body text",
            "points": {
                "exterior": [
                    [
                        86,
                        160
                    ],
                    [
                        176,
                        227
                    ]
                ],
                "interior": []
            }
        },
        {
            "id": 972012778,
            "classId": 10214732,
            "description": "",
            "geometryType": "rectangle",
            "labelerLogin": "Yalda2HITL",
            "createdAt": "2022-07-18T14:23:36.658Z",
            "updatedAt": "2022-07-18T14:23:36.658Z",
            "tags": [],
            "classTitle": "Body text",
            "points": {
                "exterior": [
                    [
                        84,
                        227
                    ],
                    [
                        173,
                        247
                    ]
                ],
                "interior": []
            }
        },
        {
            "id": 972012777,
            "classId": 10214731,
            "description": "",
            "geometryType": "rectangle",
            "labelerLogin": "Yalda2HITL",
            "createdAt": "2022-07-18T14:23:36.658Z",
            "updatedAt": "2022-07-18T14:23:36.658Z",
            "tags": [
                {
                    "id": 151023132,
                    "tagId": 30308107,
                    "name": "Transcription",
                    "value": "\u0627\u0644\u0642\u062f\u0648\u062f",
                    "labelerLogin": "Yalda2HITL",
                    "createdAt": "2022-07-18T14:23:36.658Z",
                    "updatedAt": "2022-07-18T14:23:36.658Z"
                }
            ],
            "classTitle": "Title",
            "points": {
                "exterior": [
                    [
                        349,
                        395
                    ],
                    [
                        547,
                        461
                    ]
                ],
                "interior": []
            }
        },
        {
            "id": 972012768,
            "classId": 10214732,
            "description": "",
            "geometryType": "rectangle",
            "labelerLogin": "Yalda2HITL",
            "createdAt": "2022-07-18T14:23:36.658Z",
            "updatedAt": "2022-07-18T14:23:36.658Z",
            "tags": [],
            "classTitle": "Body text",
            "points": {
                "exterior": [
                    [
                        345,
                        488
                    ],
                    [
                        548,
                        564
                    ]
                ],
                "interior": []
            }
        },
        {
            "id": 972012770,
            "classId": 10214732,
            "description": "",
            "geometryType": "rectangle",
            "labelerLogin": "Yalda2HITL",
            "createdAt": "2022-07-18T14:23:36.658Z",
            "updatedAt": "2022-07-18T14:23:36.658Z",
            "tags": [],
            "classTitle": "Body text",
            "points": {
                "exterior": [
                    [
                        300,
                        597
                    ],
                    [
                        612,
                        640
                    ]
                ],
                "interior": []
            }
        },
        {
            "id": 972012774,
            "classId": 10214732,
            "description": "",
            "geometryType": "rectangle",
            "labelerLogin": "Yalda2HITL",
            "createdAt": "2022-07-18T14:23:36.658Z",
            "updatedAt": "2022-07-18T14:23:36.658Z",
            "tags": [],
            "classTitle": "Body text",
            "points": {
                "exterior": [
                    [
                        324,
                        650
                    ],
                    [
                        590,
                        693
                    ]
                ],
                "interior": []
            }
        },
        {
            "id": 972012758,
            "classId": 10214732,
            "description": "",
            "geometryType": "rectangle",
            "labelerLogin": "Yalda2HITL",
            "createdAt": "2022-07-18T14:23:36.658Z",
            "updatedAt": "2022-07-18T14:23:36.658Z",
            "tags": [],
            "classTitle": "Body text",
            "points": {
                "exterior": [
                    [
                        72,
                        938
                    ],
                    [
                        226,
                        966
                    ]
                ],
                "interior": []
            }
        },
        {
            "id": 972012764,
            "classId": 10214732,
            "description": "",
            "geometryType": "rectangle",
            "labelerLogin": "Yalda2HITL",
            "createdAt": "2022-07-18T14:23:36.658Z",
            "updatedAt": "2022-07-18T14:23:36.658Z",
            "tags": [],
            "classTitle": "Body text",
            "points": {
                "exterior": [
                    [
                        567,
                        938
                    ],
                    [
                        623,
                        952
                    ]
                ],
                "interior": []
            }
        }
    ]
}