{
    "description": "",
    "tags": [],
    "size": {
        "height": 1080,
        "width": 874
    },
    "objects": [
        {
            "id": 972012782,
            "classId": 10214730,
            "description": "",
            "geometryType": "polygon",
            "labelerLogin": "Yalda2HITL",
            "createdAt": "2022-07-18T14:23:36.658Z",
            "updatedAt": "2022-07-18T14:23:36.658Z",
            "tags": [],
            "classTitle": "Page",
            "points": {
                "exterior": [
                    [
                        88,
                        25
                    ],
                    [
                        81,
                        32
                    ],
                    [
                        84,
                        238
                    ],
                    [
                        87,
                        478
                    ],
                    [
                        92,
                        753
                    ],
                    [
                        94,
                        911
                    ],
                    [
                        92,
                        971
                    ],
                    [
                        95,
                        997
                    ],
                    [
                        95,
                        1023
                    ],
                    [
                        101,
                        1031
                    ],
                    [
                        110,
                        1030
                    ],
                    [
                        159,
                        1025
                    ],
                    [
                        273,
                        1019
                    ],
                    [
                        434,
                        1006
                    ],
                    [
                        498,
                        1003
                    ],
                    [
                        524,
                        998
                    ],
                    [
                        568,
                        999
                    ],
                    [
                        742,
                        986
                    ],
                    [
                        781,
                        983
                    ],
                    [
                        802,
                        981
                    ],
                    [
                        808,
                        971
                    ],
                    [
                        811,
                        961
                    ],
                    [
                        809,
                        922
                    ],
                    [
                        785,
                        667
                    ],
                    [
                        774,
                        505
                    ],
                    [
                        761,
                        338
                    ],
                    [
                        746,
                        120
                    ],
                    [
                        741,
                        53
                    ],
                    [
                        737,
                        46
                    ],
                    [
                        728,
                        40
                    ],
                    [
                        722,
                        43
                    ],
                    [
                        714,
                        43
                    ],
                    [
                        710,
                        37
                    ]
                ],
                "interior": []
            }
        },
        {
            "id": 972012779,
            "classId": 10214731,
            "description": "",
            "geometryType": "rectangle",
            "labelerLogin": "Yalda2HITL",
            "createdAt": "2022-07-18T14:23:36.658Z",
            "updatedAt": "2022-07-18T14:23:36.658Z",
            "tags": [
                {
                    "id": 151023133,
                    "tagId": 30308107,
                    "name": "Transcription",
                    "value": "\u0627\u0644\u0642\u0627\u0645\u0648\u0633 \u0627\u0644\u062d\u062f\u064a\u062b",
                    "labelerLogin": "Yalda2HITL",
                    "createdAt": "2022-07-18T14:23:36.658Z",
                    "updatedAt": "2022-07-18T14:23:36.658Z"
                }
            ],
            "classTitle": "Title",
            "points": {
                "exterior": [
                    [
                        227,
                        164
                    ],
                    [
                        671,
                        268
                    ]
                ],
                "interior": []
            }
        },
        {
            "id": 972012780,
            "classId": 10214732,
            "description": "",
            "geometryType": "rectangle",
            "labelerLogin": "Yalda2HITL",
            "createdAt": "2022-07-18T14:23:36.658Z",
            "updatedAt": "2022-07-18T14:23:36.658Z",
            "tags": [],
            "classTitle": "Body text",
            "points": {
                "exterior": [
                    [
                        343,
                        318
                    ],
                    [
                        566,
                        360
                    ]
                ],
                "interior": []
            }
        },
        {
            "id": 972012784,
            "classId": 10214732,
            "description": "",
            "geometryType": "rectangle",
            "labelerLogin": "Yalda2HITL",
            "createdAt": "2022-07-18T14:23:36.658Z",
            "updatedAt": "2022-07-18T14:23:36.658Z",
            "tags": [],
            "classTitle": "Body text",
            "points": {
                "exterior": [
                    [
                        393,
                        681
                    ],
                    [
                        544,
                        715
                    ]
                ],
                "interior": []
            }
        },
        {
            "id": 972012783,
            "classId": 10214732,
            "description": "",
            "geometryType": "rectangle",
            "labelerLogin": "Yalda2HITL",
            "createdAt": "2022-07-18T14:23:36.658Z",
            "updatedAt": "2022-07-18T14:23:36.658Z",
            "tags": [],
            "classTitle": "Body text",
            "points": {
                "exterior": [
                    [
                        397,
                        813
                    ],
                    [
                        543,
                        867
                    ]
                ],
                "interior": []
            }
        },
        {
            "id": 972012785,
            "classId": 10214732,
            "description": "",
            "geometryType": "rectangle",
            "labelerLogin": "Yalda2HITL",
            "createdAt": "2022-07-18T14:23:36.658Z",
            "updatedAt": "2022-07-18T14:23:36.658Z",
            "tags": [],
            "classTitle": "Body text",
            "points": {
                "exterior": [
                    [
                        403,
                        877
                    ],
                    [
                        543,
                        896
                    ]
                ],
                "interior": []
            }
        }
    ]
}