{
    "description": "",
    "tags": [],
    "size": {
        "height": 1000,
        "width": 750
    },
    "objects": [
        {
            "id": 972022508,
            "classId": 10214730,
            "description": "",
            "geometryType": "polygon",
            "labelerLogin": "Yalda2HITL",
            "createdAt": "2022-07-18T14:29:40.657Z",
            "updatedAt": "2022-07-18T14:29:40.657Z",
            "tags": [],
            "classTitle": "Page",
            "points": {
                "exterior": [
                    [
                        99,
                        95
                    ],
                    [
                        147,
                        96
                    ],
                    [
                        281,
                        96
                    ],
                    [
                        443,
                        97
                    ],
                    [
                        571,
                        97
                    ],
                    [
                        633,
                        95
                    ],
                    [
                        656,
                        97
                    ],
                    [
                        661,
                        269
                    ],
                    [
                        663,
                        433
                    ],
                    [
                        667,
                        551
                    ],
                    [
                        671,
                        715
                    ],
                    [
                        678,
                        888
                    ],
                    [
                        525,
                        888
                    ],
                    [
                        395,
                        886
                    ],
                    [
                        272,
                        891
                    ],
                    [
                        154,
                        890
                    ],
                    [
                        79,
                        892
                    ],
                    [
                        91,
                        304
                    ],
                    [
                        95,
                        128
                    ]
                ],
                "interior": []
            }
        },
        {
            "id": 972022513,
            "classId": 10214732,
            "description": "",
            "geometryType": "rectangle",
            "labelerLogin": "Yalda2HITL",
            "createdAt": "2022-07-18T14:29:40.657Z",
            "updatedAt": "2022-07-18T14:29:40.657Z",
            "tags": [],
            "classTitle": "Body text",
            "points": {
                "exterior": [
                    [
                        453,
                        122
                    ],
                    [
                        615,
                        157
                    ]
                ],
                "interior": []
            }
        },
        {
            "id": 972022509,
            "classId": 10214732,
            "description": "",
            "geometryType": "rectangle",
            "labelerLogin": "Yalda2HITL",
            "createdAt": "2022-07-18T14:29:40.657Z",
            "updatedAt": "2022-07-18T14:29:40.657Z",
            "tags": [],
            "classTitle": "Body text",
            "points": {
                "exterior": [
                    [
                        137,
                        121
                    ],
                    [
                        287,
                        158
                    ]
                ],
                "interior": []
            }
        },
        {
            "id": 972022511,
            "classId": 10214732,
            "description": "",
            "geometryType": "rectangle",
            "labelerLogin": "Yalda2HITL",
            "createdAt": "2022-07-18T14:29:40.657Z",
            "updatedAt": "2022-07-18T14:29:40.657Z",
            "tags": [],
            "classTitle": "Body text",
            "points": {
                "exterior": [
                    [
                        355,
                        121
                    ],
                    [
                        387,
                        152
                    ]
                ],
                "interior": []
            }
        },
        {
            "id": 972022733,
            "classId": 10214731,
            "description": "",
            "geometryType": "rectangle",
            "labelerLogin": "Yalda2HITL",
            "createdAt": "2022-07-18T14:29:40.657Z",
            "updatedAt": "2022-07-18T14:29:40.657Z",
            "tags": [
                {
                    "id": 151024071,
                    "tagId": 30308107,
                    "name": "Transcription",
                    "value": "\u0641\u062a\u064a\u0629 \u0627\u0644\u0625\u0633\u0644\u0627\u0645 ",
                    "labelerLogin": "Yalda2HITL",
                    "createdAt": "2022-07-18T14:29:40.657Z",
                    "updatedAt": "2022-07-18T14:29:40.657Z"
                }
            ],
            "classTitle": "Title",
            "points": {
                "exterior": [
                    [
                        175,
                        223
                    ],
                    [
                        575,
                        335
                    ]
                ],
                "interior": []
            }
        },
        {
            "id": 972022752,
            "classId": 10214732,
            "description": "",
            "geometryType": "rectangle",
            "labelerLogin": "Yalda2HITL",
            "createdAt": "2022-07-18T14:29:40.657Z",
            "updatedAt": "2022-07-18T14:29:40.657Z",
            "tags": [],
            "classTitle": "Body text",
            "points": {
                "exterior": [
                    [
                        313,
                        417
                    ],
                    [
                        437,
                        437
                    ]
                ],
                "interior": []
            }
        },
        {
            "id": 972022734,
            "classId": 10214732,
            "description": "",
            "geometryType": "rectangle",
            "labelerLogin": "Yalda2HITL",
            "createdAt": "2022-07-18T14:29:40.657Z",
            "updatedAt": "2022-07-18T14:29:40.657Z",
            "tags": [],
            "classTitle": "Body text",
            "points": {
                "exterior": [
                    [
                        352,
                        603
                    ],
                    [
                        404,
                        632
                    ]
                ],
                "interior": []
            }
        },
        {
            "id": 972022751,
            "classId": 10214732,
            "description": "",
            "geometryType": "rectangle",
            "labelerLogin": "Yalda2HITL",
            "createdAt": "2022-07-18T14:29:40.657Z",
            "updatedAt": "2022-07-18T14:29:40.657Z",
            "tags": [],
            "classTitle": "Body text",
            "points": {
                "exterior": [
                    [
                        220,
                        653
                    ],
                    [
                        533,
                        686
                    ]
                ],
                "interior": []
            }
        },
        {
            "id": 972022510,
            "classId": 10214732,
            "description": "",
            "geometryType": "rectangle",
            "labelerLogin": "Yalda2HITL",
            "createdAt": "2022-07-18T14:29:40.657Z",
            "updatedAt": "2022-07-18T14:29:40.657Z",
            "tags": [],
            "classTitle": "Body text",
            "points": {
                "exterior": [
                    [
                        270,
                        803
                    ],
                    [
                        473,
                        832
                    ]
                ],
                "interior": []
            }
        },
        {
            "id": 972022512,
            "classId": 10214732,
            "description": "",
            "geometryType": "rectangle",
            "labelerLogin": "Yalda2HITL",
            "createdAt": "2022-07-18T14:29:40.657Z",
            "updatedAt": "2022-07-18T14:29:40.657Z",
            "tags": [],
            "classTitle": "Body text",
            "points": {
                "exterior": [
                    [
                        325,
                        834
                    ],
                    [
                        419,
                        853
                    ]
                ],
                "interior": []
            }
        }
    ]
}