{
    "description": "",
    "tags": [],
    "size": {
        "height": 1280,
        "width": 960
    },
    "objects": [
        {
            "id": 972012836,
            "classId": 10214730,
            "description": "",
            "geometryType": "polygon",
            "labelerLogin": "Yalda2HITL",
            "createdAt": "2022-07-18T14:23:36.658Z",
            "updatedAt": "2022-07-18T14:23:36.658Z",
            "tags": [],
            "classTitle": "Page",
            "points": {
                "exterior": [
                    [
                        179,
                        121
                    ],
                    [
                        173,
                        338
                    ],
                    [
                        170,
                        482
                    ],
                    [
                        156,
                        670
                    ],
                    [
                        141,
                        890
                    ],
                    [
                        120,
                        1181
                    ],
                    [
                        124,
                        1195
                    ],
                    [
                        147,
                        1196
                    ],
                    [
                        395,
                        1180
                    ],
                    [
                        619,
                        1171
                    ],
                    [
                        853,
                        1168
                    ],
                    [
                        955,
                        1169
                    ],
                    [
                        937,
                        960
                    ],
                    [
                        914,
                        683
                    ],
                    [
                        889,
                        409
                    ],
                    [
                        868,
                        147
                    ],
                    [
                        864,
                        84
                    ],
                    [
                        827,
                        88
                    ],
                    [
                        716,
                        100
                    ],
                    [
                        624,
                        110
                    ],
                    [
                        487,
                        121
                    ],
                    [
                        413,
                        129
                    ],
                    [
                        338,
                        133
                    ],
                    [
                        260,
                        130
                    ]
                ],
                "interior": []
            }
        },
        {
            "id": 972012835,
            "classId": 10214732,
            "description": "",
            "geometryType": "rectangle",
            "labelerLogin": "Yalda2HITL",
            "createdAt": "2022-07-18T14:23:36.658Z",
            "updatedAt": "2022-07-18T14:23:36.658Z",
            "tags": [],
            "classTitle": "Body text",
            "points": {
                "exterior": [
                    [
                        316,
                        176
                    ],
                    [
                        728,
                        243
                    ]
                ],
                "interior": []
            }
        },
        {
            "id": 972012828,
            "classId": 10214731,
            "description": "",
            "geometryType": "rectangle",
            "labelerLogin": "Yalda2HITL",
            "createdAt": "2022-07-18T14:23:36.658Z",
            "updatedAt": "2022-07-18T14:23:36.658Z",
            "tags": [
                {
                    "id": 151023140,
                    "tagId": 30308107,
                    "name": "Transcription",
                    "value": "\u0627\u0644\u062f\u0633\u062a\u0648\u0631",
                    "labelerLogin": "Yalda2HITL",
                    "createdAt": "2022-07-18T14:23:36.658Z",
                    "updatedAt": "2022-07-18T14:23:36.658Z"
                }
            ],
            "classTitle": "Title",
            "points": {
                "exterior": [
                    [
                        375,
                        338
                    ],
                    [
                        677,
                        447
                    ]
                ],
                "interior": []
            }
        },
        {
            "id": 972012834,
            "classId": 10214732,
            "description": "",
            "geometryType": "rectangle",
            "labelerLogin": "Yalda2HITL",
            "createdAt": "2022-07-18T14:23:36.658Z",
            "updatedAt": "2022-07-18T14:23:36.658Z",
            "tags": [],
            "classTitle": "Body text",
            "points": {
                "exterior": [
                    [
                        478,
                        992
                    ],
                    [
                        609,
                        1041
                    ]
                ],
                "interior": []
            }
        }
    ]
}