{
    "description": "",
    "tags": [],
    "size": {
        "height": 1000,
        "width": 439
    },
    "objects": [
        {
            "id": 972022537,
            "classId": 10214730,
            "description": "",
            "geometryType": "polygon",
            "labelerLogin": "Yalda2HITL",
            "createdAt": "2022-07-18T14:29:40.657Z",
            "updatedAt": "2022-07-18T14:29:40.657Z",
            "tags": [],
            "classTitle": "Page",
            "points": {
                "exterior": [
                    [
                        41,
                        187
                    ],
                    [
                        61,
                        187
                    ],
                    [
                        75,
                        183
                    ],
                    [
                        101,
                        188
                    ],
                    [
                        153,
                        195
                    ],
                    [
                        207,
                        201
                    ],
                    [
                        264,
                        202
                    ],
                    [
                        323,
                        208
                    ],
                    [
                        368,
                        211
                    ],
                    [
                        384,
                        213
                    ],
                    [
                        389,
                        216
                    ],
                    [
                        391,
                        225
                    ],
                    [
                        391,
                        229
                    ],
                    [
                        395,
                        229
                    ],
                    [
                        399,
                        238
                    ],
                    [
                        401,
                        250
                    ],
                    [
                        404,
                        261
                    ],
                    [
                        400,
                        263
                    ],
                    [
                        394,
                        265
                    ],
                    [
                        393,
                        271
                    ],
                    [
                        395,
                        334
                    ],
                    [
                        400,
                        412
                    ],
                    [
                        405,
                        522
                    ],
                    [
                        413,
                        617
                    ],
                    [
                        416,
                        692
                    ],
                    [
                        417,
                        707
                    ],
                    [
                        412,
                        714
                    ],
                    [
                        403,
                        718
                    ],
                    [
                        392,
                        718
                    ],
                    [
                        378,
                        717
                    ],
                    [
                        242,
                        720
                    ],
                    [
                        99,
                        721
                    ],
                    [
                        33,
                        720
                    ],
                    [
                        17,
                        718
                    ],
                    [
                        13,
                        701
                    ],
                    [
                        13,
                        681
                    ],
                    [
                        4,
                        680
                    ],
                    [
                        8,
                        615
                    ],
                    [
                        17,
                        455
                    ],
                    [
                        26,
                        442
                    ],
                    [
                        30,
                        399
                    ],
                    [
                        18,
                        378
                    ],
                    [
                        23,
                        285
                    ],
                    [
                        26,
                        218
                    ],
                    [
                        37,
                        215
                    ],
                    [
                        40,
                        197
                    ]
                ],
                "interior": []
            }
        },
        {
            "id": 972022536,
            "classId": 10214731,
            "description": "",
            "geometryType": "rectangle",
            "labelerLogin": "Yalda2HITL",
            "createdAt": "2022-07-18T14:29:40.657Z",
            "updatedAt": "2022-07-18T14:29:40.657Z",
            "tags": [
                {
                    "id": 151024034,
                    "tagId": 30308107,
                    "name": "Transcription",
                    "value": "\u0639\u0627\u0644\u062c \u0646\u0641\u0633\u0643",
                    "labelerLogin": "Yalda2HITL",
                    "createdAt": "2022-07-18T14:29:40.657Z",
                    "updatedAt": "2022-07-18T14:29:40.657Z"
                }
            ],
            "classTitle": "Title",
            "points": {
                "exterior": [
                    [
                        82,
                        258
                    ],
                    [
                        355,
                        355
                    ]
                ],
                "interior": []
            }
        },
        {
            "id": 972022534,
            "classId": 10214732,
            "description": "",
            "geometryType": "rectangle",
            "labelerLogin": "Yalda2HITL",
            "createdAt": "2022-07-18T14:29:40.657Z",
            "updatedAt": "2022-07-18T14:29:40.657Z",
            "tags": [],
            "classTitle": "Body text",
            "points": {
                "exterior": [
                    [
                        85,
                        340
                    ],
                    [
                        266,
                        367
                    ]
                ],
                "interior": []
            }
        },
        {
            "id": 972022535,
            "classId": 10214732,
            "description": "",
            "geometryType": "rectangle",
            "labelerLogin": "Yalda2HITL",
            "createdAt": "2022-07-18T14:29:40.657Z",
            "updatedAt": "2022-07-18T14:29:40.657Z",
            "tags": [],
            "classTitle": "Body text",
            "points": {
                "exterior": [
                    [
                        208,
                        643
                    ],
                    [
                        363,
                        664
                    ]
                ],
                "interior": []
            }
        },
        {
            "id": 972022692,
            "classId": 10214732,
            "description": "",
            "geometryType": "rectangle",
            "labelerLogin": "Yalda2HITL",
            "createdAt": "2022-07-18T14:29:40.657Z",
            "updatedAt": "2022-07-18T14:29:40.657Z",
            "tags": [],
            "classTitle": "Body text",
            "points": {
                "exterior": [
                    [
                        86,
                        645
                    ],
                    [
                        94,
                        659
                    ]
                ],
                "interior": []
            }
        },
        {
            "id": 972022538,
            "classId": 10214732,
            "description": "",
            "geometryType": "rectangle",
            "labelerLogin": "Yalda2HITL",
            "createdAt": "2022-07-18T14:29:40.657Z",
            "updatedAt": "2022-07-18T14:29:40.657Z",
            "tags": [],
            "classTitle": "Body text",
            "points": {
                "exterior": [
                    [
                        170,
                        220
                    ],
                    [
                        336,
                        249
                    ]
                ],
                "interior": []
            }
        }
    ]
}