{
    "description": "",
    "tags": [],
    "size": {
        "height": 1000,
        "width": 439
    },
    "objects": [
        {
            "id": 972022602,
            "classId": 10214732,
            "description": "",
            "geometryType": "rectangle",
            "labelerLogin": "Yalda2HITL",
            "createdAt": "2022-07-18T14:29:40.657Z",
            "updatedAt": "2022-07-18T14:29:40.657Z",
            "tags": [],
            "classTitle": "Body text",
            "points": {
                "exterior": [
                    [
                        197,
                        345
                    ],
                    [
                        308,
                        368
                    ]
                ],
                "interior": []
            }
        },
        {
            "id": 972022600,
            "classId": 10214731,
            "description": "",
            "geometryType": "rectangle",
            "labelerLogin": "Yalda2HITL",
            "createdAt": "2022-07-18T14:29:40.657Z",
            "updatedAt": "2022-07-18T14:29:40.657Z",
            "tags": [
                {
                    "id": 151024047,
                    "tagId": 30308107,
                    "name": "Transcription",
                    "value": "\u0627\u0644\u062f\u0639\u064e\u0627\u0621 \u0647\u0648 \u0627\u0644\u0639\u0628\u064e\u0627\u062f\u0629",
                    "labelerLogin": "Yalda2HITL",
                    "createdAt": "2022-07-18T14:29:40.657Z",
                    "updatedAt": "2022-07-18T14:29:40.657Z"
                }
            ],
            "classTitle": "Title",
            "points": {
                "exterior": [
                    [
                        80,
                        406
                    ],
                    [
                        366,
                        486
                    ]
                ],
                "interior": []
            }
        },
        {
            "id": 972022603,
            "classId": 10214732,
            "description": "",
            "geometryType": "rectangle",
            "labelerLogin": "Yalda2HITL",
            "createdAt": "2022-07-18T14:29:40.657Z",
            "updatedAt": "2022-07-18T14:29:40.657Z",
            "tags": [],
            "classTitle": "Body text",
            "points": {
                "exterior": [
                    [
                        40,
                        215
                    ],
                    [
                        402,
                        281
                    ]
                ],
                "interior": []
            }
        },
        {
            "id": 972022604,
            "classId": 10214730,
            "description": "",
            "geometryType": "polygon",
            "labelerLogin": "Yalda2HITL",
            "createdAt": "2022-07-18T14:29:40.657Z",
            "updatedAt": "2022-07-18T14:29:40.657Z",
            "tags": [],
            "classTitle": "Page",
            "points": {
                "exterior": [
                    [
                        49,
                        176
                    ],
                    [
                        68,
                        176
                    ],
                    [
                        99,
                        175
                    ],
                    [
                        138,
                        174
                    ],
                    [
                        191,
                        172
                    ],
                    [
                        245,
                        171
                    ],
                    [
                        308,
                        170
                    ],
                    [
                        367,
                        168
                    ],
                    [
                        387,
                        168
                    ],
                    [
                        397,
                        168
                    ],
                    [
                        404,
                        169
                    ],
                    [
                        405,
                        173
                    ],
                    [
                        405,
                        184
                    ],
                    [
                        405,
                        203
                    ],
                    [
                        406,
                        219
                    ],
                    [
                        407,
                        229
                    ],
                    [
                        407,
                        236
                    ],
                    [
                        408,
                        248
                    ],
                    [
                        408,
                        260
                    ],
                    [
                        409,
                        273
                    ],
                    [
                        409,
                        282
                    ],
                    [
                        409,
                        294
                    ],
                    [
                        410,
                        310
                    ],
                    [
                        411,
                        332
                    ],
                    [
                        412,
                        356
                    ],
                    [
                        412,
                        373
                    ],
                    [
                        413,
                        397
                    ],
                    [
                        415,
                        430
                    ],
                    [
                        416,
                        479
                    ],
                    [
                        419,
                        537
                    ],
                    [
                        421,
                        571
                    ],
                    [
                        423,
                        609
                    ],
                    [
                        425,
                        644
                    ],
                    [
                        425,
                        666
                    ],
                    [
                        424,
                        674
                    ],
                    [
                        407,
                        677
                    ],
                    [
                        389,
                        676
                    ],
                    [
                        341,
                        676
                    ],
                    [
                        263,
                        677
                    ],
                    [
                        211,
                        677
                    ],
                    [
                        162,
                        678
                    ],
                    [
                        116,
                        678
                    ],
                    [
                        67,
                        678
                    ],
                    [
                        45,
                        680
                    ],
                    [
                        37,
                        677
                    ],
                    [
                        28,
                        670
                    ],
                    [
                        35,
                        613
                    ],
                    [
                        39,
                        505
                    ],
                    [
                        37,
                        392
                    ],
                    [
                        39,
                        299
                    ],
                    [
                        39,
                        237
                    ],
                    [
                        40,
                        201
                    ],
                    [
                        39,
                        182
                    ],
                    [
                        39,
                        180
                    ],
                    [
                        40,
                        178
                    ],
                    [
                        42,
                        177
                    ],
                    [
                        44,
                        176
                    ]
                ],
                "interior": []
            }
        },
        {
            "id": 972022686,
            "classId": 10214732,
            "description": "",
            "geometryType": "rectangle",
            "labelerLogin": "Yalda2HITL",
            "createdAt": "2022-07-18T14:29:40.657Z",
            "updatedAt": "2022-07-18T14:29:40.657Z",
            "tags": [],
            "classTitle": "Body text",
            "points": {
                "exterior": [
                    [
                        131,
                        343
                    ],
                    [
                        182,
                        361
                    ]
                ],
                "interior": []
            }
        },
        {
            "id": 972022687,
            "classId": 10214732,
            "description": "",
            "geometryType": "rectangle",
            "labelerLogin": "Yalda2HITL",
            "createdAt": "2022-07-18T14:29:40.657Z",
            "updatedAt": "2022-07-18T14:29:40.657Z",
            "tags": [],
            "classTitle": "Body text",
            "points": {
                "exterior": [
                    [
                        129,
                        353
                    ],
                    [
                        185,
                        375
                    ]
                ],
                "interior": []
            }
        }
    ]
}