{
    "description": "",
    "tags": [],
    "size": {
        "height": 1000,
        "width": 439
    },
    "objects": [
        {
            "id": 972022722,
            "classId": 10214731,
            "description": "",
            "geometryType": "rectangle",
            "labelerLogin": "Yalda2HITL",
            "createdAt": "2022-07-18T14:29:40.657Z",
            "updatedAt": "2022-07-18T14:29:40.657Z",
            "tags": [
                {
                    "id": 151024069,
                    "tagId": 30308107,
                    "name": "Transcription",
                    "value": "\u062a\u064e\u0631\u0652\u0628\u064a\u064e\u0629 \u0627\u0644\u0623\u064e\u0648\u0644\u064e\u0627\u062f",
                    "labelerLogin": "Yalda2HITL",
                    "createdAt": "2022-07-18T14:29:40.657Z",
                    "updatedAt": "2022-07-18T14:29:40.657Z"
                }
            ],
            "classTitle": "Title",
            "points": {
                "exterior": [
                    [
                        71,
                        395
                    ],
                    [
                        234,
                        473
                    ]
                ],
                "interior": []
            }
        },
        {
            "id": 972022694,
            "classId": 10214731,
            "description": "",
            "geometryType": "rectangle",
            "labelerLogin": "Yalda2HITL",
            "createdAt": "2022-07-18T14:29:40.657Z",
            "updatedAt": "2022-07-18T14:29:40.657Z",
            "tags": [
                {
                    "id": 151024064,
                    "tagId": 30308107,
                    "name": "Transcription",
                    "value": "\u0641\u064a",
                    "labelerLogin": "Yalda2HITL",
                    "createdAt": "2022-07-18T14:29:40.657Z",
                    "updatedAt": "2022-07-18T14:29:40.657Z"
                }
            ],
            "classTitle": "Title",
            "points": {
                "exterior": [
                    [
                        143,
                        468
                    ],
                    [
                        159,
                        487
                    ]
                ],
                "interior": []
            }
        },
        {
            "id": 972022570,
            "classId": 10214731,
            "description": "",
            "geometryType": "rectangle",
            "labelerLogin": "Yalda2HITL",
            "createdAt": "2022-07-18T14:29:40.657Z",
            "updatedAt": "2022-07-18T14:29:40.657Z",
            "tags": [
                {
                    "id": 151024039,
                    "tagId": 30308107,
                    "name": "Transcription",
                    "value": "\u0627\u0644\u0625\u0650\u0633\u0652\u0644\u064e\u0627\u0645\u0650",
                    "labelerLogin": "Yalda2HITL",
                    "createdAt": "2022-07-18T14:29:40.657Z",
                    "updatedAt": "2022-07-18T14:29:40.657Z"
                }
            ],
            "classTitle": "Title",
            "points": {
                "exterior": [
                    [
                        71,
                        487
                    ],
                    [
                        237,
                        560
                    ]
                ],
                "interior": []
            }
        },
        {
            "id": 972022567,
            "classId": 10214732,
            "description": "",
            "geometryType": "rectangle",
            "labelerLogin": "Yalda2HITL",
            "createdAt": "2022-07-18T14:29:40.657Z",
            "updatedAt": "2022-07-18T14:29:40.657Z",
            "tags": [],
            "classTitle": "Body text",
            "points": {
                "exterior": [
                    [
                        119,
                        590
                    ],
                    [
                        186,
                        609
                    ]
                ],
                "interior": []
            }
        },
        {
            "id": 972022730,
            "classId": 10214732,
            "description": "",
            "geometryType": "rectangle",
            "labelerLogin": "Yalda2HITL",
            "createdAt": "2022-07-18T14:29:40.657Z",
            "updatedAt": "2022-07-18T14:29:40.657Z",
            "tags": [],
            "classTitle": "Body text",
            "points": {
                "exterior": [
                    [
                        144,
                        315
                    ],
                    [
                        248,
                        341
                    ]
                ],
                "interior": []
            }
        },
        {
            "id": 972022728,
            "classId": 10214732,
            "description": "",
            "geometryType": "rectangle",
            "labelerLogin": "Yalda2HITL",
            "createdAt": "2022-07-18T14:29:40.657Z",
            "updatedAt": "2022-07-18T14:29:40.657Z",
            "tags": [],
            "classTitle": "Body text",
            "points": {
                "exterior": [
                    [
                        272,
                        217
                    ],
                    [
                        319,
                        237
                    ]
                ],
                "interior": []
            }
        },
        {
            "id": 972022568,
            "classId": 10214732,
            "description": "",
            "geometryType": "rectangle",
            "labelerLogin": "Yalda2HITL",
            "createdAt": "2022-07-18T14:29:40.657Z",
            "updatedAt": "2022-07-18T14:29:40.657Z",
            "tags": [],
            "classTitle": "Body text",
            "points": {
                "exterior": [
                    [
                        273,
                        235
                    ],
                    [
                        318,
                        249
                    ]
                ],
                "interior": []
            }
        },
        {
            "id": 972022571,
            "classId": 10214732,
            "description": "",
            "geometryType": "rectangle",
            "labelerLogin": "Yalda2HITL",
            "createdAt": "2022-07-18T14:29:40.657Z",
            "updatedAt": "2022-07-18T14:29:40.657Z",
            "tags": [],
            "classTitle": "Body text",
            "points": {
                "exterior": [
                    [
                        261,
                        302
                    ],
                    [
                        333,
                        320
                    ]
                ],
                "interior": []
            }
        },
        {
            "id": 972022569,
            "classId": 10214732,
            "description": "",
            "geometryType": "rectangle",
            "labelerLogin": "Yalda2HITL",
            "createdAt": "2022-07-18T14:29:40.657Z",
            "updatedAt": "2022-07-18T14:29:40.657Z",
            "tags": [],
            "classTitle": "Body text",
            "points": {
                "exterior": [
                    [
                        272,
                        316
                    ],
                    [
                        323,
                        328
                    ]
                ],
                "interior": []
            }
        },
        {
            "id": 972022566,
            "classId": 10214730,
            "description": "",
            "geometryType": "polygon",
            "labelerLogin": "Yalda2HITL",
            "createdAt": "2022-07-18T14:29:40.657Z",
            "updatedAt": "2022-07-18T14:29:40.657Z",
            "tags": [],
            "classTitle": "Page",
            "points": {
                "exterior": [
                    [
                        43,
                        217
                    ],
                    [
                        70,
                        216
                    ],
                    [
                        119,
                        216
                    ],
                    [
                        138,
                        215
                    ],
                    [
                        185,
                        215
                    ],
                    [
                        231,
                        215
                    ],
                    [
                        258,
                        214
                    ],
                    [
                        310,
                        213
                    ],
                    [
                        348,
                        212
                    ],
                    [
                        359,
                        212
                    ],
                    [
                        364,
                        215
                    ],
                    [
                        364,
                        222
                    ],
                    [
                        367,
                        287
                    ],
                    [
                        374,
                        435
                    ],
                    [
                        378,
                        542
                    ],
                    [
                        382,
                        607
                    ],
                    [
                        385,
                        669
                    ],
                    [
                        378,
                        673
                    ],
                    [
                        344,
                        674
                    ],
                    [
                        233,
                        676
                    ],
                    [
                        148,
                        678
                    ],
                    [
                        78,
                        680
                    ],
                    [
                        41,
                        680
                    ],
                    [
                        43,
                        487
                    ],
                    [
                        42,
                        231
                    ]
                ],
                "interior": []
            }
        }
    ]
}