{
    "description": "",
    "tags": [],
    "size": {
        "height": 3984,
        "width": 2988
    },
    "objects": [
        {
            "id": 972020732,
            "classId": 10214730,
            "description": "",
            "geometryType": "polygon",
            "labelerLogin": "Yalda2HITL",
            "createdAt": "2022-07-18T14:27:10.199Z",
            "updatedAt": "2022-07-18T14:27:10.199Z",
            "tags": [],
            "classTitle": "Page",
            "points": {
                "exterior": [
                    [
                        542,
                        720
                    ],
                    [
                        535,
                        724
                    ],
                    [
                        361,
                        2084
                    ],
                    [
                        250,
                        2867
                    ],
                    [
                        246,
                        2916
                    ],
                    [
                        255,
                        2919
                    ],
                    [
                        316,
                        2918
                    ],
                    [
                        306,
                        2962
                    ],
                    [
                        303,
                        2964
                    ],
                    [
                        304,
                        2968
                    ],
                    [
                        306,
                        2975
                    ],
                    [
                        1598,
                        2984
                    ],
                    [
                        2172,
                        2992
                    ],
                    [
                        2185,
                        2990
                    ],
                    [
                        2196,
                        2983
                    ],
                    [
                        2218,
                        2971
                    ],
                    [
                        2225,
                        2963
                    ],
                    [
                        2222,
                        2910
                    ],
                    [
                        2207,
                        2696
                    ],
                    [
                        2156,
                        2227
                    ],
                    [
                        2097,
                        1535
                    ],
                    [
                        2042,
                        844
                    ],
                    [
                        2043,
                        840
                    ],
                    [
                        2039,
                        835
                    ],
                    [
                        2038,
                        832
                    ],
                    [
                        2033,
                        829
                    ],
                    [
                        2009,
                        826
                    ],
                    [
                        1946,
                        823
                    ],
                    [
                        1625,
                        801
                    ],
                    [
                        1292,
                        777
                    ],
                    [
                        1005,
                        756
                    ],
                    [
                        635,
                        728
                    ]
                ],
                "interior": []
            }
        },
        {
            "id": 972020731,
            "classId": 10214732,
            "description": "",
            "geometryType": "rectangle",
            "labelerLogin": "Yalda2HITL",
            "createdAt": "2022-07-18T14:27:10.199Z",
            "updatedAt": "2022-07-18T14:27:10.199Z",
            "tags": [],
            "classTitle": "Body text",
            "points": {
                "exterior": [
                    [
                        940,
                        1201
                    ],
                    [
                        1502,
                        1272
                    ]
                ],
                "interior": []
            }
        },
        {
            "id": 972020932,
            "classId": 10214731,
            "description": "",
            "geometryType": "rectangle",
            "labelerLogin": "Yalda2HITL",
            "createdAt": "2022-07-18T14:27:10.199Z",
            "updatedAt": "2022-07-18T14:27:10.199Z",
            "tags": [
                {
                    "id": 151023737,
                    "tagId": 30308107,
                    "name": "Transcription",
                    "value": "\u0627\u0644\u062d\u0631\u0648\u0628 \u0648 \u0627\u0644\u0645\u0641\u0627\u0648\u0636\u0627\u062a",
                    "labelerLogin": "Yalda2HITL",
                    "createdAt": "2022-07-18T14:27:10.199Z",
                    "updatedAt": "2022-07-18T14:27:10.199Z"
                }
            ],
            "classTitle": "Title",
            "points": {
                "exterior": [
                    [
                        720,
                        1372
                    ],
                    [
                        1687,
                        1521
                    ]
                ],
                "interior": []
            }
        },
        {
            "id": 972020730,
            "classId": 10214731,
            "description": "",
            "geometryType": "rectangle",
            "labelerLogin": "Yalda2HITL",
            "createdAt": "2022-07-18T14:27:10.199Z",
            "updatedAt": "2022-07-18T14:27:10.199Z",
            "tags": [
                {
                    "id": 151023710,
                    "tagId": 30308107,
                    "name": "Transcription",
                    "value": "\u0639\u0644\u0649 \u0627\u0644\u0645\u0642\u062f\u0633\u0627\u062a",
                    "labelerLogin": "Yalda2HITL",
                    "createdAt": "2022-07-18T14:27:10.199Z",
                    "updatedAt": "2022-07-18T14:27:10.199Z"
                }
            ],
            "classTitle": "Title",
            "points": {
                "exterior": [
                    [
                        899,
                        1550
                    ],
                    [
                        1507,
                        1668
                    ]
                ],
                "interior": []
            }
        },
        {
            "id": 972020720,
            "classId": 10214732,
            "description": "",
            "geometryType": "rectangle",
            "labelerLogin": "Yalda2HITL",
            "createdAt": "2022-07-18T14:27:10.199Z",
            "updatedAt": "2022-07-18T14:27:10.199Z",
            "tags": [],
            "classTitle": "Body text",
            "points": {
                "exterior": [
                    [
                        521,
                        2016
                    ],
                    [
                        1825,
                        2120
                    ]
                ],
                "interior": []
            }
        },
        {
            "id": 972020729,
            "classId": 10214732,
            "description": "",
            "geometryType": "rectangle",
            "labelerLogin": "Yalda2HITL",
            "createdAt": "2022-07-18T14:27:10.199Z",
            "updatedAt": "2022-07-18T14:27:10.199Z",
            "tags": [],
            "classTitle": "Body text",
            "points": {
                "exterior": [
                    [
                        462,
                        2707
                    ],
                    [
                        2021,
                        2783
                    ]
                ],
                "interior": []
            }
        }
    ]
}