{
    "description": "",
    "tags": [],
    "size": {
        "height": 3984,
        "width": 2988
    },
    "objects": [
        {
            "id": 972020717,
            "classId": 10214730,
            "description": "",
            "geometryType": "polygon",
            "labelerLogin": "Yalda2HITL",
            "createdAt": "2022-07-18T14:27:10.199Z",
            "updatedAt": "2022-07-18T14:27:10.199Z",
            "tags": [],
            "classTitle": "Page",
            "points": {
                "exterior": [
                    [
                        2766,
                        918
                    ],
                    [
                        2758,
                        915
                    ],
                    [
                        1752,
                        808
                    ],
                    [
                        1260,
                        749
                    ],
                    [
                        1117,
                        733
                    ],
                    [
                        1098,
                        732
                    ],
                    [
                        1092,
                        724
                    ],
                    [
                        1079,
                        716
                    ],
                    [
                        1056,
                        716
                    ],
                    [
                        1042,
                        724
                    ],
                    [
                        1038,
                        744
                    ],
                    [
                        1033,
                        763
                    ],
                    [
                        1010,
                        871
                    ],
                    [
                        927,
                        1323
                    ],
                    [
                        813,
                        1909
                    ],
                    [
                        707,
                        2428
                    ],
                    [
                        547,
                        3160
                    ],
                    [
                        535,
                        3254
                    ],
                    [
                        543,
                        3260
                    ],
                    [
                        569,
                        3261
                    ],
                    [
                        593,
                        3263
                    ],
                    [
                        610,
                        3265
                    ],
                    [
                        2468,
                        3563
                    ],
                    [
                        2500,
                        3566
                    ],
                    [
                        2533,
                        3573
                    ],
                    [
                        2567,
                        3574
                    ],
                    [
                        2593,
                        3573
                    ],
                    [
                        2619,
                        2965
                    ],
                    [
                        2775,
                        986
                    ],
                    [
                        2777,
                        933
                    ],
                    [
                        2774,
                        928
                    ],
                    [
                        2772,
                        922
                    ]
                ],
                "interior": []
            }
        },
        {
            "id": 972020724,
            "classId": 10214732,
            "description": "",
            "geometryType": "rectangle",
            "labelerLogin": "Yalda2HITL",
            "createdAt": "2022-07-18T14:27:10.199Z",
            "updatedAt": "2022-07-18T14:27:10.199Z",
            "tags": [],
            "classTitle": "Body text",
            "points": {
                "exterior": [
                    [
                        2010,
                        1018
                    ],
                    [
                        2368,
                        1154
                    ]
                ],
                "interior": []
            }
        },
        {
            "id": 972020930,
            "classId": 10214731,
            "description": "",
            "geometryType": "rectangle",
            "labelerLogin": "Yalda2HITL",
            "createdAt": "2022-07-18T14:27:10.199Z",
            "updatedAt": "2022-07-18T14:27:10.199Z",
            "tags": [
                {
                    "id": 151023735,
                    "tagId": 30308107,
                    "name": "Transcription",
                    "value": "\u062a\u0641\u0633\u064a\u0631\u064f \u0627\u0644\u0623\u062d\u0644\u064e\u0627\u0645",
                    "labelerLogin": "Yalda2HITL",
                    "createdAt": "2022-07-18T14:27:10.199Z",
                    "updatedAt": "2022-07-18T14:27:10.199Z"
                }
            ],
            "classTitle": "Title",
            "points": {
                "exterior": [
                    [
                        1228,
                        1526
                    ],
                    [
                        2184,
                        1929
                    ]
                ],
                "interior": []
            }
        },
        {
            "id": 972020931,
            "classId": 10214731,
            "description": "",
            "geometryType": "rectangle",
            "labelerLogin": "Yalda2HITL",
            "createdAt": "2022-07-18T14:27:10.199Z",
            "updatedAt": "2022-07-18T14:27:10.199Z",
            "tags": [
                {
                    "id": 151023736,
                    "tagId": 30308107,
                    "name": "Transcription",
                    "value": "\u0627\u0644\u0643\u064e\u0628\u064a\u0631",
                    "labelerLogin": "Yalda2HITL",
                    "createdAt": "2022-07-18T14:27:10.199Z",
                    "updatedAt": "2022-07-18T14:27:10.199Z"
                }
            ],
            "classTitle": "Title",
            "points": {
                "exterior": [
                    [
                        1332,
                        1938
                    ],
                    [
                        1958,
                        2177
                    ]
                ],
                "interior": []
            }
        },
        {
            "id": 972020656,
            "classId": 10214732,
            "description": "",
            "geometryType": "rectangle",
            "labelerLogin": "Yalda2HITL",
            "createdAt": "2022-07-18T14:27:10.199Z",
            "updatedAt": "2022-07-18T14:27:10.199Z",
            "tags": [],
            "classTitle": "Body text",
            "points": {
                "exterior": [
                    [
                        1415,
                        2854
                    ],
                    [
                        1786,
                        3022
                    ]
                ],
                "interior": []
            }
        }
    ]
}