{
    "description": "",
    "tags": [],
    "size": {
        "height": 4000,
        "width": 3000
    },
    "objects": [
        {
            "id": 972021856,
            "classId": 10214730,
            "description": "",
            "geometryType": "polygon",
            "labelerLogin": "Yalda2HITL",
            "createdAt": "2022-07-18T14:29:02.013Z",
            "updatedAt": "2022-07-18T14:29:02.013Z",
            "tags": [],
            "classTitle": "Page",
            "points": {
                "exterior": [
                    [
                        475,
                        920
                    ],
                    [
                        960,
                        894
                    ],
                    [
                        1608,
                        857
                    ],
                    [
                        2080,
                        830
                    ],
                    [
                        2199,
                        822
                    ],
                    [
                        2255,
                        822
                    ],
                    [
                        2271,
                        827
                    ],
                    [
                        2288,
                        1015
                    ],
                    [
                        2330,
                        1499
                    ],
                    [
                        2360,
                        1790
                    ],
                    [
                        2449,
                        2673
                    ],
                    [
                        2512,
                        3261
                    ],
                    [
                        2534,
                        3496
                    ],
                    [
                        2549,
                        3628
                    ],
                    [
                        2223,
                        3637
                    ],
                    [
                        1589,
                        3651
                    ],
                    [
                        972,
                        3668
                    ],
                    [
                        696,
                        3680
                    ],
                    [
                        486,
                        3695
                    ],
                    [
                        376,
                        3695
                    ],
                    [
                        419,
                        3299
                    ],
                    [
                        448,
                        2361
                    ],
                    [
                        466,
                        1449
                    ]
                ],
                "interior": []
            }
        },
        {
            "id": 972021862,
            "classId": 10214731,
            "description": "",
            "geometryType": "rectangle",
            "labelerLogin": "Yalda2HITL",
            "createdAt": "2022-07-18T14:29:02.013Z",
            "updatedAt": "2022-07-18T14:29:02.013Z",
            "tags": [
                {
                    "id": 151023908,
                    "tagId": 30308107,
                    "name": "Transcription",
                    "value": "\u062a\u0627\u0631\u064a\u062e \u0637\u0631\u0627\u0628\u0644\u0633",
                    "labelerLogin": "Yalda2HITL",
                    "createdAt": "2022-07-18T14:29:02.013Z",
                    "updatedAt": "2022-07-18T14:29:02.013Z"
                }
            ],
            "classTitle": "Title",
            "points": {
                "exterior": [
                    [
                        1047,
                        936
                    ],
                    [
                        2093,
                        1307
                    ]
                ],
                "interior": []
            }
        },
        {
            "id": 972021868,
            "classId": 10214732,
            "description": "",
            "geometryType": "rectangle",
            "labelerLogin": "Yalda2HITL",
            "createdAt": "2022-07-18T14:29:02.013Z",
            "updatedAt": "2022-07-18T14:29:02.013Z",
            "tags": [],
            "classTitle": "Body text",
            "points": {
                "exterior": [
                    [
                        585,
                        1022
                    ],
                    [
                        715,
                        1059
                    ]
                ],
                "interior": []
            }
        },
        {
            "id": 972021855,
            "classId": 10214732,
            "description": "",
            "geometryType": "rectangle",
            "labelerLogin": "Yalda2HITL",
            "createdAt": "2022-07-18T14:29:02.013Z",
            "updatedAt": "2022-07-18T14:29:02.013Z",
            "tags": [],
            "classTitle": "Body text",
            "points": {
                "exterior": [
                    [
                        584,
                        1053
                    ],
                    [
                        717,
                        1092
                    ]
                ],
                "interior": []
            }
        },
        {
            "id": 972021869,
            "classId": 10214732,
            "description": "",
            "geometryType": "rectangle",
            "labelerLogin": "Yalda2HITL",
            "createdAt": "2022-07-18T14:29:02.013Z",
            "updatedAt": "2022-07-18T14:29:02.013Z",
            "tags": [],
            "classTitle": "Body text",
            "points": {
                "exterior": [
                    [
                        583,
                        1084
                    ],
                    [
                        718,
                        1119
                    ]
                ],
                "interior": []
            }
        },
        {
            "id": 972021846,
            "classId": 10214732,
            "description": "",
            "geometryType": "rectangle",
            "labelerLogin": "Yalda2HITL",
            "createdAt": "2022-07-18T14:29:02.013Z",
            "updatedAt": "2022-07-18T14:29:02.013Z",
            "tags": [],
            "classTitle": "Body text",
            "points": {
                "exterior": [
                    [
                        585,
                        1114
                    ],
                    [
                        716,
                        1159
                    ]
                ],
                "interior": []
            }
        },
        {
            "id": 972021859,
            "classId": 10214732,
            "description": "",
            "geometryType": "rectangle",
            "labelerLogin": "Yalda2HITL",
            "createdAt": "2022-07-18T14:29:02.013Z",
            "updatedAt": "2022-07-18T14:29:02.013Z",
            "tags": [],
            "classTitle": "Body text",
            "points": {
                "exterior": [
                    [
                        1065,
                        1248
                    ],
                    [
                        2101,
                        1423
                    ]
                ],
                "interior": []
            }
        },
        {
            "id": 972021866,
            "classId": 10214732,
            "description": "",
            "geometryType": "rectangle",
            "labelerLogin": "Yalda2HITL",
            "createdAt": "2022-07-18T14:29:02.013Z",
            "updatedAt": "2022-07-18T14:29:02.013Z",
            "tags": [],
            "classTitle": "Body text",
            "points": {
                "exterior": [
                    [
                        1054,
                        1383
                    ],
                    [
                        2110,
                        1513
                    ]
                ],
                "interior": []
            }
        },
        {
            "id": 972021860,
            "classId": 10214732,
            "description": "",
            "geometryType": "rectangle",
            "labelerLogin": "Yalda2HITL",
            "createdAt": "2022-07-18T14:29:02.013Z",
            "updatedAt": "2022-07-18T14:29:02.013Z",
            "tags": [],
            "classTitle": "Body text",
            "points": {
                "exterior": [
                    [
                        584,
                        1602
                    ],
                    [
                        1428,
                        1724
                    ]
                ],
                "interior": []
            }
        }
    ]
}