{
    "description": "",
    "tags": [],
    "size": {
        "height": 721,
        "width": 720
    },
    "objects": [
        {
            "id": 972013868,
            "classId": 10214730,
            "description": "",
            "geometryType": "polygon",
            "labelerLogin": "Yalda2HITL",
            "createdAt": "2022-07-18T14:24:34.489Z",
            "updatedAt": "2022-07-18T14:24:34.489Z",
            "tags": [],
            "classTitle": "Page",
            "points": {
                "exterior": [
                    [
                        287,
                        135
                    ],
                    [
                        296,
                        137
                    ],
                    [
                        307,
                        137
                    ],
                    [
                        315,
                        132
                    ],
                    [
                        318,
                        125
                    ],
                    [
                        320,
                        117
                    ],
                    [
                        322,
                        108
                    ],
                    [
                        322,
                        104
                    ],
                    [
                        322,
                        98
                    ],
                    [
                        444,
                        136
                    ],
                    [
                        719,
                        204
                    ],
                    [
                        672,
                        388
                    ],
                    [
                        578,
                        720
                    ],
                    [
                        244,
                        717
                    ],
                    [
                        151,
                        691
                    ],
                    [
                        150,
                        673
                    ]
                ],
                "interior": []
            }
        },
        {
            "id": 972013867,
            "classId": 10214732,
            "description": "",
            "geometryType": "rectangle",
            "labelerLogin": "Yalda2HITL",
            "createdAt": "2022-07-18T14:24:34.489Z",
            "updatedAt": "2022-07-18T14:24:34.489Z",
            "tags": [],
            "classTitle": "Body text",
            "points": {
                "exterior": [
                    [
                        320,
                        118
                    ],
                    [
                        390,
                        148
                    ]
                ],
                "interior": []
            }
        },
        {
            "id": 972013866,
            "classId": 10214731,
            "description": "",
            "geometryType": "rectangle",
            "labelerLogin": "Yalda2HITL",
            "createdAt": "2022-07-18T14:24:34.489Z",
            "updatedAt": "2022-07-18T14:24:34.489Z",
            "tags": [
                {
                    "id": 151023306,
                    "tagId": 30308107,
                    "name": "Transcription",
                    "value": "\u0627\u0644\u0631\u0642\u0635 \u0645\u0639 \u0627\u0644\u062d\u064a\u0627\u0629",
                    "labelerLogin": "Yalda2HITL",
                    "createdAt": "2022-07-18T14:24:34.490Z",
                    "updatedAt": "2022-07-18T14:24:34.490Z"
                }
            ],
            "classTitle": "Title",
            "points": {
                "exterior": [
                    [
                        295,
                        186
                    ],
                    [
                        668,
                        323
                    ]
                ],
                "interior": []
            }
        },
        {
            "id": 972013865,
            "classId": 10214732,
            "description": "",
            "geometryType": "rectangle",
            "labelerLogin": "Yalda2HITL",
            "createdAt": "2022-07-18T14:24:34.489Z",
            "updatedAt": "2022-07-18T14:24:34.489Z",
            "tags": [],
            "classTitle": "Body text",
            "points": {
                "exterior": [
                    [
                        336,
                        287
                    ],
                    [
                        592,
                        363
                    ]
                ],
                "interior": []
            }
        },
        {
            "id": 972013747,
            "classId": 10214732,
            "description": "",
            "geometryType": "rectangle",
            "labelerLogin": "Yalda2HITL",
            "createdAt": "2022-07-18T14:24:34.489Z",
            "updatedAt": "2022-07-18T14:24:34.489Z",
            "tags": [],
            "classTitle": "Body text",
            "points": {
                "exterior": [
                    [
                        224,
                        535
                    ],
                    [
                        342,
                        575
                    ]
                ],
                "interior": []
            }
        },
        {
            "id": 972013869,
            "classId": 10214732,
            "description": "",
            "geometryType": "rectangle",
            "labelerLogin": "Yalda2HITL",
            "createdAt": "2022-07-18T14:24:34.489Z",
            "updatedAt": "2022-07-18T14:24:34.489Z",
            "tags": [],
            "classTitle": "Body text",
            "points": {
                "exterior": [
                    [
                        351,
                        687
                    ],
                    [
                        380,
                        715
                    ]
                ],
                "interior": []
            }
        },
        {
            "id": 972013864,
            "classId": 10214732,
            "description": "",
            "geometryType": "rectangle",
            "labelerLogin": "Yalda2HITL",
            "createdAt": "2022-07-18T14:24:34.489Z",
            "updatedAt": "2022-07-18T14:24:34.489Z",
            "tags": [],
            "classTitle": "Body text",
            "points": {
                "exterior": [
                    [
                        719,
                        311
                    ],
                    [
                        719,
                        521
                    ]
                ],
                "interior": []
            }
        },
        {
            "id": 972013661,
            "classId": 10214732,
            "description": "",
            "geometryType": "rectangle",
            "labelerLogin": "Yalda2HITL",
            "createdAt": "2022-07-18T14:24:34.489Z",
            "updatedAt": "2022-07-18T14:24:34.489Z",
            "tags": [],
            "classTitle": "Body text",
            "points": {
                "exterior": [
                    [
                        352,
                        318
                    ],
                    [
                        560,
                        380
                    ]
                ],
                "interior": []
            }
        }
    ]
}