{
    "description": "",
    "tags": [],
    "size": {
        "height": 4000,
        "width": 3000
    },
    "objects": [
        {
            "id": 972021887,
            "classId": 10214730,
            "description": "",
            "geometryType": "polygon",
            "labelerLogin": "Yalda2HITL",
            "createdAt": "2022-07-18T14:29:02.013Z",
            "updatedAt": "2022-07-18T14:29:02.013Z",
            "tags": [],
            "classTitle": "Page",
            "points": {
                "exterior": [
                    [
                        264,
                        421
                    ],
                    [
                        1522,
                        424
                    ],
                    [
                        2328,
                        412
                    ],
                    [
                        2705,
                        400
                    ],
                    [
                        2669,
                        1324
                    ],
                    [
                        2628,
                        1968
                    ],
                    [
                        2528,
                        3156
                    ],
                    [
                        2504,
                        3590
                    ],
                    [
                        2491,
                        3627
                    ],
                    [
                        2463,
                        3648
                    ],
                    [
                        2418,
                        3657
                    ],
                    [
                        2354,
                        3643
                    ],
                    [
                        1666,
                        3601
                    ],
                    [
                        1288,
                        3571
                    ],
                    [
                        862,
                        3560
                    ],
                    [
                        643,
                        3545
                    ],
                    [
                        571,
                        3523
                    ],
                    [
                        540,
                        3497
                    ],
                    [
                        472,
                        2846
                    ],
                    [
                        390,
                        1970
                    ],
                    [
                        288,
                        868
                    ],
                    [
                        259,
                        529
                    ]
                ],
                "interior": []
            }
        },
        {
            "id": 972021900,
            "classId": 10214731,
            "description": "",
            "geometryType": "rectangle",
            "labelerLogin": "Yalda2HITL",
            "createdAt": "2022-07-18T14:29:02.013Z",
            "updatedAt": "2022-07-18T14:29:02.013Z",
            "tags": [
                {
                    "id": 151023914,
                    "tagId": 30308107,
                    "name": "Transcription",
                    "value": "\u0632\u064e\u0645\u064e\u0646\u064c \u0627\u0644\u062e\u064c\u064a\u0648\u0644 \u0627\u0644\u0628\u064e\u064a\u0636\u0627\u0621",
                    "labelerLogin": "Yalda2HITL",
                    "createdAt": "2022-07-18T14:29:02.013Z",
                    "updatedAt": "2022-07-18T14:29:02.013Z"
                }
            ],
            "classTitle": "Title",
            "points": {
                "exterior": [
                    [
                        593,
                        1391
                    ],
                    [
                        2134,
                        1934
                    ]
                ],
                "interior": []
            }
        },
        {
            "id": 972021879,
            "classId": 10214732,
            "description": "",
            "geometryType": "rectangle",
            "labelerLogin": "Yalda2HITL",
            "createdAt": "2022-07-18T14:29:02.013Z",
            "updatedAt": "2022-07-18T14:29:02.013Z",
            "tags": [],
            "classTitle": "Body text",
            "points": {
                "exterior": [
                    [
                        1717,
                        540
                    ],
                    [
                        2372,
                        633
                    ]
                ],
                "interior": []
            }
        },
        {
            "id": 972021849,
            "classId": 10214732,
            "description": "",
            "geometryType": "rectangle",
            "labelerLogin": "Yalda2HITL",
            "createdAt": "2022-07-18T14:29:02.013Z",
            "updatedAt": "2022-07-18T14:29:02.013Z",
            "tags": [],
            "classTitle": "Body text",
            "points": {
                "exterior": [
                    [
                        1718,
                        622
                    ],
                    [
                        2376,
                        676
                    ]
                ],
                "interior": []
            }
        },
        {
            "id": 972021896,
            "classId": 10214732,
            "description": "",
            "geometryType": "rectangle",
            "labelerLogin": "Yalda2HITL",
            "createdAt": "2022-07-18T14:29:02.013Z",
            "updatedAt": "2022-07-18T14:29:02.013Z",
            "tags": [],
            "classTitle": "Body text",
            "points": {
                "exterior": [
                    [
                        335,
                        517
                    ],
                    [
                        635,
                        909
                    ]
                ],
                "interior": []
            }
        },
        {
            "id": 972021880,
            "classId": 10214732,
            "description": "",
            "geometryType": "rectangle",
            "labelerLogin": "Yalda2HITL",
            "createdAt": "2022-07-18T14:29:02.013Z",
            "updatedAt": "2022-07-18T14:29:02.013Z",
            "tags": [],
            "classTitle": "Body text",
            "points": {
                "exterior": [
                    [
                        545,
                        998
                    ],
                    [
                        2133,
                        1331
                    ]
                ],
                "interior": []
            }
        },
        {
            "id": 972021898,
            "classId": 10214732,
            "description": "",
            "geometryType": "rectangle",
            "labelerLogin": "Yalda2HITL",
            "createdAt": "2022-07-18T14:29:02.013Z",
            "updatedAt": "2022-07-18T14:29:02.013Z",
            "tags": [],
            "classTitle": "Body text",
            "points": {
                "exterior": [
                    [
                        2178,
                        1016
                    ],
                    [
                        2361,
                        1929
                    ]
                ],
                "interior": []
            }
        },
        {
            "id": 972021889,
            "classId": 10214731,
            "description": "",
            "geometryType": "rectangle",
            "labelerLogin": "Yalda2HITL",
            "createdAt": "2022-07-18T14:29:02.013Z",
            "updatedAt": "2022-07-18T14:29:02.013Z",
            "tags": [
                {
                    "id": 151023913,
                    "tagId": 30308107,
                    "name": "Transcription",
                    "value": "\u0631\u0648\u0627\u064a\u0629",
                    "labelerLogin": "Yalda2HITL",
                    "createdAt": "2022-07-18T14:29:02.013Z",
                    "updatedAt": "2022-07-18T14:29:02.013Z"
                }
            ],
            "classTitle": "Title",
            "points": {
                "exterior": [
                    [
                        619,
                        1963
                    ],
                    [
                        995,
                        2143
                    ]
                ],
                "interior": []
            }
        },
        {
            "id": 972021890,
            "classId": 10214732,
            "description": "",
            "geometryType": "rectangle",
            "labelerLogin": "Yalda2HITL",
            "createdAt": "2022-07-18T14:29:02.013Z",
            "updatedAt": "2022-07-18T14:29:02.013Z",
            "tags": [],
            "classTitle": "Body text",
            "points": {
                "exterior": [
                    [
                        1783,
                        2234
                    ],
                    [
                        1995,
                        2352
                    ]
                ],
                "interior": []
            }
        },
        {
            "id": 972021881,
            "classId": 10214732,
            "description": "",
            "geometryType": "rectangle",
            "labelerLogin": "Yalda2HITL",
            "createdAt": "2022-07-18T14:29:02.013Z",
            "updatedAt": "2022-07-18T14:29:02.013Z",
            "tags": [],
            "classTitle": "Body text",
            "points": {
                "exterior": [
                    [
                        1768,
                        2368
                    ],
                    [
                        1994,
                        2463
                    ]
                ],
                "interior": []
            }
        },
        {
            "id": 972021883,
            "classId": 10214732,
            "description": "",
            "geometryType": "rectangle",
            "labelerLogin": "Yalda2HITL",
            "createdAt": "2022-07-18T14:29:02.013Z",
            "updatedAt": "2022-07-18T14:29:02.013Z",
            "tags": [],
            "classTitle": "Body text",
            "points": {
                "exterior": [
                    [
                        1690,
                        2446
                    ],
                    [
                        2071,
                        2549
                    ]
                ],
                "interior": []
            }
        }
    ]
}