{
    "description": "",
    "tags": [],
    "size": {
        "height": 4000,
        "width": 3000
    },
    "objects": [
        {
            "id": 972021882,
            "classId": 10214730,
            "description": "",
            "geometryType": "polygon",
            "labelerLogin": "Yalda2HITL",
            "createdAt": "2022-07-18T14:29:02.013Z",
            "updatedAt": "2022-07-18T14:29:02.013Z",
            "tags": [],
            "classTitle": "Page",
            "points": {
                "exterior": [
                    [
                        205,
                        440
                    ],
                    [
                        1044,
                        462
                    ],
                    [
                        2036,
                        472
                    ],
                    [
                        2635,
                        474
                    ],
                    [
                        2806,
                        476
                    ],
                    [
                        2681,
                        1747
                    ],
                    [
                        2597,
                        2644
                    ],
                    [
                        2544,
                        3150
                    ],
                    [
                        2503,
                        3597
                    ],
                    [
                        2434,
                        3601
                    ],
                    [
                        2404,
                        3592
                    ],
                    [
                        941,
                        3583
                    ],
                    [
                        482,
                        3576
                    ],
                    [
                        331,
                        1860
                    ],
                    [
                        236,
                        825
                    ]
                ],
                "interior": []
            }
        },
        {
            "id": 972021873,
            "classId": 10214731,
            "description": "",
            "geometryType": "rectangle",
            "labelerLogin": "Yalda2HITL",
            "createdAt": "2022-07-18T14:29:02.013Z",
            "updatedAt": "2022-07-18T14:29:02.013Z",
            "tags": [
                {
                    "id": 151023911,
                    "tagId": 30308107,
                    "name": "Transcription",
                    "value": "\u0623\u0637\u0641\u0627\u0644 \u0648\u0623\u0642\u062f\u0627\u0631",
                    "labelerLogin": "Yalda2HITL",
                    "createdAt": "2022-07-18T14:29:02.013Z",
                    "updatedAt": "2022-07-18T14:29:02.013Z"
                }
            ],
            "classTitle": "Title",
            "points": {
                "exterior": [
                    [
                        849,
                        1539
                    ],
                    [
                        2164,
                        1820
                    ]
                ],
                "interior": []
            }
        },
        {
            "id": 972021877,
            "classId": 10214732,
            "description": "",
            "geometryType": "rectangle",
            "labelerLogin": "Yalda2HITL",
            "createdAt": "2022-07-18T14:29:02.013Z",
            "updatedAt": "2022-07-18T14:29:02.013Z",
            "tags": [],
            "classTitle": "Body text",
            "points": {
                "exterior": [
                    [
                        591,
                        1095
                    ],
                    [
                        2422,
                        1532
                    ]
                ],
                "interior": []
            }
        },
        {
            "id": 972021878,
            "classId": 10214732,
            "description": "",
            "geometryType": "rectangle",
            "labelerLogin": "Yalda2HITL",
            "createdAt": "2022-07-18T14:29:02.013Z",
            "updatedAt": "2022-07-18T14:29:02.013Z",
            "tags": [],
            "classTitle": "Body text",
            "points": {
                "exterior": [
                    [
                        1137,
                        766
                    ],
                    [
                        1877,
                        1145
                    ]
                ],
                "interior": []
            }
        },
        {
            "id": 972021876,
            "classId": 10214732,
            "description": "",
            "geometryType": "rectangle",
            "labelerLogin": "Yalda2HITL",
            "createdAt": "2022-07-18T14:29:02.013Z",
            "updatedAt": "2022-07-18T14:29:02.013Z",
            "tags": [],
            "classTitle": "Body text",
            "points": {
                "exterior": [
                    [
                        1391,
                        3360
                    ],
                    [
                        1587,
                        3402
                    ]
                ],
                "interior": []
            }
        }
    ]
}