{
    "description": "",
    "tags": [],
    "size": {
        "height": 2659,
        "width": 1881
    },
    "objects": [
        {
            "id": 972020899,
            "classId": 10214730,
            "description": "",
            "geometryType": "polygon",
            "labelerLogin": "Yalda2HITL",
            "createdAt": "2022-07-18T14:27:10.199Z",
            "updatedAt": "2022-07-18T14:27:10.199Z",
            "tags": [],
            "classTitle": "Page",
            "points": {
                "exterior": [
                    [
                        335,
                        284
                    ],
                    [
                        322,
                        304
                    ],
                    [
                        323,
                        359
                    ],
                    [
                        324,
                        1244
                    ],
                    [
                        308,
                        2154
                    ],
                    [
                        313,
                        2164
                    ],
                    [
                        327,
                        2185
                    ],
                    [
                        330,
                        2194
                    ],
                    [
                        332,
                        2202
                    ],
                    [
                        341,
                        2205
                    ],
                    [
                        355,
                        2205
                    ],
                    [
                        843,
                        2170
                    ],
                    [
                        1102,
                        2156
                    ],
                    [
                        1306,
                        2146
                    ],
                    [
                        1421,
                        2141
                    ],
                    [
                        1538,
                        2139
                    ],
                    [
                        1680,
                        2138
                    ],
                    [
                        1695,
                        2140
                    ],
                    [
                        1721,
                        2139
                    ],
                    [
                        1731,
                        2128
                    ],
                    [
                        1736,
                        2120
                    ],
                    [
                        1736,
                        2106
                    ],
                    [
                        1739,
                        2034
                    ],
                    [
                        1736,
                        1967
                    ],
                    [
                        1718,
                        1687
                    ],
                    [
                        1680,
                        1131
                    ],
                    [
                        1657,
                        513
                    ],
                    [
                        1651,
                        369
                    ],
                    [
                        1652,
                        364
                    ],
                    [
                        1659,
                        366
                    ],
                    [
                        1662,
                        363
                    ],
                    [
                        1667,
                        356
                    ],
                    [
                        1667,
                        349
                    ],
                    [
                        1661,
                        344
                    ],
                    [
                        1662,
                        338
                    ],
                    [
                        1664,
                        330
                    ],
                    [
                        1659,
                        324
                    ],
                    [
                        1656,
                        324
                    ],
                    [
                        1652,
                        326
                    ],
                    [
                        1646,
                        331
                    ],
                    [
                        1645,
                        328
                    ],
                    [
                        1644,
                        306
                    ],
                    [
                        1637,
                        301
                    ],
                    [
                        1629,
                        298
                    ],
                    [
                        1615,
                        294
                    ],
                    [
                        1598,
                        295
                    ],
                    [
                        1582,
                        295
                    ],
                    [
                        1575,
                        299
                    ],
                    [
                        1483,
                        301
                    ],
                    [
                        1142,
                        298
                    ],
                    [
                        773,
                        297
                    ],
                    [
                        474,
                        292
                    ]
                ],
                "interior": []
            }
        },
        {
            "id": 972020896,
            "classId": 10214731,
            "description": "",
            "geometryType": "rectangle",
            "labelerLogin": "Yalda2HITL",
            "createdAt": "2022-07-18T14:27:10.199Z",
            "updatedAt": "2022-07-18T14:27:10.199Z",
            "tags": [
                {
                    "id": 151023728,
                    "tagId": 30308107,
                    "name": "Transcription",
                    "value": "\u0627\u0644\u0648\u064e\u0627\u0641\u064a \u0628\u0627\u0644\u062a\u0651\u0627\u0631\u064a\u062e",
                    "labelerLogin": "Yalda2HITL",
                    "createdAt": "2022-07-18T14:27:10.199Z",
                    "updatedAt": "2022-07-18T14:27:10.199Z"
                }
            ],
            "classTitle": "Title",
            "points": {
                "exterior": [
                    [
                        419,
                        835
                    ],
                    [
                        1237,
                        1119
                    ]
                ],
                "interior": []
            }
        },
        {
            "id": 972020897,
            "classId": 10214732,
            "description": "",
            "geometryType": "rectangle",
            "labelerLogin": "Yalda2HITL",
            "createdAt": "2022-07-18T14:27:10.199Z",
            "updatedAt": "2022-07-18T14:27:10.199Z",
            "tags": [],
            "classTitle": "Body text",
            "points": {
                "exterior": [
                    [
                        785,
                        1160
                    ],
                    [
                        888,
                        1339
                    ]
                ],
                "interior": []
            }
        },
        {
            "id": 972020901,
            "classId": 10214732,
            "description": "",
            "geometryType": "rectangle",
            "labelerLogin": "Yalda2HITL",
            "createdAt": "2022-07-18T14:27:10.199Z",
            "updatedAt": "2022-07-18T14:27:10.199Z",
            "tags": [],
            "classTitle": "Body text",
            "points": {
                "exterior": [
                    [
                        611,
                        1387
                    ],
                    [
                        1073,
                        1460
                    ]
                ],
                "interior": []
            }
        },
        {
            "id": 972020900,
            "classId": 10214732,
            "description": "",
            "geometryType": "rectangle",
            "labelerLogin": "Yalda2HITL",
            "createdAt": "2022-07-18T14:27:10.199Z",
            "updatedAt": "2022-07-18T14:27:10.199Z",
            "tags": [],
            "classTitle": "Body text",
            "points": {
                "exterior": [
                    [
                        590,
                        1518
                    ],
                    [
                        1096,
                        1581
                    ]
                ],
                "interior": []
            }
        },
        {
            "id": 972020853,
            "classId": 10214732,
            "description": "",
            "geometryType": "rectangle",
            "labelerLogin": "Yalda2HITL",
            "createdAt": "2022-07-18T14:27:10.199Z",
            "updatedAt": "2022-07-18T14:27:10.199Z",
            "tags": [],
            "classTitle": "Body text",
            "points": {
                "exterior": [
                    [
                        852,
                        2023
                    ],
                    [
                        924,
                        2070
                    ]
                ],
                "interior": []
            }
        },
        {
            "id": 972020898,
            "classId": 10214732,
            "description": "",
            "geometryType": "rectangle",
            "labelerLogin": "Yalda2HITL",
            "createdAt": "2022-07-18T14:27:10.199Z",
            "updatedAt": "2022-07-18T14:27:10.199Z",
            "tags": [],
            "classTitle": "Body text",
            "points": {
                "exterior": [
                    [
                        711,
                        2059
                    ],
                    [
                        992,
                        2112
                    ]
                ],
                "interior": []
            }
        }
    ]
}