{
    "description": "",
    "tags": [],
    "size": {
        "height": 3572,
        "width": 3000
    },
    "objects": [
        {
            "id": 972021933,
            "classId": 10214730,
            "description": "",
            "geometryType": "polygon",
            "labelerLogin": "Yalda2HITL",
            "createdAt": "2022-07-18T14:29:02.013Z",
            "updatedAt": "2022-07-18T14:29:02.013Z",
            "tags": [],
            "classTitle": "Page",
            "points": {
                "exterior": [
                    [
                        641,
                        145
                    ],
                    [
                        913,
                        127
                    ],
                    [
                        1193,
                        107
                    ],
                    [
                        1440,
                        91
                    ],
                    [
                        1597,
                        84
                    ],
                    [
                        1863,
                        80
                    ],
                    [
                        2115,
                        83
                    ],
                    [
                        2334,
                        83
                    ],
                    [
                        2450,
                        89
                    ],
                    [
                        2527,
                        92
                    ],
                    [
                        2541,
                        105
                    ],
                    [
                        2579,
                        523
                    ],
                    [
                        2648,
                        1214
                    ],
                    [
                        2754,
                        2243
                    ],
                    [
                        2816,
                        2842
                    ],
                    [
                        2831,
                        2971
                    ],
                    [
                        2784,
                        2975
                    ],
                    [
                        2721,
                        2984
                    ],
                    [
                        2046,
                        2996
                    ],
                    [
                        1348,
                        3005
                    ],
                    [
                        881,
                        3014
                    ],
                    [
                        553,
                        3012
                    ],
                    [
                        575,
                        2185
                    ],
                    [
                        585,
                        1401
                    ],
                    [
                        623,
                        568
                    ]
                ],
                "interior": []
            }
        },
        {
            "id": 972021935,
            "classId": 10214731,
            "description": "",
            "geometryType": "rectangle",
            "labelerLogin": "Yalda2HITL",
            "createdAt": "2022-07-18T14:29:02.013Z",
            "updatedAt": "2022-07-18T14:29:02.013Z",
            "tags": [
                {
                    "id": 151023920,
                    "tagId": 30308107,
                    "name": "Transcription",
                    "value": "\u0627\u0644\u0633\u064a\u0627\u0633\u064e\u0629 \u0648\u064e\u0627\u0644\u062d\u064c\u0643\u0645",
                    "labelerLogin": "Yalda2HITL",
                    "createdAt": "2022-07-18T14:29:02.013Z",
                    "updatedAt": "2022-07-18T14:29:02.013Z"
                }
            ],
            "classTitle": "Title",
            "points": {
                "exterior": [
                    [
                        795,
                        657
                    ],
                    [
                        2438,
                        1051
                    ]
                ],
                "interior": []
            }
        },
        {
            "id": 972021934,
            "classId": 10214732,
            "description": "",
            "geometryType": "rectangle",
            "labelerLogin": "Yalda2HITL",
            "createdAt": "2022-07-18T14:29:02.013Z",
            "updatedAt": "2022-07-18T14:29:02.013Z",
            "tags": [],
            "classTitle": "Body text",
            "points": {
                "exterior": [
                    [
                        1193,
                        235
                    ],
                    [
                        2015,
                        543
                    ]
                ],
                "interior": []
            }
        },
        {
            "id": 972021932,
            "classId": 10214732,
            "description": "",
            "geometryType": "rectangle",
            "labelerLogin": "Yalda2HITL",
            "createdAt": "2022-07-18T14:29:02.013Z",
            "updatedAt": "2022-07-18T14:29:02.013Z",
            "tags": [],
            "classTitle": "Body text",
            "points": {
                "exterior": [
                    [
                        789,
                        991
                    ],
                    [
                        2460,
                        1248
                    ]
                ],
                "interior": []
            }
        },
        {
            "id": 972021921,
            "classId": 10214732,
            "description": "",
            "geometryType": "rectangle",
            "labelerLogin": "Yalda2HITL",
            "createdAt": "2022-07-18T14:29:02.013Z",
            "updatedAt": "2022-07-18T14:29:02.013Z",
            "tags": [],
            "classTitle": "Body text",
            "points": {
                "exterior": [
                    [
                        1504,
                        2686
                    ],
                    [
                        1844,
                        2921
                    ]
                ],
                "interior": []
            }
        },
        {
            "id": 972021936,
            "classId": 10214732,
            "description": "",
            "geometryType": "rectangle",
            "labelerLogin": "Yalda2HITL",
            "createdAt": "2022-07-18T14:29:02.013Z",
            "updatedAt": "2022-07-18T14:29:02.013Z",
            "tags": [],
            "classTitle": "Body text",
            "points": {
                "exterior": [
                    [
                        1679,
                        2720
                    ],
                    [
                        1751,
                        2786
                    ]
                ],
                "interior": []
            }
        }
    ]
}