{
    "description": "",
    "tags": [],
    "size": {
        "height": 3247,
        "width": 1872
    },
    "objects": [
        {
            "id": 972013748,
            "classId": 10214731,
            "description": "",
            "geometryType": "rectangle",
            "labelerLogin": "Yalda2HITL",
            "createdAt": "2022-07-18T14:24:34.489Z",
            "updatedAt": "2022-07-18T14:24:34.489Z",
            "tags": [
                {
                    "id": 151023288,
                    "tagId": 30308107,
                    "name": "Transcription",
                    "value": "\u0627\u0644\u062a\u0648\u0635\u0651\u0644",
                    "labelerLogin": "Yalda2HITL",
                    "createdAt": "2022-07-18T14:24:34.490Z",
                    "updatedAt": "2022-07-18T14:24:34.490Z"
                }
            ],
            "classTitle": "Title",
            "points": {
                "exterior": [
                    [
                        706,
                        489
                    ],
                    [
                        1009,
                        662
                    ]
                ],
                "interior": []
            }
        },
        {
            "id": 972013896,
            "classId": 10214731,
            "description": "",
            "geometryType": "rectangle",
            "labelerLogin": "Yalda2HITL",
            "createdAt": "2022-07-18T14:24:34.489Z",
            "updatedAt": "2022-07-18T14:24:34.489Z",
            "tags": [
                {
                    "id": 151023310,
                    "tagId": 30308107,
                    "name": "Transcription",
                    "value": "\u0625\u0644\u0649 \u062d\u064e\u0642\u0650\u064a\u0642\u064e\u0629\u0650 \u0627\u0644\u062a\u0651\u064e\u0648\u064e\u0633\u064f\u0644\u0650",
                    "labelerLogin": "Yalda2HITL",
                    "createdAt": "2022-07-18T14:24:34.490Z",
                    "updatedAt": "2022-07-18T14:24:34.490Z"
                }
            ],
            "classTitle": "Title",
            "points": {
                "exterior": [
                    [
                        372,
                        680
                    ],
                    [
                        1387,
                        930
                    ]
                ],
                "interior": []
            }
        },
        {
            "id": 972013749,
            "classId": 10214732,
            "description": "",
            "geometryType": "rectangle",
            "labelerLogin": "Yalda2HITL",
            "createdAt": "2022-07-18T14:24:34.489Z",
            "updatedAt": "2022-07-18T14:24:34.489Z",
            "tags": [],
            "classTitle": "Body text",
            "points": {
                "exterior": [
                    [
                        701,
                        987
                    ],
                    [
                        1077,
                        1080
                    ]
                ],
                "interior": []
            }
        },
        {
            "id": 972013750,
            "classId": 10214732,
            "description": "",
            "geometryType": "rectangle",
            "labelerLogin": "Yalda2HITL",
            "createdAt": "2022-07-18T14:24:34.489Z",
            "updatedAt": "2022-07-18T14:24:34.489Z",
            "tags": [],
            "classTitle": "Body text",
            "points": {
                "exterior": [
                    [
                        836,
                        1201
                    ],
                    [
                        962,
                        1249
                    ]
                ],
                "interior": []
            }
        },
        {
            "id": 972013897,
            "classId": 10214732,
            "description": "",
            "geometryType": "rectangle",
            "labelerLogin": "Yalda2HITL",
            "createdAt": "2022-07-18T14:24:34.489Z",
            "updatedAt": "2022-07-18T14:24:34.489Z",
            "tags": [],
            "classTitle": "Body text",
            "points": {
                "exterior": [
                    [
                        755,
                        1262
                    ],
                    [
                        1033,
                        1324
                    ]
                ],
                "interior": []
            }
        },
        {
            "id": 972013898,
            "classId": 10214732,
            "description": "",
            "geometryType": "rectangle",
            "labelerLogin": "Yalda2HITL",
            "createdAt": "2022-07-18T14:24:34.489Z",
            "updatedAt": "2022-07-18T14:24:34.489Z",
            "tags": [],
            "classTitle": "Body text",
            "points": {
                "exterior": [
                    [
                        642,
                        1343
                    ],
                    [
                        1152,
                        1403
                    ]
                ],
                "interior": []
            }
        },
        {
            "id": 972013899,
            "classId": 10214732,
            "description": "",
            "geometryType": "rectangle",
            "labelerLogin": "Yalda2HITL",
            "createdAt": "2022-07-18T14:24:34.489Z",
            "updatedAt": "2022-07-18T14:24:34.489Z",
            "tags": [],
            "classTitle": "Body text",
            "points": {
                "exterior": [
                    [
                        836,
                        1420
                    ],
                    [
                        960,
                        1466
                    ]
                ],
                "interior": []
            }
        },
        {
            "id": 972013900,
            "classId": 10214732,
            "description": "",
            "geometryType": "rectangle",
            "labelerLogin": "Yalda2HITL",
            "createdAt": "2022-07-18T14:24:34.489Z",
            "updatedAt": "2022-07-18T14:24:34.489Z",
            "tags": [],
            "classTitle": "Body text",
            "points": {
                "exterior": [
                    [
                        745,
                        2150
                    ],
                    [
                        1082,
                        2274
                    ]
                ],
                "interior": []
            }
        },
        {
            "id": 972013870,
            "classId": 10214730,
            "description": "",
            "geometryType": "polygon",
            "labelerLogin": "Yalda2HITL",
            "createdAt": "2022-07-18T14:24:34.489Z",
            "updatedAt": "2022-07-18T14:24:34.489Z",
            "tags": [],
            "classTitle": "Page",
            "points": {
                "exterior": [
                    [
                        182,
                        364
                    ],
                    [
                        1624,
                        368
                    ],
                    [
                        1667,
                        1021
                    ],
                    [
                        1769,
                        2343
                    ],
                    [
                        1764,
                        2378
                    ],
                    [
                        1753,
                        2394
                    ],
                    [
                        1710,
                        2394
                    ],
                    [
                        1668,
                        2400
                    ],
                    [
                        113,
                        2424
                    ]
                ],
                "interior": []
            }
        }
    ]
}