{
    "description": "",
    "tags": [],
    "size": {
        "height": 4000,
        "width": 3000
    },
    "objects": [
        {
            "id": 972021940,
            "classId": 10214730,
            "description": "",
            "geometryType": "polygon",
            "labelerLogin": "Yalda2HITL",
            "createdAt": "2022-07-18T14:29:02.013Z",
            "updatedAt": "2022-07-18T14:29:02.013Z",
            "tags": [],
            "classTitle": "Page",
            "points": {
                "exterior": [
                    [
                        496,
                        505
                    ],
                    [
                        1173,
                        498
                    ],
                    [
                        1894,
                        476
                    ],
                    [
                        2511,
                        473
                    ],
                    [
                        2542,
                        865
                    ],
                    [
                        2599,
                        2289
                    ],
                    [
                        2647,
                        3328
                    ],
                    [
                        2655,
                        3561
                    ],
                    [
                        2658,
                        3588
                    ],
                    [
                        2617,
                        3590
                    ],
                    [
                        2581,
                        3589
                    ],
                    [
                        1798,
                        3583
                    ],
                    [
                        955,
                        3571
                    ],
                    [
                        264,
                        3567
                    ],
                    [
                        340,
                        2679
                    ],
                    [
                        422,
                        1681
                    ],
                    [
                        480,
                        857
                    ]
                ],
                "interior": []
            }
        },
        {
            "id": 972021941,
            "classId": 10214731,
            "description": "",
            "geometryType": "rectangle",
            "labelerLogin": "Yalda2HITL",
            "createdAt": "2022-07-18T14:29:02.013Z",
            "updatedAt": "2022-07-18T14:29:02.013Z",
            "tags": [
                {
                    "id": 151023921,
                    "tagId": 30308107,
                    "name": "Transcription",
                    "value": "\u062a\u0641\u0643\u0631\u0627\u062a \u0645\u0633\u062a\u0642\u0628\u0644\u064a\u0629",
                    "labelerLogin": "Yalda2HITL",
                    "createdAt": "2022-07-18T14:29:02.013Z",
                    "updatedAt": "2022-07-18T14:29:02.013Z"
                }
            ],
            "classTitle": "Title",
            "points": {
                "exterior": [
                    [
                        734,
                        773
                    ],
                    [
                        2268,
                        1041
                    ]
                ],
                "interior": []
            }
        },
        {
            "id": 972021728,
            "classId": 10214732,
            "description": "",
            "geometryType": "rectangle",
            "labelerLogin": "Yalda2HITL",
            "createdAt": "2022-07-18T14:29:02.013Z",
            "updatedAt": "2022-07-18T14:29:02.013Z",
            "tags": [],
            "classTitle": "Body text",
            "points": {
                "exterior": [
                    [
                        1198,
                        606
                    ],
                    [
                        1786,
                        735
                    ]
                ],
                "interior": []
            }
        },
        {
            "id": 972021939,
            "classId": 10214732,
            "description": "",
            "geometryType": "rectangle",
            "labelerLogin": "Yalda2HITL",
            "createdAt": "2022-07-18T14:29:02.013Z",
            "updatedAt": "2022-07-18T14:29:02.013Z",
            "tags": [],
            "classTitle": "Body text",
            "points": {
                "exterior": [
                    [
                        1002,
                        2784
                    ],
                    [
                        1951,
                        2933
                    ]
                ],
                "interior": []
            }
        },
        {
            "id": 972021729,
            "classId": 10214732,
            "description": "",
            "geometryType": "rectangle",
            "labelerLogin": "Yalda2HITL",
            "createdAt": "2022-07-18T14:29:02.013Z",
            "updatedAt": "2022-07-18T14:29:02.013Z",
            "tags": [],
            "classTitle": "Body text",
            "points": {
                "exterior": [
                    [
                        661,
                        2959
                    ],
                    [
                        2311,
                        3124
                    ]
                ],
                "interior": []
            }
        },
        {
            "id": 972021937,
            "classId": 10214732,
            "description": "",
            "geometryType": "rectangle",
            "labelerLogin": "Yalda2HITL",
            "createdAt": "2022-07-18T14:29:02.013Z",
            "updatedAt": "2022-07-18T14:29:02.013Z",
            "tags": [],
            "classTitle": "Body text",
            "points": {
                "exterior": [
                    [
                        1113,
                        3271
                    ],
                    [
                        1699,
                        3348
                    ]
                ],
                "interior": []
            }
        },
        {
            "id": 972021938,
            "classId": 10214732,
            "description": "",
            "geometryType": "rectangle",
            "labelerLogin": "Yalda2HITL",
            "createdAt": "2022-07-18T14:29:02.013Z",
            "updatedAt": "2022-07-18T14:29:02.013Z",
            "tags": [],
            "classTitle": "Body text",
            "points": {
                "exterior": [
                    [
                        1110,
                        3343
                    ],
                    [
                        1690,
                        3394
                    ]
                ],
                "interior": []
            }
        }
    ]
}