{
    "description": "",
    "tags": [],
    "size": {
        "height": 2013,
        "width": 2484
    },
    "objects": [
        {
            "id": 972020903,
            "classId": 10214730,
            "description": "",
            "geometryType": "polygon",
            "labelerLogin": "Yalda2HITL",
            "createdAt": "2022-07-18T14:27:10.199Z",
            "updatedAt": "2022-07-18T14:27:10.199Z",
            "tags": [],
            "classTitle": "Page",
            "points": {
                "exterior": [
                    [
                        917,
                        262
                    ],
                    [
                        914,
                        271
                    ],
                    [
                        914,
                        278
                    ],
                    [
                        912,
                        287
                    ],
                    [
                        917,
                        442
                    ],
                    [
                        929,
                        724
                    ],
                    [
                        960,
                        1564
                    ],
                    [
                        961,
                        1689
                    ],
                    [
                        966,
                        1771
                    ],
                    [
                        967,
                        1841
                    ],
                    [
                        979,
                        1852
                    ],
                    [
                        985,
                        1870
                    ],
                    [
                        1006,
                        1865
                    ],
                    [
                        1038,
                        1859
                    ],
                    [
                        1065,
                        1855
                    ],
                    [
                        1149,
                        1843
                    ],
                    [
                        1232,
                        1835
                    ],
                    [
                        1332,
                        1829
                    ],
                    [
                        1429,
                        1825
                    ],
                    [
                        1489,
                        1822
                    ],
                    [
                        1591,
                        1820
                    ],
                    [
                        1709,
                        1819
                    ],
                    [
                        1788,
                        1815
                    ],
                    [
                        1905,
                        1815
                    ],
                    [
                        2055,
                        1812
                    ],
                    [
                        2080,
                        1811
                    ],
                    [
                        2095,
                        1811
                    ],
                    [
                        2105,
                        1808
                    ],
                    [
                        2114,
                        1807
                    ],
                    [
                        2122,
                        1804
                    ],
                    [
                        1996,
                        391
                    ],
                    [
                        1984,
                        233
                    ],
                    [
                        1982,
                        231
                    ],
                    [
                        1978,
                        229
                    ],
                    [
                        1970,
                        229
                    ],
                    [
                        1954,
                        228
                    ],
                    [
                        1940,
                        229
                    ],
                    [
                        1847,
                        236
                    ],
                    [
                        1657,
                        248
                    ],
                    [
                        1504,
                        258
                    ],
                    [
                        1408,
                        263
                    ],
                    [
                        1324,
                        266
                    ],
                    [
                        1245,
                        269
                    ],
                    [
                        1121,
                        269
                    ],
                    [
                        1032,
                        268
                    ],
                    [
                        938,
                        259
                    ],
                    [
                        922,
                        256
                    ]
                ],
                "interior": []
            }
        },
        {
            "id": 972020902,
            "classId": 10214731,
            "description": "",
            "geometryType": "rectangle",
            "labelerLogin": "Yalda2HITL",
            "createdAt": "2022-07-18T14:27:10.199Z",
            "updatedAt": "2022-07-18T14:27:10.199Z",
            "tags": [
                {
                    "id": 151023729,
                    "tagId": 30308107,
                    "name": "Transcription",
                    "value": "\u0623\u0637\u064a\u0627\u0641 \u0627\u0644\u062e\u0644\u0648\u062f",
                    "labelerLogin": "Yalda2HITL",
                    "createdAt": "2022-07-18T14:27:10.199Z",
                    "updatedAt": "2022-07-18T14:27:10.199Z"
                }
            ],
            "classTitle": "Title",
            "points": {
                "exterior": [
                    [
                        1007,
                        378
                    ],
                    [
                        1868,
                        586
                    ]
                ],
                "interior": []
            }
        },
        {
            "id": 972020909,
            "classId": 10214732,
            "description": "",
            "geometryType": "rectangle",
            "labelerLogin": "Yalda2HITL",
            "createdAt": "2022-07-18T14:27:10.199Z",
            "updatedAt": "2022-07-18T14:27:10.199Z",
            "tags": [],
            "classTitle": "Body text",
            "points": {
                "exterior": [
                    [
                        1029,
                        566
                    ],
                    [
                        1866,
                        671
                    ]
                ],
                "interior": []
            }
        },
        {
            "id": 972020905,
            "classId": 10214732,
            "description": "",
            "geometryType": "rectangle",
            "labelerLogin": "Yalda2HITL",
            "createdAt": "2022-07-18T14:27:10.199Z",
            "updatedAt": "2022-07-18T14:27:10.199Z",
            "tags": [],
            "classTitle": "Body text",
            "points": {
                "exterior": [
                    [
                        1246,
                        1179
                    ],
                    [
                        1362,
                        1243
                    ]
                ],
                "interior": []
            }
        },
        {
            "id": 972020904,
            "classId": 10214732,
            "description": "",
            "geometryType": "rectangle",
            "labelerLogin": "Yalda2HITL",
            "createdAt": "2022-07-18T14:27:10.199Z",
            "updatedAt": "2022-07-18T14:27:10.199Z",
            "tags": [],
            "classTitle": "Body text",
            "points": {
                "exterior": [
                    [
                        1090,
                        1228
                    ],
                    [
                        1533,
                        1375
                    ]
                ],
                "interior": []
            }
        },
        {
            "id": 972020908,
            "classId": 10214732,
            "description": "",
            "geometryType": "rectangle",
            "labelerLogin": "Yalda2HITL",
            "createdAt": "2022-07-18T14:27:10.199Z",
            "updatedAt": "2022-07-18T14:27:10.199Z",
            "tags": [],
            "classTitle": "Body text",
            "points": {
                "exterior": [
                    [
                        1112,
                        1354
                    ],
                    [
                        1519,
                        1415
                    ]
                ],
                "interior": []
            }
        },
        {
            "id": 972020907,
            "classId": 10214732,
            "description": "",
            "geometryType": "rectangle",
            "labelerLogin": "Yalda2HITL",
            "createdAt": "2022-07-18T14:27:10.199Z",
            "updatedAt": "2022-07-18T14:27:10.199Z",
            "tags": [],
            "classTitle": "Body text",
            "points": {
                "exterior": [
                    [
                        1116,
                        1399
                    ],
                    [
                        1522,
                        1457
                    ]
                ],
                "interior": []
            }
        },
        {
            "id": 972020911,
            "classId": 10214732,
            "description": "",
            "geometryType": "rectangle",
            "labelerLogin": "Yalda2HITL",
            "createdAt": "2022-07-18T14:27:10.199Z",
            "updatedAt": "2022-07-18T14:27:10.199Z",
            "tags": [],
            "classTitle": "Body text",
            "points": {
                "exterior": [
                    [
                        1120,
                        1442
                    ],
                    [
                        1528,
                        1501
                    ]
                ],
                "interior": []
            }
        },
        {
            "id": 972020910,
            "classId": 10214732,
            "description": "",
            "geometryType": "rectangle",
            "labelerLogin": "Yalda2HITL",
            "createdAt": "2022-07-18T14:27:10.199Z",
            "updatedAt": "2022-07-18T14:27:10.199Z",
            "tags": [],
            "classTitle": "Body text",
            "points": {
                "exterior": [
                    [
                        1496,
                        1632
                    ],
                    [
                        1546,
                        1662
                    ]
                ],
                "interior": []
            }
        },
        {
            "id": 972020906,
            "classId": 10214732,
            "description": "",
            "geometryType": "rectangle",
            "labelerLogin": "Yalda2HITL",
            "createdAt": "2022-07-18T14:27:10.199Z",
            "updatedAt": "2022-07-18T14:27:10.199Z",
            "tags": [],
            "classTitle": "Body text",
            "points": {
                "exterior": [
                    [
                        1487,
                        1667
                    ],
                    [
                        1565,
                        1702
                    ]
                ],
                "interior": []
            }
        }
    ]
}