{
    "description": "",
    "tags": [],
    "size": {
        "height": 5312,
        "width": 2988
    },
    "objects": [
        {
            "id": 972020851,
            "classId": 10214730,
            "description": "",
            "geometryType": "polygon",
            "labelerLogin": "Yalda2HITL",
            "createdAt": "2022-07-18T14:27:10.199Z",
            "updatedAt": "2022-07-18T14:27:10.199Z",
            "tags": [],
            "classTitle": "Page",
            "points": {
                "exterior": [
                    [
                        294,
                        1137
                    ],
                    [
                        285,
                        1143
                    ],
                    [
                        276,
                        1150
                    ],
                    [
                        269,
                        1172
                    ],
                    [
                        270,
                        1192
                    ],
                    [
                        270,
                        1212
                    ],
                    [
                        268,
                        1347
                    ],
                    [
                        270,
                        1512
                    ],
                    [
                        274,
                        1547
                    ],
                    [
                        272,
                        1562
                    ],
                    [
                        270,
                        1574
                    ],
                    [
                        267,
                        1587
                    ],
                    [
                        271,
                        1812
                    ],
                    [
                        275,
                        2197
                    ],
                    [
                        275,
                        2552
                    ],
                    [
                        274,
                        2917
                    ],
                    [
                        272,
                        3263
                    ],
                    [
                        269,
                        3493
                    ],
                    [
                        265,
                        3829
                    ],
                    [
                        262,
                        4116
                    ],
                    [
                        259,
                        4123
                    ],
                    [
                        256,
                        4128
                    ],
                    [
                        256,
                        4132
                    ],
                    [
                        256,
                        4137
                    ],
                    [
                        256,
                        4140
                    ],
                    [
                        259,
                        4142
                    ],
                    [
                        261,
                        4137
                    ],
                    [
                        263,
                        4127
                    ],
                    [
                        264,
                        4144
                    ],
                    [
                        263,
                        4179
                    ],
                    [
                        265,
                        4263
                    ],
                    [
                        265,
                        4307
                    ],
                    [
                        267,
                        4322
                    ],
                    [
                        274,
                        4331
                    ],
                    [
                        355,
                        4399
                    ],
                    [
                        365,
                        4403
                    ],
                    [
                        378,
                        4404
                    ],
                    [
                        389,
                        4404
                    ],
                    [
                        401,
                        4402
                    ],
                    [
                        411,
                        4400
                    ],
                    [
                        523,
                        4387
                    ],
                    [
                        765,
                        4354
                    ],
                    [
                        958,
                        4330
                    ],
                    [
                        1062,
                        4319
                    ],
                    [
                        1120,
                        4315
                    ],
                    [
                        1193,
                        4307
                    ],
                    [
                        1422,
                        4286
                    ],
                    [
                        1535,
                        4286
                    ],
                    [
                        1892,
                        4275
                    ],
                    [
                        2460,
                        4275
                    ],
                    [
                        2477,
                        4279
                    ],
                    [
                        2497,
                        4278
                    ],
                    [
                        2508,
                        4275
                    ],
                    [
                        2518,
                        4276
                    ],
                    [
                        2528,
                        4278
                    ],
                    [
                        2534,
                        4281
                    ],
                    [
                        2538,
                        4282
                    ],
                    [
                        2538,
                        4277
                    ],
                    [
                        2544,
                        4276
                    ],
                    [
                        2556,
                        4276
                    ],
                    [
                        2563,
                        4276
                    ],
                    [
                        2575,
                        4272
                    ],
                    [
                        2580,
                        4269
                    ],
                    [
                        2585,
                        4263
                    ],
                    [
                        2589,
                        4257
                    ],
                    [
                        2589,
                        4251
                    ],
                    [
                        2590,
                        4243
                    ],
                    [
                        2593,
                        4234
                    ],
                    [
                        2593,
                        4231
                    ],
                    [
                        2593,
                        4221
                    ],
                    [
                        2595,
                        4215
                    ],
                    [
                        2595,
                        4207
                    ],
                    [
                        2595,
                        4200
                    ],
                    [
                        2599,
                        4192
                    ],
                    [
                        2599,
                        4180
                    ],
                    [
                        2598,
                        4172
                    ],
                    [
                        2593,
                        4120
                    ],
                    [
                        2593,
                        4097
                    ],
                    [
                        2594,
                        4093
                    ],
                    [
                        2595,
                        4079
                    ],
                    [
                        2591,
                        3971
                    ],
                    [
                        2589,
                        3962
                    ],
                    [
                        2589,
                        3942
                    ],
                    [
                        2588,
                        3933
                    ],
                    [
                        2591,
                        3930
                    ],
                    [
                        2596,
                        3926
                    ],
                    [
                        2598,
                        3917
                    ],
                    [
                        2598,
                        3910
                    ],
                    [
                        2598,
                        3905
                    ],
                    [
                        2599,
                        3896
                    ],
                    [
                        2599,
                        3891
                    ],
                    [
                        2599,
                        3885
                    ],
                    [
                        2600,
                        3876
                    ],
                    [
                        2600,
                        3872
                    ],
                    [
                        2599,
                        3869
                    ],
                    [
                        2598,
                        3867
                    ],
                    [
                        2598,
                        3863
                    ],
                    [
                        2600,
                        3861
                    ],
                    [
                        2600,
                        3859
                    ],
                    [
                        2599,
                        3856
                    ],
                    [
                        2599,
                        3849
                    ],
                    [
                        2602,
                        3760
                    ],
                    [
                        2602,
                        3759
                    ],
                    [
                        2604,
                        3758
                    ],
                    [
                        2606,
                        3757
                    ],
                    [
                        2606,
                        3756
                    ],
                    [
                        2604,
                        3753
                    ],
                    [
                        2603,
                        3752
                    ],
                    [
                        2603,
                        3725
                    ],
                    [
                        2603,
                        3707
                    ],
                    [
                        2605,
                        3705
                    ],
                    [
                        2606,
                        3701
                    ],
                    [
                        2606,
                        3681
                    ],
                    [
                        2604,
                        3679
                    ],
                    [
                        2604,
                        3646
                    ],
                    [
                        2605,
                        3643
                    ],
                    [
                        2607,
                        3641
                    ],
                    [
                        2605,
                        3638
                    ],
                    [
                        2604,
                        3636
                    ],
                    [
                        2604,
                        3634
                    ],
                    [
                        2607,
                        3631
                    ],
                    [
                        2607,
                        3627
                    ],
                    [
                        2607,
                        3624
                    ],
                    [
                        2607,
                        3621
                    ],
                    [
                        2609,
                        3618
                    ],
                    [
                        2610,
                        3616
                    ],
                    [
                        2609,
                        3611
                    ],
                    [
                        2607,
                        3609
                    ],
                    [
                        2606,
                        3606
                    ],
                    [
                        2606,
                        3603
                    ],
                    [
                        2607,
                        3598
                    ],
                    [
                        2607,
                        3596
                    ],
                    [
                        2605,
                        3595
                    ],
                    [
                        2603,
                        3595
                    ],
                    [
                        2600,
                        3589
                    ],
                    [
                        2590,
                        3585
                    ],
                    [
                        2589,
                        3581
                    ],
                    [
                        2583,
                        3445
                    ],
                    [
                        2577,
                        3278
                    ],
                    [
                        2567,
                        3083
                    ],
                    [
                        2563,
                        2917
                    ],
                    [
                        2568,
                        2915
                    ],
                    [
                        2569,
                        2910
                    ],
                    [
                        2570,
                        2908
                    ],
                    [
                        2569,
                        2904
                    ],
                    [
                        2561,
                        2904
                    ],
                    [
                        2557,
                        2788
                    ],
                    [
                        2541,
                        2162
                    ],
                    [
                        2525,
                        1443
                    ],
                    [
                        2542,
                        1417
                    ],
                    [
                        2544,
                        1411
                    ],
                    [
                        2546,
                        1404
                    ],
                    [
                        2546,
                        1397
                    ],
                    [
                        2544,
                        1391
                    ],
                    [
                        2545,
                        1296
                    ],
                    [
                        2551,
                        1296
                    ],
                    [
                        2553,
                        1290
                    ],
                    [
                        2554,
                        1281
                    ],
                    [
                        2551,
                        1270
                    ],
                    [
                        2548,
                        1265
                    ],
                    [
                        2541,
                        1261
                    ],
                    [
                        2534,
                        1257
                    ],
                    [
                        2531,
                        1252
                    ],
                    [
                        2528,
                        1241
                    ],
                    [
                        2528,
                        1235
                    ],
                    [
                        2528,
                        1232
                    ],
                    [
                        2531,
                        1229
                    ],
                    [
                        2534,
                        1225
                    ],
                    [
                        2538,
                        1220
                    ],
                    [
                        2538,
                        1216
                    ],
                    [
                        2537,
                        1210
                    ],
                    [
                        2536,
                        1204
                    ],
                    [
                        2538,
                        1199
                    ],
                    [
                        2538,
                        1193
                    ],
                    [
                        2534,
                        1191
                    ],
                    [
                        2527,
                        1194
                    ],
                    [
                        2522,
                        1199
                    ],
                    [
                        2515,
                        1204
                    ],
                    [
                        2512,
                        1206
                    ],
                    [
                        2512,
                        1202
                    ],
                    [
                        2512,
                        1198
                    ],
                    [
                        2509,
                        1190
                    ],
                    [
                        2508,
                        1184
                    ],
                    [
                        2510,
                        1184
                    ],
                    [
                        2514,
                        1184
                    ],
                    [
                        2517,
                        1184
                    ],
                    [
                        2519,
                        1184
                    ],
                    [
                        2519,
                        1182
                    ],
                    [
                        2518,
                        1181
                    ],
                    [
                        2516,
                        1180
                    ],
                    [
                        2516,
                        1178
                    ],
                    [
                        2515,
                        1176
                    ],
                    [
                        2510,
                        1176
                    ],
                    [
                        2506,
                        1178
                    ],
                    [
                        2505,
                        1176
                    ],
                    [
                        2503,
                        1173
                    ],
                    [
                        2500,
                        1169
                    ],
                    [
                        2498,
                        1167
                    ],
                    [
                        2497,
                        1164
                    ],
                    [
                        2495,
                        1159
                    ],
                    [
                        2493,
                        1157
                    ],
                    [
                        2488,
                        1155
                    ],
                    [
                        2385,
                        1156
                    ],
                    [
                        2344,
                        1157
                    ],
                    [
                        2269,
                        1158
                    ],
                    [
                        2221,
                        1160
                    ],
                    [
                        2100,
                        1162
                    ],
                    [
                        1983,
                        1165
                    ],
                    [
                        1808,
                        1170
                    ],
                    [
                        1595,
                        1175
                    ],
                    [
                        1354,
                        1178
                    ],
                    [
                        1129,
                        1178
                    ],
                    [
                        975,
                        1175
                    ],
                    [
                        746,
                        1169
                    ],
                    [
                        597,
                        1158
                    ],
                    [
                        502,
                        1151
                    ],
                    [
                        460,
                        1146
                    ],
                    [
                        391,
                        1138
                    ],
                    [
                        353,
                        1133
                    ],
                    [
                        334,
                        1131
                    ],
                    [
                        332,
                        1130
                    ],
                    [
                        327,
                        1129
                    ],
                    [
                        321,
                        1129
                    ],
                    [
                        315,
                        1129
                    ],
                    [
                        311,
                        1130
                    ],
                    [
                        307,
                        1131
                    ],
                    [
                        300,
                        1135
                    ]
                ],
                "interior": []
            }
        },
        {
            "id": 972020852,
            "classId": 10214731,
            "description": "",
            "geometryType": "rectangle",
            "labelerLogin": "Yalda2HITL",
            "createdAt": "2022-07-18T14:27:10.199Z",
            "updatedAt": "2022-07-18T14:27:10.199Z",
            "tags": [
                {
                    "id": 151023724,
                    "tagId": 30308107,
                    "name": "Transcription",
                    "value": ": \u0627\u0644\u0645\u062c\u062a\u064e\u0645\u0639",
                    "labelerLogin": "Yalda2HITL",
                    "createdAt": "2022-07-18T14:27:10.199Z",
                    "updatedAt": "2022-07-18T14:27:10.199Z"
                }
            ],
            "classTitle": "Title",
            "points": {
                "exterior": [
                    [
                        1578,
                        1362
                    ],
                    [
                        2361,
                        1717
                    ]
                ],
                "interior": []
            }
        },
        {
            "id": 972020946,
            "classId": 10214731,
            "description": "",
            "geometryType": "rectangle",
            "labelerLogin": "Yalda2HITL",
            "createdAt": "2022-07-18T14:27:10.199Z",
            "updatedAt": "2022-07-18T14:27:10.199Z",
            "tags": [
                {
                    "id": 151023751,
                    "tagId": 30308107,
                    "name": "Transcription",
                    "value": "\u0628\u064e\u062a\u064a\u064e\u0629 \u0648\u064e\u062d\u064e\u0631\u0643\u064e\u0629",
                    "labelerLogin": "Yalda2HITL",
                    "createdAt": "2022-07-18T14:27:10.199Z",
                    "updatedAt": "2022-07-18T14:27:10.199Z"
                }
            ],
            "classTitle": "Title",
            "points": {
                "exterior": [
                    [
                        647,
                        1756
                    ],
                    [
                        1833,
                        2017
                    ]
                ],
                "interior": []
            }
        },
        {
            "id": 972020862,
            "classId": 10214732,
            "description": "",
            "geometryType": "rectangle",
            "labelerLogin": "Yalda2HITL",
            "createdAt": "2022-07-18T14:27:10.199Z",
            "updatedAt": "2022-07-18T14:27:10.199Z",
            "tags": [],
            "classTitle": "Body text",
            "points": {
                "exterior": [
                    [
                        1933,
                        1762
                    ],
                    [
                        2348,
                        1843
                    ]
                ],
                "interior": []
            }
        },
        {
            "id": 972020850,
            "classId": 10214732,
            "description": "",
            "geometryType": "rectangle",
            "labelerLogin": "Yalda2HITL",
            "createdAt": "2022-07-18T14:27:10.199Z",
            "updatedAt": "2022-07-18T14:27:10.199Z",
            "tags": [],
            "classTitle": "Body text",
            "points": {
                "exterior": [
                    [
                        2031,
                        1849
                    ],
                    [
                        2351,
                        1917
                    ]
                ],
                "interior": []
            }
        },
        {
            "id": 972020861,
            "classId": 10214732,
            "description": "",
            "geometryType": "rectangle",
            "labelerLogin": "Yalda2HITL",
            "createdAt": "2022-07-18T14:27:10.199Z",
            "updatedAt": "2022-07-18T14:27:10.199Z",
            "tags": [],
            "classTitle": "Body text",
            "points": {
                "exterior": [
                    [
                        901,
                        3838
                    ],
                    [
                        1624,
                        3926
                    ]
                ],
                "interior": []
            }
        },
        {
            "id": 972020864,
            "classId": 10214732,
            "description": "",
            "geometryType": "rectangle",
            "labelerLogin": "Yalda2HITL",
            "createdAt": "2022-07-18T14:27:10.199Z",
            "updatedAt": "2022-07-18T14:27:10.199Z",
            "tags": [],
            "classTitle": "Body text",
            "points": {
                "exterior": [
                    [
                        448,
                        3985
                    ],
                    [
                        890,
                        4079
                    ]
                ],
                "interior": []
            }
        },
        {
            "id": 972020860,
            "classId": 10214732,
            "description": "",
            "geometryType": "rectangle",
            "labelerLogin": "Yalda2HITL",
            "createdAt": "2022-07-18T14:27:10.199Z",
            "updatedAt": "2022-07-18T14:27:10.199Z",
            "tags": [],
            "classTitle": "Body text",
            "points": {
                "exterior": [
                    [
                        395,
                        3737
                    ],
                    [
                        506,
                        3816
                    ]
                ],
                "interior": []
            }
        },
        {
            "id": 972020859,
            "classId": 10214732,
            "description": "",
            "geometryType": "rectangle",
            "labelerLogin": "Yalda2HITL",
            "createdAt": "2022-07-18T14:27:10.199Z",
            "updatedAt": "2022-07-18T14:27:10.199Z",
            "tags": [],
            "classTitle": "Body text",
            "points": {
                "exterior": [
                    [
                        395,
                        3811
                    ],
                    [
                        579,
                        3905
                    ]
                ],
                "interior": []
            }
        },
        {
            "id": 972020835,
            "classId": 10214732,
            "description": "",
            "geometryType": "rectangle",
            "labelerLogin": "Yalda2HITL",
            "createdAt": "2022-07-18T14:27:10.199Z",
            "updatedAt": "2022-07-18T14:27:10.199Z",
            "tags": [],
            "classTitle": "Body text",
            "points": {
                "exterior": [
                    [
                        394,
                        3904
                    ],
                    [
                        536,
                        3989
                    ]
                ],
                "interior": []
            }
        }
    ]
}