{
    "description": "",
    "tags": [],
    "size": {
        "height": 1000,
        "width": 750
    },
    "objects": [
        {
            "id": 972013759,
            "classId": 10214732,
            "description": "",
            "geometryType": "rectangle",
            "labelerLogin": "Yalda2HITL",
            "createdAt": "2022-07-18T14:24:34.489Z",
            "updatedAt": "2022-07-18T14:24:34.489Z",
            "tags": [],
            "classTitle": "Body text",
            "points": {
                "exterior": [
                    [
                        324,
                        232
                    ],
                    [
                        481,
                        258
                    ]
                ],
                "interior": []
            }
        },
        {
            "id": 972013758,
            "classId": 10214732,
            "description": "",
            "geometryType": "rectangle",
            "labelerLogin": "Yalda2HITL",
            "createdAt": "2022-07-18T14:24:34.489Z",
            "updatedAt": "2022-07-18T14:24:34.489Z",
            "tags": [],
            "classTitle": "Body text",
            "points": {
                "exterior": [
                    [
                        323,
                        261
                    ],
                    [
                        507,
                        278
                    ]
                ],
                "interior": []
            }
        },
        {
            "id": 972013753,
            "classId": 10214732,
            "description": "",
            "geometryType": "rectangle",
            "labelerLogin": "Yalda2HITL",
            "createdAt": "2022-07-18T14:24:34.489Z",
            "updatedAt": "2022-07-18T14:24:34.489Z",
            "tags": [],
            "classTitle": "Body text",
            "points": {
                "exterior": [
                    [
                        316,
                        440
                    ],
                    [
                        498,
                        469
                    ]
                ],
                "interior": []
            }
        },
        {
            "id": 972013757,
            "classId": 10214732,
            "description": "",
            "geometryType": "rectangle",
            "labelerLogin": "Yalda2HITL",
            "createdAt": "2022-07-18T14:24:34.489Z",
            "updatedAt": "2022-07-18T14:24:34.489Z",
            "tags": [],
            "classTitle": "Body text",
            "points": {
                "exterior": [
                    [
                        315,
                        521
                    ],
                    [
                        403,
                        540
                    ]
                ],
                "interior": []
            }
        },
        {
            "id": 972013885,
            "classId": 10214732,
            "description": "",
            "geometryType": "rectangle",
            "labelerLogin": "Yalda2HITL",
            "createdAt": "2022-07-18T14:24:34.489Z",
            "updatedAt": "2022-07-18T14:24:34.489Z",
            "tags": [],
            "classTitle": "Body text",
            "points": {
                "exterior": [
                    [
                        316,
                        553
                    ],
                    [
                        384,
                        568
                    ]
                ],
                "interior": []
            }
        },
        {
            "id": 972013751,
            "classId": 10214732,
            "description": "",
            "geometryType": "rectangle",
            "labelerLogin": "Yalda2HITL",
            "createdAt": "2022-07-18T14:24:34.489Z",
            "updatedAt": "2022-07-18T14:24:34.489Z",
            "tags": [],
            "classTitle": "Body text",
            "points": {
                "exterior": [
                    [
                        312,
                        586
                    ],
                    [
                        383,
                        601
                    ]
                ],
                "interior": []
            }
        },
        {
            "id": 972013884,
            "classId": 10214732,
            "description": "",
            "geometryType": "rectangle",
            "labelerLogin": "Yalda2HITL",
            "createdAt": "2022-07-18T14:24:34.489Z",
            "updatedAt": "2022-07-18T14:24:34.489Z",
            "tags": [],
            "classTitle": "Body text",
            "points": {
                "exterior": [
                    [
                        450,
                        762
                    ],
                    [
                        626,
                        780
                    ]
                ],
                "interior": []
            }
        },
        {
            "id": 972013883,
            "classId": 10214732,
            "description": "",
            "geometryType": "rectangle",
            "labelerLogin": "Yalda2HITL",
            "createdAt": "2022-07-18T14:24:34.489Z",
            "updatedAt": "2022-07-18T14:24:34.489Z",
            "tags": [],
            "classTitle": "Body text",
            "points": {
                "exterior": [
                    [
                        309,
                        715
                    ],
                    [
                        334,
                        735
                    ]
                ],
                "interior": []
            }
        },
        {
            "id": 972013882,
            "classId": 10214732,
            "description": "",
            "geometryType": "rectangle",
            "labelerLogin": "Yalda2HITL",
            "createdAt": "2022-07-18T14:24:34.489Z",
            "updatedAt": "2022-07-18T14:24:34.489Z",
            "tags": [],
            "classTitle": "Body text",
            "points": {
                "exterior": [
                    [
                        307,
                        782
                    ],
                    [
                        412,
                        799
                    ]
                ],
                "interior": []
            }
        },
        {
            "id": 972013881,
            "classId": 10214732,
            "description": "",
            "geometryType": "rectangle",
            "labelerLogin": "Yalda2HITL",
            "createdAt": "2022-07-18T14:24:34.489Z",
            "updatedAt": "2022-07-18T14:24:34.489Z",
            "tags": [
                {
                    "id": 151023309,
                    "tagId": 30308107,
                    "name": "Transcription",
                    "value": "\u0627\u0644\u062a\u0631\u0628\u064a\u0629 \u0627\u0644\u0648\u0637\u0646\u064a\u0629",
                    "labelerLogin": "Yalda2HITL",
                    "createdAt": "2022-07-18T14:24:34.490Z",
                    "updatedAt": "2022-07-18T14:24:34.490Z"
                }
            ],
            "classTitle": "Body text",
            "points": {
                "exterior": [
                    [
                        443,
                        400
                    ],
                    [
                        624,
                        437
                    ]
                ],
                "interior": []
            }
        },
        {
            "id": 972013788,
            "classId": 10214730,
            "description": "",
            "geometryType": "polygon",
            "labelerLogin": "Yalda2HITL",
            "createdAt": "2022-07-18T14:24:34.489Z",
            "updatedAt": "2022-07-18T14:24:34.489Z",
            "tags": [],
            "classTitle": "Page",
            "points": {
                "exterior": [
                    [
                        152,
                        103
                    ],
                    [
                        663,
                        113
                    ],
                    [
                        672,
                        875
                    ],
                    [
                        98,
                        888
                    ]
                ],
                "interior": []
            }
        },
        {
            "id": 972013673,
            "classId": 10214732,
            "description": "",
            "geometryType": "rectangle",
            "labelerLogin": "Yalda2HITL",
            "createdAt": "2022-07-18T14:24:34.489Z",
            "updatedAt": "2022-07-18T14:24:34.489Z",
            "tags": [],
            "classTitle": "Body text",
            "points": {
                "exterior": [
                    [
                        308,
                        736
                    ],
                    [
                        353,
                        755
                    ]
                ],
                "interior": []
            }
        },
        {
            "id": 972013672,
            "classId": 10214732,
            "description": "",
            "geometryType": "rectangle",
            "labelerLogin": "Yalda2HITL",
            "createdAt": "2022-07-18T14:24:34.489Z",
            "updatedAt": "2022-07-18T14:24:34.489Z",
            "tags": [],
            "classTitle": "Body text",
            "points": {
                "exterior": [
                    [
                        307,
                        759
                    ],
                    [
                        342,
                        775
                    ]
                ],
                "interior": []
            }
        }
    ]
}