{
    "description": "",
    "tags": [],
    "size": {
        "height": 4000,
        "width": 1872
    },
    "objects": [
        {
            "id": 972013789,
            "classId": 10214731,
            "description": "",
            "geometryType": "rectangle",
            "labelerLogin": "Yalda2HITL",
            "createdAt": "2022-07-18T14:24:34.489Z",
            "updatedAt": "2022-07-18T14:24:34.489Z",
            "tags": [
                {
                    "id": 151023295,
                    "tagId": 30308107,
                    "name": "Transcription",
                    "value": "\u0628\u064a\u0646\u0648\u0643\u0652\u064a\u064f\u0648",
                    "labelerLogin": "Yalda2HITL",
                    "createdAt": "2022-07-18T14:24:34.490Z",
                    "updatedAt": "2022-07-18T14:24:34.490Z"
                }
            ],
            "classTitle": "Title",
            "points": {
                "exterior": [
                    [
                        552,
                        1314
                    ],
                    [
                        1244,
                        1504
                    ]
                ],
                "interior": []
            }
        },
        {
            "id": 972013790,
            "classId": 10214732,
            "description": "",
            "geometryType": "rectangle",
            "labelerLogin": "Yalda2HITL",
            "createdAt": "2022-07-18T14:24:34.489Z",
            "updatedAt": "2022-07-18T14:24:34.489Z",
            "tags": [],
            "classTitle": "Body text",
            "points": {
                "exterior": [
                    [
                        848,
                        1246
                    ],
                    [
                        1260,
                        1306
                    ]
                ],
                "interior": []
            }
        },
        {
            "id": 972013791,
            "classId": 10214732,
            "description": "",
            "geometryType": "rectangle",
            "labelerLogin": "Yalda2HITL",
            "createdAt": "2022-07-18T14:24:34.489Z",
            "updatedAt": "2022-07-18T14:24:34.489Z",
            "tags": [],
            "classTitle": "Body text",
            "points": {
                "exterior": [
                    [
                        540,
                        1524
                    ],
                    [
                        868,
                        1574
                    ]
                ],
                "interior": []
            }
        },
        {
            "id": 972013760,
            "classId": 10214732,
            "description": "",
            "geometryType": "rectangle",
            "labelerLogin": "Yalda2HITL",
            "createdAt": "2022-07-18T14:24:34.489Z",
            "updatedAt": "2022-07-18T14:24:34.489Z",
            "tags": [],
            "classTitle": "Body text",
            "points": {
                "exterior": [
                    [
                        529,
                        1576
                    ],
                    [
                        862,
                        1637
                    ]
                ],
                "interior": []
            }
        },
        {
            "id": 972013761,
            "classId": 10214732,
            "description": "",
            "geometryType": "rectangle",
            "labelerLogin": "Yalda2HITL",
            "createdAt": "2022-07-18T14:24:34.489Z",
            "updatedAt": "2022-07-18T14:24:34.489Z",
            "tags": [],
            "classTitle": "Body text",
            "points": {
                "exterior": [
                    [
                        673,
                        2676
                    ],
                    [
                        1258,
                        2750
                    ]
                ],
                "interior": []
            }
        },
        {
            "id": 972013889,
            "classId": 10214730,
            "description": "",
            "geometryType": "polygon",
            "labelerLogin": "Yalda2HITL",
            "createdAt": "2022-07-18T14:24:34.489Z",
            "updatedAt": "2022-07-18T14:24:34.489Z",
            "tags": [],
            "classTitle": "Page",
            "points": {
                "exterior": [
                    [
                        499,
                        1190
                    ],
                    [
                        1523,
                        1225
                    ],
                    [
                        1473,
                        2849
                    ],
                    [
                        425,
                        2807
                    ],
                    [
                        452,
                        2352
                    ]
                ],
                "interior": []
            }
        }
    ]
}