{
    "description": "",
    "tags": [],
    "size": {
        "height": 4000,
        "width": 1872
    },
    "objects": [
        {
            "id": 972013782,
            "classId": 10214732,
            "description": "",
            "geometryType": "rectangle",
            "labelerLogin": "Yalda2HITL",
            "createdAt": "2022-07-18T14:24:34.489Z",
            "updatedAt": "2022-07-18T14:24:34.489Z",
            "tags": [],
            "classTitle": "Body text",
            "points": {
                "exterior": [
                    [
                        1318,
                        1272
                    ],
                    [
                        1612,
                        1325
                    ]
                ],
                "interior": []
            }
        },
        {
            "id": 972013778,
            "classId": 10214732,
            "description": "",
            "geometryType": "rectangle",
            "labelerLogin": "Yalda2HITL",
            "createdAt": "2022-07-18T14:24:34.489Z",
            "updatedAt": "2022-07-18T14:24:34.489Z",
            "tags": [],
            "classTitle": "Body text",
            "points": {
                "exterior": [
                    [
                        296,
                        2563
                    ],
                    [
                        363,
                        2610
                    ]
                ],
                "interior": []
            }
        },
        {
            "id": 972013781,
            "classId": 10214732,
            "description": "",
            "geometryType": "rectangle",
            "labelerLogin": "Yalda2HITL",
            "createdAt": "2022-07-18T14:24:34.489Z",
            "updatedAt": "2022-07-18T14:24:34.489Z",
            "tags": [],
            "classTitle": "Body text",
            "points": {
                "exterior": [
                    [
                        1354,
                        1344
                    ],
                    [
                        1614,
                        1385
                    ]
                ],
                "interior": []
            }
        },
        {
            "id": 972013779,
            "classId": 10214731,
            "description": "",
            "geometryType": "rectangle",
            "labelerLogin": "Yalda2HITL",
            "createdAt": "2022-07-18T14:24:34.489Z",
            "updatedAt": "2022-07-18T14:24:34.489Z",
            "tags": [
                {
                    "id": 151023292,
                    "tagId": 30308107,
                    "name": "Transcription",
                    "value": "\u0627\u0644\u062a\u0631\u0628\u064a\u064e\u0629\u064f \u0627\u0644\u0648\u0637\u0646\u0650\u064a\u0651\u064e\u0629",
                    "labelerLogin": "Yalda2HITL",
                    "createdAt": "2022-07-18T14:24:34.490Z",
                    "updatedAt": "2022-07-18T14:24:34.490Z"
                }
            ],
            "classTitle": "Title",
            "points": {
                "exterior": [
                    [
                        521,
                        860
                    ],
                    [
                        1316,
                        1043
                    ]
                ],
                "interior": []
            }
        },
        {
            "id": 972013780,
            "classId": 10214732,
            "description": "",
            "geometryType": "rectangle",
            "labelerLogin": "Yalda2HITL",
            "createdAt": "2022-07-18T14:24:34.489Z",
            "updatedAt": "2022-07-18T14:24:34.489Z",
            "tags": [],
            "classTitle": "Body text",
            "points": {
                "exterior": [
                    [
                        289,
                        2740
                    ],
                    [
                        564,
                        2779
                    ]
                ],
                "interior": []
            }
        },
        {
            "id": 972013886,
            "classId": 10214730,
            "description": "",
            "geometryType": "polygon",
            "labelerLogin": "Yalda2HITL",
            "createdAt": "2022-07-18T14:24:34.489Z",
            "updatedAt": "2022-07-18T14:24:34.489Z",
            "tags": [],
            "classTitle": "Page",
            "points": {
                "exterior": [
                    [
                        224,
                        817
                    ],
                    [
                        1073,
                        817
                    ],
                    [
                        1653,
                        812
                    ],
                    [
                        1696,
                        1535
                    ],
                    [
                        1781,
                        2832
                    ],
                    [
                        943,
                        2848
                    ],
                    [
                        197,
                        2866
                    ]
                ],
                "interior": []
            }
        },
        {
            "id": 972013701,
            "classId": 10214731,
            "description": "",
            "geometryType": "rectangle",
            "labelerLogin": "Yalda2HITL",
            "createdAt": "2022-07-18T14:24:34.489Z",
            "updatedAt": "2022-07-18T14:24:34.489Z",
            "tags": [
                {
                    "id": 151023282,
                    "tagId": 30308107,
                    "name": "Transcription",
                    "value": "\u0648\u064e\u0627\u0644\u062a\u0646\u0634\u0650\u0626\u064e\u0629\u064f \u0627\u0644\u0645\u062f\u064e\u0646\u064a\u0651\u064e\u0629",
                    "labelerLogin": "Yalda2HITL",
                    "createdAt": "2022-07-18T14:24:34.490Z",
                    "updatedAt": "2022-07-18T14:24:34.490Z"
                }
            ],
            "classTitle": "Title",
            "points": {
                "exterior": [
                    [
                        478,
                        1039
                    ],
                    [
                        1390,
                        1231
                    ]
                ],
                "interior": []
            }
        },
        {
            "id": 972013703,
            "classId": 10214732,
            "description": "",
            "geometryType": "rectangle",
            "labelerLogin": "Yalda2HITL",
            "createdAt": "2022-07-18T14:24:34.489Z",
            "updatedAt": "2022-07-18T14:24:34.489Z",
            "tags": [],
            "classTitle": "Body text",
            "points": {
                "exterior": [
                    [
                        295,
                        2608
                    ],
                    [
                        409,
                        2662
                    ]
                ],
                "interior": []
            }
        },
        {
            "id": 972013702,
            "classId": 10214732,
            "description": "",
            "geometryType": "rectangle",
            "labelerLogin": "Yalda2HITL",
            "createdAt": "2022-07-18T14:24:34.489Z",
            "updatedAt": "2022-07-18T14:24:34.489Z",
            "tags": [],
            "classTitle": "Body text",
            "points": {
                "exterior": [
                    [
                        295,
                        2661
                    ],
                    [
                        379,
                        2712
                    ]
                ],
                "interior": []
            }
        },
        {
            "id": 972013700,
            "classId": 10214732,
            "description": "",
            "geometryType": "rectangle",
            "labelerLogin": "Yalda2HITL",
            "createdAt": "2022-07-18T14:24:34.489Z",
            "updatedAt": "2022-07-18T14:24:34.489Z",
            "tags": [],
            "classTitle": "Body text",
            "points": {
                "exterior": [
                    [
                        629,
                        2662
                    ],
                    [
                        1136,
                        2703
                    ]
                ],
                "interior": []
            }
        }
    ]
}